Judul Berita;Sumber;Kelas
50 Kata-kata Tahun Baru 2026 Kuda Api: Cara menjinakkan energi liar menjadi cuan melimpah;Brilio;
Gaji Rp10 juta utuh tanpa potongan? Cek skema 'PPh Ditanggung Pemerintah' yang wajib kamu tahu;Brilio;
100 Kata-kata motivasi kerja keras untuk diri sendiri, penguat hati di tengah tuntutan hidup;Brilio;
100 Kata-kata cinta penuh kesetiaan tanpa posesif, dewasa dan saling percaya;Brilio;
5 Cara menyimpan cabai agar awet dan tidak busuk tanpa kulkas;Brilio;
Bukan diasah, wanita ini bagikan rahasia pisau blender tetap tajam dan anti karat;Brilio;
Cara membersihkan pestisida di apel sampai tuntas, riset membuktikan ternyata bukan pakai air keran;Brilio;
5 Resep ayam goreng 30 menit yang renyah dan juicy, sekali coba pasti mau lagi;Brilio;
5 Resep masakan harian dari bahan simpel di dapur, masaknya gampang;Brilio;
Cara menanam bawang putih dari sisa dapur, gampang banget buat pemula;Brilio;
Wajan teflon berkerak? Ini 7 trik rahasia membersihkannya agar awet seperti baru;Brilio;
5 Cara menghilangkan kerak minyak di dinding dapur dengan bahan rumahan;Brilio;
Kulkas bebas bau dan higienis dalam 5 langkah, andalkan baking soda dan cuka;Brilio;
Kompor kinclong lagi! Ini 7 trik rahasia hilangkan kerak tanpa capek menggosok;Brilio;
Polda Metro Jaya tetapkan Richard Lee sebagai tersangka kasus perlindungan konsumen;Brilio;
9 Potret kenangan Andhara Early dan Bugi Ramadhana: 14 Tahun bersama sebelum resmi cerai;Brilio;
Resmi berpisah, Andhara Early sebut hubungannya dengan Bugi Ramadhana sudah tidak sehat;Brilio;
Pria ini kasih tahu cara ronda praktis 800 rumah dalam 5 menit, definisi tepat manfaatkan teknologi;Brilio;
Flappy Bird kembali viral? game versi yang ini cara mainnya unik dengan melipat HP Foldable;Brilio;
Detik-detik Praja IPDN temukan warga Aceh Tamiang tergeletak lemah di lumpur, gerak cepat bahu-membahu;Brilio;
Terpisah 32 tahun pasca terbawa kereta sejak usia 7 tahun, Zainuddin temukan ibu kandung berkat medsos;Brilio;
New Look 2026: Intip 6 potret Luna Maya potong rambut pendek demi 'buang sial';Brilio;
Daftar Bansos Kemensos 2026: Syarat, besaran dana, dan cara cek penerima lewat HP;Brilio;
Hirup udara bebas, Tubagus Joddy resmi lamar kekasih dan mulai hidup baru;Brilio;
Cerah merata tanpa kunyit, ini rahasia scrub buah alami yang ampuh samarkan siku dan lutut hitam;Brilio;
Bukan cuma putih telur, trik angkat komedo hitam di hidung dan dagu cuma pakai 1 rempah dapur;Brilio;
9 Rekomendasi rice cooker low carbo terbaik 1 liter ke atas untuk nasi pulen dan gaya hidup sehat;Brilio;
9 Resep minuman cincau homemade yang manis dan segar, dijamin bikin puas dan nagih setiap tegukan;Brilio;
100 Kata-kata Islami tentang rezeki dan ikhtiar, biar tidak iri pada pencapaian orang lain;Brilio;
Berkah patung macan putih Balongjeruk Kediri: Dari kontroversi viral hingga jadi spot car free day;Brilio;
Punya kamar warna hijau miskin, wanita ini ngide makeover ruangannya, hasilnya malah jadi horor;Brilio;
Kronologi istri Fiersa Besari tertabrak di Stasiun Gambir, pelaku sempat tawarkan damai Rp200 ribu;Brilio;
Aksi heroik Sugianto, WNI yang selamatkan lansia di Korea Selatan terima penghargaan presiden;Brilio;
Potret rumah sementara di Aceh Tamiang, komitmen Presiden Prabowo percepat pemulihan pasca banjir;Brilio;
Pilihan perempuan nikah di usia 19 tahun ini tuai perdebatan, cukup akil baligh atau harus mapan dulu?;Brilio;
Dikritik gegara ucapannya bak nyindir IRT tak ada waktu dengan pasangan, respons Brisia Jodie menohok;Brilio;
Asal simpan jeruk nipis bisa bikin kering meski diletakkan di kulkas, ini solusi jitu mengatasinya;Brilio;
Tak perlu susah payah dikerik pakai pisau, ini cara praktis bersihkan sisik ikan tanpa alat;Brilio;
Tak banyak yang tahu! Ternyata garam bisa bikin alpukat matang dalam sehari, begini cara pakainya;Brilio;
10 Rekomendasi makeup lokal untuk remaja, aman, murah, dan bikin fresh seharian;Brilio;
11 skincare lokal di bawah Rp 200 ribu yang aman buat ibu menyusui dan nggak bikin kulit rewel;Brilio;
10 Rekomendasi produk perawatan rambut kering harga terjangkau, hasilnya bak perawatan di salon;Brilio;
Cek kalender 2026: Intip daftar Libur Nasional dan Cuti Bersama untuk rencana liburanmu;Brilio;
Solidaritas artis untuk Diding Boneng, dari Raffi Ahmad hingga Indro Warkop turun tangan;Brilio;
Penuh romansa! 6 Pasangan artis ini pamer momen mesra sambut Tahun Baru 2026;Brilio;
Estetik dan hangat, 5 sudut taman rumah Siti Badriah yang jadi lokasi quality time bareng Xarena;Brilio;
Cerah merata tanpa kunyit, ini rahasia scrub buah alami yang ampuh samarkan siku dan lutut hitam;Brilio;
Bukan cuma putih telur, trik angkat komedo hitam di hidung dan dagu cuma pakai 1 rempah dapur;Brilio;
Kulit belang dan kusam? Coba trik cerahkan wajah cuma pakai 1 jenis tepung, hasilnya bikin kaget;Brilio;
Tanpa beli tawas, rahasia cerahkan ketiak hitam dan hilangkan bau busuk cuma pakai air bekas beras;Brilio;
Rekomendasi hair care untuk rambut kering karena diwarnai, warna awet & rambut balik lembut;Brilio;
5 Tips memilih brush makeup yang bagus agar hasil makeup lebih flawless;Brilio;
Nggak nyangka, 1 pemanis alami ini bisa atasi pori-pori tersumbat lebih cepat dari masker telur;Brilio;
4 Rekomendasi foundation untuk remaja, ringan di wajah dan aman untuk kulit;Brilio;
5 Rekomendasi concealer brand lokal yang aman untuk kulit sensitif;Brilio;
Tampak 15 tahun lebih muda, trik bikin minuman kolagen alami anti kerutan pakai satu buah;Brilio;
Beredar video jasa foto cium replika Hajar Aswad 100 riyal digemari jemaah Indonesia, ini faktanya;Brilio;
Bukan sekadar band kafe, Covenant bawa cerita dari Manado ke panggung mimpi nasional;Brilio;
Keberatan sistem kuota internet hangus, pasangan suami-istri ajukan gugatan ke Mahkamah Konstitusi;Brilio;
Pesona musim dingin: Gaya seru 6 seleb Tanah Air liburan akhir tahun 2025 ke Negeri Ginseng;Brilio;
Rumah Diding Boneng roboh, Raffi Ahmad langsung utus orang kirim bantuan;Brilio;
Rahasia notasi Ragadupa yang lahir dari jalanan sepi kota Padang;Brilio;
Kisah pasutri muda niat hemat masak di dapur umum kost, malah kena nyinyir menguasai tempat;Brilio;
"Korban banjir Aceh temukan baju Persit lengkap di tumpukan donasi, langsung ""menyala"" saat dicoba!";Brilio;
Atalia Praratya hadiri sidang cerai di PA Bandung, terungkap 6 bulan pisah rumah dengan Ridwan Kamil;Brilio;
Salut! Tinggalkan momen dilantik jadi PPPK, petugas damkar Lebak pilih gercep tangani kebakaran;Brilio;
Dari luar cuma tampak rumah papan, ternyata dalamnya tak kalah dari perumahan mewah, ini 9 potretnya;Brilio;
Gagal raih 3 besar untuk dapat hadiah laptop, aksi kakak untuk sang adik ini bikin terenyuh;Brilio;
Steffi Zamora dan Nino Fernandez sambut kelahiran anak pertama, nama sang buah hati cantik banget;Brilio;
Bocoran cara Apple untuk hilangkan masalah besar di HP lipat, ternyata begini triknya;Brilio;
Rumah berusia 100 tahun milik Diding Boneng ambruk;Brilio;
Tetangga kampung rayakan gelar profesi guru pria ini, warga berbaris mengiringi sepanjang jalan desa;Brilio;
Pengen dapat gaji gede, wanita ini pilih resign dari BUMN, kini bangga jadi TKI di Jepang;Brilio;
Usai pertemuan keluarga dan saran tokoh agama, Inara Rusli cabut laporan terhadap Insanul Fahmi;Brilio;
Perjuangan kakek cicil utang Rp150 ribu pakai uang receh, warganet tergerak patungan malah bikin haru;Brilio;
Curhatan wanita lulusan sarjana ungkap sulitnya dapat kerja, tiga tahun nganggur sampai bikin insecure;Brilio;
Honor bikin HP gaming spek Snapdragon 8 Elite Gen 5 berbaterai jumbo 10.000 mAh? Ini bocorannya;Brilio;
Curhat wanita ngeluh gaji suami kurang dari Rp2 juta per bulan, caranya atur duit bikin ikutan pusing;Brilio;
11 Transformasi rumah sederhana jadi gaya scandinavian, dari biasa aja jadi super estetik;Brilio;
Rejeki tak akan kemana, kisah pria 7 tahun jadi karyawan swasta iseng ikut tes CPNS, langsung lolos;Brilio;
Dari luar tampak biasa saja tapi dalamnya mewah bikin melongo, intip 9 potretnya;Brilio;
Jadi pasangan ikonik di Meteor Garden, ini 9 potret nostalgia kebersamaan Jerry Yan dan Barbie Hsu;Brilio;
Sukses tak selalu kerja kantoran, eks karyawan perusahaan Big 4 ini bangga kini buka warung kelontong;Brilio;
Warisi bakat Sheila Marcia di dunia modeling, ini 9 potret imutnya Leticia Joseph saat masih kecil;Brilio;
13 Billboard dengan desain paling kreatif, konsepnya out of the box jadi bikin orang melongo;Brilio;
Wanita ini renovasi rumah yang dibelinya Rp50 juta, 9 potretnya hasilnya bak hunian di Korea;Brilio;
Video: Seberapa Banyak Cadangan Minyak Venezuela yang Diincar Trump?;Detik;
Video Prabowo Bangga RI Swasembada Beras, Bandingkan dengan Era Soeharto;Detik;
Video: Netflix Bakal Rilis Dokumenter Proses Pembuatan Stranger Things 5;Detik;
Video: Samsung Pamer Proyektor AI di CES 2026;Detik;
Video Kata Ketua KPK soal Kewenangan Penyidik di KUHAP Baru;Detik;
Video: Pelaku Teror Tak Pernah Terungkap, Apa Kabar Kebebasan Berpendapat?;Detik;
Video Tompi-Melaney Ricardo Temui Wapres Gibran Bahas Bantuan untuk Sumatera;Detik;
Video: Pasha Ungu Ditawari Jadi Vokalis di Proyek Kolaborasi Peterpan;Detik;
Video KUHP Baru Atur Demo Wajib Lapor Polisi, Pigai: Saya Belum Baca;Detik;
Video: Geger Pocong di SD Sinjai Sulsel Ternyata Prank, 2 Pelaku Diciduk;Detik;
Video: Tren Skincare 2026;Detik;
Video: Prabowo Gelar Retret di Hambalang, Evaluasi Program Kementerian;Detik;
Video: Utang Puasa Belum Lunas tapi Sudah Ramadhan Lagi, Harus Gimana?;Detik;
Video Rentetan Tembakan di Dekat Istana Presiden Usai Pengganti Maduro Dilantik;Detik;
Video: 6 Negara yang Keluarkan Travel Warning ke Venezuela;Detik;
Video Prabowo: Menurut Survei, Indonesia Jadi Negara Paling Bahagia di Dunia;Detik;
Video Polisi Tetapkan Richard Lee sebagai Tersangka atas Laporan Doktif;Detik;
Video: Emang Bisa Kerja dari Mal Bantu Tingkatkan Ekonomi?;Detik;
Video: Super Flu Masuk RI, Pramono Pastikan di Jakarta Masih Nihil;Detik;
Video: 35 Tahun Menemani, Kartun Doraemon Pamit dari Tayangan TV Nasional;Detik;
Video: Heboh Kemunculan Perkebunan Sawit di Cirebon;Detik;
Video: Tok! Kuota Impor BBM SPBU Swasta Naik 10%;Detik;
Video Pimpinan Demokrat AS Kritik Penangkapan Maduro: Trump Sibuk Perang!;Detik;
Video: Ketemu Toko Buku Mungil Hidden Gem di Pancoran!;Detik;
Video: Update Korban Banjir Bandang di Kepulauan Sitaro, 13 Orang Tewas;Detik;
Video: Lagi dan Lagi! Trump Desak Ibu Hamil Berhenti Konsumsi Tylenol;Detik;
Video: Giliran Ivan Gunawan Dapat Karangan Bunga Absurd dari Andre Taulany;Detik;
Video Gonta-ganti Manajer MU, Semua Gagal Ulangi Era Kejayaan Sir Alex;Detik;
Video: Tren Busana Muslim Wanita di 2026;Detik;
Video: Pungli di Gilimanuk, Per Mobil Bayar Jasa Keset Rp 4 Ribu saat Masuk Kapal;Detik;
IHSG Pecah Rekor Lagi, Makin Dekat Level 9.000!;Detik;
Dibuka Menguat, IHSG Cetak Rekor Tertinggi!;Detik;
IHSG Menguat di Awal Pekan, Simak Aksi Emiten yang Warnai Perdagangan!;Detik;
KNKT Bicara Keselamatan Kapal Wisata di Indonesia;Detik;
Luncurkan Skuad Lengkap, JLM Siap Tancap Gas di Proliga 2026;Detik;
Prabowo Saat Retret: Di Sini Koalisi Kuat Kan? Ketua Partai Ada Semua?;Detik;
Video: Monorel Mangkrak Jakarta Mulai Dibongkar Pekan Ketiga Januari;Detik;
Video: Alasan Prabowo Gelar Retret Kabinet Merah Putih di Awal 2026;Detik;
Video: Momen Pertemuan Xi Jinping Dengan Presiden Korsel Lee Jae Myung di Beijing;Detik;
CIA Simpulkan Loyalis Rezim Cocok Pimpin Venezuela Gantikan Maduro;Detik;
Ratusan Hektare Sawah di Pandeglang Terancam Gagal Panen Usai Kebanjiran;Detik;
Saksi Sebut Terdakwa Chromebook Main ke Rumah Lalu Tiba-tiba Kasih Rp 50 Juta;Detik;
Video Prabowo Bangga RI Swasembada Beras, Bandingkan dengan Era Soeharto;Detik;
Video Tompi-Melaney Ricardo Temui Wapres Gibran Bahas Bantuan untuk Sumatera;Detik;
Maduro Makin Terjepit, Kini Asetnya Dibekukan Swiss;Detik;
Hidup Dalam Ketakutan, Maduro Sempat Tidur di Gudang demi Kelabui AS;Detik;
Tumpukan Sampah Tutupi Jalan di TPS Depok, Warga Protes;Detik;
PR Besar Keamanan Siber RI 2026, Ancaman AI Kian Nyata;Detik;
Selebgram Anrez Adelio Dipolisikan Terkait Dugaan Paksa Pacar Aborsi;Detik;
Kenalan dengan Rain Chain, Pengganti Talang Air yang Bikin Rumah Lebih Estetis;Detik;
Menanam Pohon di IKN Oke, tapi Tak Bisa Sembarang Tanaman;Detik;
Canda Pigai 'Rampas' Kantor Kementerian HAM: Saya Masuk, Kantornya Kosong;Detik;
Daftar SNBP Dulu atau KIP Kuliah Dulu? Begini Urutan yang Tepat;Detik;
Butuh Berapa Lama Sembuh saat Tertular 'Super Flu'? Ini Penjelasan Pakar;Detik;
Lagi-lagi Mobil Lawan Arah, Ujung-ujungnya Diamuk Massa;Detik;
Anrez Adelio Tak Terealisasi Nikahi Icel Usai Hamil Karena Ini;Detik;
Video Kata Ketua KPK soal Kewenangan Penyidik di KUHAP Baru;Detik;
Pengunjung Planetarium Rela Antre Meski Kuota Sudah Penuh: Gambling Aja;Detik;
Marak Modus Baru! Pelanggan Edit Foto Makanan pakai AI agar Bisa Refund;Detik;
Sophie Turner Ungkap Tak Sempat Kencan Usai Rumor Pacaran dengan Chris Martin;Detik;
Pemain Penendang Brutal ke Dada Lawan Dipecat PS Putra Jaya;Detik;
Ini 5 Jenis Mahar yang Tidak Boleh dalam Pernikahan Islam;Detik;
Komplek Pendidikan Terpadu Semua Jenjang Akan Dibangun di IKN;Detik;
Trump: Infrastruktur Venezuela Bisa Dibangun Lagi dalam Hitungan Bulan;Detik;
Video: Pelaku Teror Tak Pernah Terungkap, Apa Kabar Kebebasan Berpendapat?;Detik;
Malaysia Open 2026: Jafar/Felisha Dikalahkan Unggulan Keempat;Detik;
Dirjen Cerita Konsultan Era Nadiem Pernah Minta Dapodik: Saya Tolak, Itu Data Pribadi;Detik;
4 Tahun Beroperasi, Ternyata Fasilitas Ikonik Hotel The Edge Bali Tak Berizin?;Detik;
AS Tangkap Maduro, Kemlu Siapkan Rencana Darurat Evakuasi 37 WNI di Venezuela;Detik;
Buruh-Mahasiswa Demo Kedubes AS, Minta Presiden Venezuela Maduro Dibebaskan;Detik;
Prabowo Kutip Bung Karno Saat Bicara MBG: Perut Lapar Tidak Bisa Menunggu;Detik;
Gempa Darat M 2,2 di Bogor, BPBD Pastikan Tak Ada Bangunan Terdampak;Detik;
Jambret Beraksi Incar Wanita Mau ke Gereja di Jakut, iPhone 16 Raib;Detik;
Kaset & Turntable Jadi AI, Ini Inovasi OLED Samsung yang Bikin Kaget;Detik;
Mantan Bupati Bekasi Ade Kuswara Kembali Jalani Pemeriksaan di KPK;Detik;
7 Blok Huntara di Aceh Tamiang Ditargetkan Rampung 10 Januari;Detik;
Keras! PM Denmark Ancam NATO Bubar Jika AS Caplok Greenland;Detik;
Liverpool dan Juventus Belum Negosiasi Transfer Chiesa;Detik;
Prabowo Geram Ada Oknum Ingin Kaya di Atas Penderitaan Rakyat;Detik;
Video Pedagang Minta Pramono Permudah Akses Jalan Pasar Kombongan;Detik;
Prabowo Guyon Cari Cak Imin di Retret: PKB Harus Diawasi Terus Ini;Detik;
Catat! Begini Tahapan Gejala yang Muncul saat Tertular 'Super Flu';Detik;
IDAI Imbau Anak Bapil-Lemas Tunda Masuk Sekolah: Istirahat hingga Pulih;Detik;
Prabowo Dituntut Terbitkan Perpres Ojol soal Pembagian Upah;Detik;
Warganet Pertanyakan Kandungan 'Matcha Infus', Dokter Soroti Hal Ini;Detik;
China Mau Tambah Jalur Kereta Cepat Jadi 60.000 Km;Detik;
Ada Kebocoran Pipa Gas TGI, ESDM Sebut Bisa Ganggu Lifting Migas;Detik;
Video Rentetan Tembakan di Dekat Istana Presiden Usai Pengganti Maduro Dilantik;Detik;
Wargi Jabar Bisa Daftar! Apresiasi Konektivitas Digital 2026 Buka 13 Kategori;Detik;
Apresiasi Konektivitas Digital 2026 Digelar, Buruan Daftar Sebelum 15 Januari!;Detik;
Pemain-pemain MU Ramai-ramai Melepas Amorim;Detik;
Prabowo soal MBG: 99,99% Berhasil!;Detik;
Prabowo Tonton Video Anak-anak Tunggu MBG: Hei Orang Pinter yang Ngejek, Lihat!;Detik;
Andi Arief: SBY Pertimbangkan Langkah Hukum karena Difitnah Isu Ijazah Jokowi;Detik;
Trump Unggah Foto Penampakan Maduro Diborgol-Ditutup Matanya Usai Ditangkap;Detik;
Buruh Teriak Masih Nombok Meski UMP Jakarta Naik Jadi Rp 5,7 Juta;Detik;
Mini Course Intensif 2 Hari: SPSS & SmartPLS + Integrasi AI;Detik;
Coffee Bean & Tea Leaf;Detik;
detikcourse: SIB Mandiri Batch 4;Detik;
detikcourse VOD: Kelas Analisis Data Microsoft Excel;Detik;
Tips Jitu Keluar dari Friendzone agar Tak Lagi Dianggap sebagai Teman;Fimela;
Mindful Parenting di Tengah Harmoni Karya dan Kehidupan Andien Aisyah;Fimela;
Glamour Reborn, Lanvin Hadirkan Pesona Megah yang Modern;Fimela;
Cute Collaboration Alert! Review Kolaborasi Beauty Paling Gemes Akhir 2025;Fimela;
Menyelami Keindahan dan Kehidupan di Tanjung Kelayang Reserve;Fimela;
Mengenali Masalah Lambung Pada Anak, Terutama Gerd & Intoleransi;Fimela;
Generasi Muda Bangga Berkain: Lewat TikTok Melestarikan Warisan Nusantara;Fimela;
Malam Puncak Gadis Sampul 2025;Fimela;
Intip Tanda Tersembunyi dari Perceraian yang Mendadak;Fimela;
5 Dinamika Hubungan Virgo dan Sagitarius Jangka Panjang;Fimela;
5 Pasangan Zodiak Berlawanan yang Justru Stabil;Fimela;
7 Tanda Seseorang Tetap Bahagia saat Single di Tahun 2026;Fimela;
5 Rekomendasi Tanggal Cantik untuk Menikah di Tahun 2026;Fimela;
5 Alasan Leo dan Libra Bisa Tumbuh Seimbang dalam Hubungan;Fimela;
7 Sikap Menawan Perempuan yang Sangat Disukai Pria;Fimela;
Menguak Fenomena Relationship Anarchy yang Mempengaruhi Seseorang dalam Berkomitmen di 2026;Fimela;
5 Sisi Tenang Taurus saat Menghadapi Tekanan;Fimela;
7 Tips Membersihkan Kerak di Ketel Listrik tanpa Merusak Elemen Pemanas, Praktis Bikin Awet;Fimela;
7 Cara Membersihkan Saringan Minyak yang Kotor dan Berminyak Pekat, Dijamin Kembali Bersih;Fimela;
9 Tips Merawat Emas Tua dan Muda agar Tidak Ganti Warna, Awet Berkilau untuk Investasi;Fimela;
7 Sikap yang Membuatmu Lebih Siap Menerima Jodoh Terbaik;Fimela;
5 Pasangan Zodiak Paling Suka Merayakan Hal Kecil dalam Hidup;Fimela;
5 Pasangan Zodiak yang Sering Bertengkar karena Hal Sepele;Fimela;
Kebiasaan Baru 12 Zodiak setelah Patah Hati;Fimela;
Tanda Kamu Sudah Siap Menikah secara Emosional;Fimela;
Cara Menghadapi Pasangan Clingy tanpa Menyakiti Perasaan;Fimela;
7 Cara Membuat Nasi Kuning dengan Magic Com, Kematangan Sempurna Menggugah Selera;Fimela;
5 Resep Olahan Ubi yang Enak dan Mudah Dibuat, Kreasi Masakan Menggugah Selera;Fimela;
Makanan untuk Mengatasi Asam Lambung: Pilihan Sehat yang Perlu Diketahui;Fimela;
Pasangan Zodiak yang Cintanya Kuat karena Saling Belajar Memahami Perbedaan;Fimela;
7 Zodiak yang Paling Canggung Berkenalan dengan Orang Baru;Fimela;
7 Zodiak yang Paling Siap Menikah di Tahun 2026;Fimela;
7 Sikap Pria yang Menandakan Dia Tak Ingin Kehilanganmu;Fimela;
7 Zodiak yang Menunjukkan Cinta Tulus tanpa Banyak Kata;Fimela;
5 Zodiak yang Diam-Diam Posesif kepada Pasangan;Fimela;
12 Zodiak dan Sikap yang Membantu Hubungan Makin Langgeng;Fimela;
5 Zodiak dengan Sifat Green Flag yang Membuat Pasangan Nyaman;Fimela;
12 Zodiak di 2026 soal Cinta: Ada yang Melangkah Serius, Ada yang Memilih Sendiri;Fimela;
7 Alasan Leo dan Libra Bisa Tumbuh Seimbang;Fimela;
7 Resolusi Tahun Baru untuk Hubungan Lebih Kuat, Wajib Coba!;Fimela;
5 Pasangan Zodiak Minim Komunikasi Verbal tapi Langgeng;Fimela;
Tips 12 Zodiak Menjaga Hubungan Sehat tanpa Drama di 2026;Fimela;
Sleep Divorce Ternyata Bisa Bikin Hubungan Cinta Lebih Bahagia, Benarkah?;Fimela;
Tips untuk 12 Zodiak untuk Menemukan Belahan Jiwa di Tahun 2026;Fimela;
Review Buku Every Day is A Sunny Day When I Am With You;Fimela;
7 Kalimat yang Membuat Hati Langsung Luluh Selain Aku Cinta Kamu;Fimela;
5 Zodiak Paling Cepat Baper Saat Diberikan Perhatian;Fimela;
5 Pasangan Zodiak yang Bisa Jadi Soulmate Kalau Sama-Sama tidak Gengsi;Fimela;
Mengapa ‘High-Effort Boyfriend’ Jadi Tren Kencan Toxic Berikutnya?;Fimela;
7 Tanda Pernikahan Bahagia meski Jarang Posting di Medsos;Fimela;
7 Tanda Hubunganmu Sehat walau Tidak Selalu Romantis;Fimela;
7 Zodiak yang Malas Jatuh Cinta karena Terlalu Sibuk Kerja;Fimela;
5 Hal yang Harus Dilakukan saat Putus Cinta Usia 30-an;Fimela;
3 Zodiak yang Lebih Nyaman Menunjukkan Sayang Lewat Tindakan;Fimela;
5 Cara Menghindari Overthinking dalam Hubungan dan Tetap Realistis;Fimela;
5 Kombinasi Zodiak Harmonis Beserta Tips Menjaga Hubungan;Fimela;
5 Pasangan Zodiak dan Cara Menyelesaikan Konflik;Fimela;
Zodiak yang Dikenal Paling Mudah Tergoda dalam Hubungan;Fimela;
5 Pasangan Zodiak Tak Biasa Ungkapkan Cinta Pakai Kata;Fimela;
5 Tanda Seseorang Tidak Lagi Mencintaimu;Fimela;
Cara 12 Zodiak Tenangkan Diri saat Cintanya Bertepuk Sebelah Tangan;Fimela;
KDRT Membuat Pasangan Kehilangan Rasa Aman dalam Hubungan;Fimela;
Kebiasaan Baru 12 Zodiak saat Punya Pasangan;Fimela;
5 Alasan Umum Pasangan Kehilangan Spark dan Cara Mendapatkannya Kembali;Fimela;
6 Cara Mengambil Langkah Pertama tanpa Takut Ditolak;Fimela;
5 Pasangan Zodiak yang Bisa Langgeng karena Tahu Cara Saling Menenangkan;Fimela;
Girlfriend Fluffer, Istilah dalam Hubungan yang Bikin Pria Justru Mau Serius untuk Perempuan Lain;Fimela;
7 Zodiak yang Akan Jatuh Cinta Lagi di Tahun 2026;Fimela;
Cara 12 Zodiak Bisa Bertemu Belahan Jiwa di Tahun 2026;Fimela;
Rahasia Nyenyak Bersama, Mengapa Metode Tidur Skandinavia Berhasil untuk Banyak Pasangan?;Fimela;
4 Hal yang Dapat Merusak Pernikahan atau Hubungan Jangka Panjang dan Cara Menghindarinya;Fimela;
5 Zodiak yang Paling Rentan Overthinking dalam Hubungan dan Alasannya;Fimela;
5 Pasangan Zodiak dengan Rutinitas Harian Selaras;Fimela;
5 Zodiak yang Mengalami CLBK di Tahun 2026;Fimela;
Tips Cinta untuk 12 Zodiak agar Hubungan Lebih Awet di Tahun 2026;Fimela;
5 Pasangan Zodiak yang Sebaiknya Dihindari agar Hubungan Tetap Sehat;Fimela;
5 Zodiak yang Hafalin Detail Kecil dari Pasangannya;Fimela;
30 Kado Natal untuk Pacar yang Berkesan, Sesuaikan dengan Selera Pasangan;Fimela;
7 Zodiak yang Baik-Baik Saja meski Cintanya Sepihak;Fimela;
5 Tips Cinta Jarak Jauh untuk Hubungan yang Langgeng dan Bahagia;Fimela;
5 Zodiak yang Paling Jujur tentang Rasa Cemburunya;Fimela;
Perubahan Cinta 12 Zodiak di 2026 Versi Gen Z;Fimela;
Hal Sederhana yang Bisa Membuat Pasangan Merasa Aman dan Dicintai;Fimela;
Emotional Availability: Tanda Pasangan Siap Membangun Hubungan Sehat;Fimela;
Apakah Love Language Efektif Menyelamatkan Hubungan? Ini Kata Para Ahli;Fimela;
Terungkap! Ini Alasan Kenapa Pasangan Sering Bertengkar soal Hal Sepele;Fimela;
Mengungkap Silent Treatment: Strategi Menenangkan Diri atau Manipulasi Emosional dalam Hubungan?;Fimela;
Cara Berkomunikasi Asertif tanpa Terdengar Menyalahkan Pasangan;Fimela;
Gaslighting dalam Hubungan: Kenali Tanda Halus yang Sering Tak Disadari;Fimela;
Lebih dari Sekadar Janji Nikah: Memahami Bentuk Keseriusan dalam Relationship;Fimela;
Mengungkap Trust Issue: Luka Masa Lalu Pengaruhi Hubungan Baru;Fimela;
Konflik yang Sehat: Bertengkar yang Justru Membuat Hubungan Lebih Kuat;Fimela;
Mengungkap Alasan Kenapa Sulit Percaya Lagi Setelah Diselingkuhi;Fimela;
Misteri Hati: Kenapa Kita Bertahan di Hubungan yang Tidak Bahagia?;Fimela;
Self-Worth vs Validasi Pasangan: Mana yang Lebih Dominan dalam Hubungan?;Fimela;
Mengurai Overthinking dalam Hubungan: Membedakan Intuisi dan Kecemasan;Fimela;
Mengenal Boundaries: Batasan Sehat agar Tidak Kehilangan Diri Sendiri dan Manfaatnya;Fimela;
Mengungkap Asal-usul Fear of Commitment: Mengapa Kita Takut Berkomitmen?;Fimela;
Fakta Unik: Benarkah Codependent Relationship Itu Cinta atau Justru Ketergantungan Emosional?;Fimela;
Kenapa Putus Cinta Bisa Terasa Seperti Kehilangan Identitas yang Menyakitkan;Fimela;
Ridwan Kamil Akhirnya Ngaku Kenal Aura Kasih, Sang Pengacara Bongkar Hubungan Keduanya;Grid;
Praktisi Hukum Tepis Dugaan Pernikahan Siri Inara-Insan Bisa Gugurkan Laporan Mawa, Berikan Fakta yang Sebenarnya;Grid;
Disorot Isu DM ke Banyak Wanita, Jawaban Anrez Adelio Malah Jadi Sorotan;Grid;
Raffi Ahmad Terseret Isu Pencucian Uang, Sang Asisten Langsung Pasang Badan: Aku Saksi Hidupnya!;Grid;
Terungkap Alasan Ridwan Kamil Sering Sebut Nama Aura Kasih jadi Pantun, Pengacara Singgung Soal Hal Wajar;Grid;
Sopir Diduga Jadi Dalang Utama Bocornya Rekaman CCTV Inara Rusli dan Insanul Fahmi, Ini Penjelasan Kuasa Hukum Saksi;Grid;
7 Rekomendasi Drakor yang Sedang Tayang di Awal 2026 dan Sinopsisnya!;Grid;
Tak Menyangka, Amanda Manopo Akui Terkejut Fajar Sadboy Lolos Audisi Indonesian Idol;Grid;
Pernikahan 14 Tahun Berakhir Cerai, Andhara Early Akui Tak Sanggup Jika Harus Mulai dari Nol Lagi;Grid;
Detik-detik Anak Politisi PKS Dibunuh, Sedang Main HP di Kamar saat Dihampiri Pelaku;Grid;
Buntut Kasus Intimidasi Warga di Garut, Dedi Mulyadi Keluarkan SE yang Wajibkan Desa di Jabar Buka Anggaran di Medsos;Grid;
Diam-diam Poligami, Rumah Tangga Insanul Fahmi dan Inara Rusli Diramal Bakal Alami Banyak Cobaan dari Keluarga Besar;Grid;
22 Luka Ditemukan di Tubuhnya, Terungkap Ucapan Terakhir Anak Politisi PKS Cilegon yang Bikin Pelaku Murka;Grid;
5 Ide Kado Valentine untuk Orang Tua, Berikan Persembahan Terbaik di Hari Kasih Sayang;Grid;
Eks Petinggi KPK Komentari Isu Ridwan Kamil dan Aura Kasih, Bongkar Fakta Uang Koruptor Mengalir Deras ke Wanita Simpanan;Grid;
Hotman Paris Sindir Razman Nasution yang Demen Komentari Kasus Nikita Mirzani, Sentil Nasib Lawannya: Berat Hidup di Ibu Kota?;Grid;
Profil Tubagus Joddy, Mantan Sopir Vanessa Angel yang Baru Saja Lamar Sang Kekasih, Sudah Setahun Bebas dari Penjara;Grid;
Setelah Cerai dari Na Daehoon, Jule Kembali Jadi Sorotan Gegara Video Tanpa Hijab;Grid;
Video Syur Jadi Senjata Anrez Adelio 'Sandera' Icel untuk Layani Nafsunya hingga Hamil 8 Bulan;Grid;
Profil Manohara Odelia Pinot, Aktris yang Pernah Ramai Jadi Korban KDRT Pangeran Malaysia, Kini Gandeng YouTuber Denmark;Grid;
Kronologi Tompi Kritik Pandji Pragiwaksono Soal Gibran 'Ngantuk', sang Musisi Sebut Ptosis Bukan Bahan Lelucon;Grid;
Karina Ranau Datangi Psikiater Usai Suaminya Meninggal, Istri Mendiang Epy Kusnandar Akui Sempat Tak Berani Pulang;Grid;
Kronologi Mahasiswi UNIMA Tewas Tak Wajar di Kamar Kos, Tinggalkan Sepucuk Surat hingga Ngaku Dilecehkan Dosen;Grid;
Profil Lee Je Hoon: Pemeran Ikonik Kim Do Gi di Taxi Driver 3 yang Borong Penghargaan;Grid;
Andhara Early Ungkap soal Hak Asuh Anak hingga Alasan Cerai dari Bugi Ramadhana;Grid;
Kronologi Ibu Melahirkan di Kapal Tanjung Buton, Bertarung dengan Cuaca Buruk tapi Nahas Berujung Meninggal Dunia;Grid;
Awas Baper! 5 Rekomendasi Drama China Tentang Sahabat Jadi Cinta Paling Romantis;Grid;
Dokter Detektif Laporkan Dokter Richard Lee, Polisi Ungkap Duduk Perkara Kasus;Grid;
Kronologi Richard Lee Jadi Tersangka Kasus Perlindungan Konsumen, Dilaporkan Doktif;Grid;
Pisah Usai 14 Tahun Nikah, Andhara Early Bongkar Salah Penyebab Perceraiannya Tak Cuma Masalah Ekonomi;Grid;
Wardatina Mawa Tetap Lanjutkan Laporan Dugaan Perzinaan, Inara Rusli Pilih Ajukan Restorative Justice;Grid;
Dituding Genit ke Banyak Wanita di Tengah Kasus Icel, Anrez Adelio: Wajar Cowok Chat Cewek!;Grid;
Heboh Pernyataan Pandji Pragiwaksosno yang Sindir Orang Jabar Doyan Pilih Pemimpin Artis, Dedi Mulyadi Beri Tanggapan Menohok;Grid;
Richard Lee Sudah ditetapkan Sebagai Tersangka, Absen di Panggilan Pertama hingga Minta Jadwal Ulang;Grid;
Dilaporkan ke Polisi, Anrez Adelio Terancam Hukuman 12 Tahun Penjara;Grid;
Inara Rusli Minta Damai Lewat Restorative Justice Kasus Dugaan Zina, Polisi Sebut Berkas Belum Lengkap;Grid;
Jadwal dan Link Live Streaming Malaysia Open 2026, Ada 9 Wakil Indonesia;Grid;
Empat Tahun SATU Dental, Merayakan Perjalanan dan Dedikasi untuk Senyum Sehat Masyarakat;Grid;
Peran Strategis Tenaga Kesehatan dalam Penanganan dan Tumbuh Kembang Bayi Prematur;Grid;
Rayakan Healthy Beauty from Within, Luna Maya dan Cinta Laura Soroti Pentingnya Perawatan Kulit dari Dalam;Grid;
Belanja Online Tanpa Ribet, Prioritas pada Keaslian dan Kepastian Layanan;Grid;
Rayakan 35 Tahun, Golf House Perkuat Eksistensi Golfer Indonesia Lewat Koleksi XXIO 14;Grid;
6 Ide Nama Bayi Perempuan yang Cantik dan Penuh Makna;Grid;
Pendidikan Anak di Masa Kini, Langkah Bijak Memilih Sekolah yang Tepat;Grid;
Solusi Belanja Cerdas, Ubah Barang Lama Jadi Saldo Digital Lewat Cara Ini;Grid;
Kumpul Seru, Gaya Baru: Panduan Dekorasi dan Menu untuk Hangatkan Momen Keluarga;Grid;
Mom Guilt Menghantui, Ketika Ibu Merasa Tidak Pernah Cukup;Grid;
Lindungi Si Kecil dari Risiko dan Komplikasi Campak dengan Vaksinasi Lengkap;Grid;
Pola Konsumsi Ramadan Kian Dinamis, Membuka Peluang Baru Bagi Marketer;Grid;
Siapkan Sejak Dini, 3 Cara Cerdas Menyiapkan Biaya Pendidikan Anak;Grid;
Rayakan 30 Tahun Tamagotchi, Uniqlo Luncurkan Koleksi UT dan Mainan Eksklusif;Grid;
Rahasia Kulit Glowing Instan Lewat Serum InstaGlow dengan Visible Pink Capsule;Grid;
Rayakan Hari Ibu, Baby Happy Hadirkan Popok Soft & Comfort;Grid;
Akhir Tahun Makin Seru, ChocoDrink Moods On Ramaikan Blok M dengan Cokelat Belgia;Grid;
Cara Sederhana namun Bermakna untuk Mengisi Akhir Tahun, dari Me Time hingga Menikmati Musik Bersama;Grid;
Laser-Assisted Liposuction, Solusi Modern untuk Membentuk Kontur Tubuh Lebih Optimal;Grid;
Menjelajahi Kekayaan Budaya Nusantara dan Ragam Kuliner dalam Pesona Wisata PIK;Grid;
Belanja Akhir Tahun, Konsumen Prioritaskan Kualitas dan Ketahanan Produk;Grid;
Menciptakan Lingkungan Rumah yang Ramah Anak dengan Perlengkapan yang Tepat;Grid;
Bukan Sekadar Tempat Tinggal, Hunian Co-Living di Antasari Tawarkan Kenyamanan dan Pengalaman;Grid;
Ide Hadiah Hari Ibu, Kompor Gas untuk Kenyamanan Memasak Sehari-hari;Grid;
Lewat #HanyaIbuYangBisa, My Baby Ajak Masyarakat Memaknai Peran Ibu Lebih Dalam;Grid;
'Avatar: Fire and Ash' Tayang di Bioskop, James Cameron Ungkap Sisi Pandora yang Lebih Emosional;Grid;
Heavenly Blush Luncurkan MIRUKU, Susu Bebas Laktosa yang Nyaman di Perut;Grid;
Solusi Cerdas untuk Kebutuhan Rumah Tangga dan Gaya Hidup Modern ala AZKO;Grid;
Grid Network Resmi Meraih Penghargaan Media of The Year 2025 Dalam Ajang Seedbacklink Summit 2026;Grid;
Peran Histeroskopi dalam Meningkatkan Keberhasilan Program IVF;Grid;
Merayakan Hari Ibu dengan Cara yang Lebih Personal dan Penuh Arti;Grid;
Wardah Hadirkan Kelas Kecantikan AI, Apresiasi Ibu Sekaligus Torehkan Rekor MURI;Grid;
Lego Ajak Anak Indonesia Asah Kreativitas di Play Champion Competition 2025;Grid;
Masak Sehat Lebih Praktis, Polytron Perkenalkan Air Fryer Oven KitchenMate;Grid;
Kisah Inspiratif Veny Lie, Menghadirkan Pendidikan Inklusif Melalui Musik;Grid;
Rayakan 1.200 Toko, MR.D.I.Y. Hadirkan Promo Hemat dan Hadiah Nasional;Grid;
Slurp&Bounce by Bebelac, Wahana Bermain Inflatable untuk Stimulasi Anak Selama Liburan;Grid;
Film Anime Terbaru 5 Centimeters per Second Directed by Mahkoto Shinkai Tayang 16 Januari 2026 di Bioskop Indonesia;Grid;
Health Inclusivity Index 2025 Dorong Penguatan Sistem Kesehatan yang Lebih Merata;Grid;
Liburan Tanpa Ribet dengan barenbliss 'Holiday Glow Kit' yang Tahan Seharian;Grid;
Perawatan Rambut Modern dengan Formula Skincare untuk Atasi Kerontokan;Grid;
Nussa Hadir Kembali, Menghadirkan Cerita Hangat tentang Janji dan Budi Pekerti;Grid;
Memaknai Kesiapan Perempuan di Tengah Dinamika Peran;Grid;
Grab Rilis '25 Hits of 2025', Ungkap Tren Belanja dan Pesan-Antar di Indonesia;Grid;
Blibli Tiket Hadirkan Ekosistem Digital yang Menekankan Kepastian Pengalaman Pengguna;Grid;
Indonesia Hygiene Forum, Penyakit Gusi Jadi Ancaman Serius Bagi Produktivitas dan Kesehatan;Grid;
Hari Diabetes Dunia 2025, Ajak Masyarakat Kelola Gula Darah untuk Hidup Lebih Sehat dan Bahagia;Grid;
SoKlin Perkuat Dukungan untuk Tim Indonesia di SEA Games Thailand 2025;Grid;
Berbagi Serunya Berilmu, Langkah Nyata Oreo Dukung Akses Pendidikan Anak Yatim Piatu;Grid;
Lewat 'Miles of Smiles', Wilio Ajak Keluarga Indonesia Aktif Bergerak Sambil Berbagi;Grid;
Pilihan Co-Living Kian Beragam, Tiga Kategori Baru Ini Jawab Kebutuhan Hunian Urban;Grid;
Puma Gaungkan Semangat Go Wild Lewat Pre-Race Program Lari Ini;Grid;
Kembali Percaya Diri Usai Career Break, Inisiatif Ini Dukung Perempuan Kembali Berkarier;Grid;
Menjawab Tantangan Era Digital, Playclub by Buumi Hadir sebagai Ruang Bermain & Sosialisasi Anak 5–12 Tahun;Grid;
Rekomendasi Peralatan Dapur Modern, Kompor Tanam dan Cooker Hood Praktis;Grid;
Pengalaman Multisensori UMA Ajak Anak Memahami Keragaman Indonesia Melalui Seni dan Desain;Grid;
Siku dan Lutut Bisa Kembali Cerah Cuma Modal 6 Bahan Alami Ini, Nyesel Baru Tahu Sekarang!;Grid;
Sebentar Lagi Lebaran, Ajak Si Kecil Bikin Kartu Ucapan Idul Fitri Pakai 3 Aplikasi Ini Sambil Manfaatkan Momen Happy Moms Happy Ramadhan, Caranya Gampang Banget!;Grid;
Bantu UMKM Bangkit dari Keterpurukan Akibat Pandemi, Nur Asia Uno Ajak Masyarakat Beli Produk UMKM Lokal;Grid;
Dinikahi Pangeran Kerajaan Ubud, Happy Salma Bangga Bagikan Potret Putri Kecilnya Menari Adat Bali Sambil Tetap Patuhi Protokol Kesehatan;Grid;
Jangan Setiap Hari, Begini Cara Cepat Hamil Setelah Haid dengan Tahu Waktu dan Posisi yang Tepat;Grid;
Happy Moms Happy Ramadan, Coba Atasi Masalah Berat Badan dengan Konsumsi Racikan Ketumbar Seperti Ini;Grid;
Jangan Panik, Terungkap Ada Obat Keputihan Saat Hamil Tua yang Bisa Dibuat di Rumah;Grid;
Mediasi dan Dua Kali Somasi Suami Boiyen Gagal, Pelapor Tempuh Jalur Hukum;Kapanlagi;
Anrez Adelio Klarifikasi Tudingan Hamili Icel Lalu Menghilang;Kapanlagi;
21 Rekomendasi Film Drama Keluarga Indonesia Seru dan Menyentuh, Wajib Ditonton;Kapanlagi;
13 Rekomendasi Film Live Action Anime Terbaik dan Populer dari Berbagai Genre;Kapanlagi;
18 Rekomendasi Drama Jepang Romantis Bikin Baper, Nggak Kalah Seru Dibanding Drakor;Kapanlagi;
Ruben Onsu Jadi Mualaf: Ini 7 Potret Saat umrah;Kapanlagi;
12 Rekomendasi Film Samurai Terbaik dan Populer hingga Saat Ini, Berikan Aksi Super Seru;Kapanlagi;
Potret Elegan Shin Min Ah Jadi House Ambassador Louis Vuitton;Kapanlagi;
10 Rekomendasi Anime Summer 2024 Tema Isekai, Fantasi Aksi - Slice of Life Seru;Kapanlagi;
Anrez Adelio Disebut Suruh Icel Aborsi dan Ingkar Janji Menikah;Kapanlagi;
Denada Terapkan Pengawasan Ekstra Kepada Aisha Aurum yang Sudah Remaja, Akui Posesif;Kapanlagi;
Kirana Larasati Cetak Prestasi, Perempuan Indonesia Pertama Menyelam 120 Meter;Kapanlagi;
Dannia Salsabilla Ulang Tahun ke-25, Rayakan Bareng Cast CINTA SEDALAM RINDU;Kapanlagi;
23 Rekomendasi Film Thailand Rating Tinggi dengan Kisah Terbaik, Layak untuk Ditonton!;Kapanlagi;
20 Rekomendasi Film Hacker Paling Menegangkan, Terbaik Sepanjang Masa;Kapanlagi;
Eksplor Budaya Asia dari Berbagai Era, Asian Civilisation Museum Jadi Destinasi Wajib Saat Liburan ke Singapura;Kapanlagi;
Liburan Bareng Bestie Makin Pecah, Jelajahi Keseruan HomeTeamNS Khatib di Singapura;Kapanlagi;
Menepi Sejenak di Tengah Perjalanan, Rasakan Pengalaman Wellness Berbeda di Jewel Changi Airport;Kapanlagi;
Orchard Road Nggak Cuma Punya Uncle Ice Cream, Lanjutkan Jelajah Surga Sporty di adidas Brand Centre!;Kapanlagi;
Rayakan Momen Spesial Bareng Pasangan di Singapore Flyer, Dinner dengan View 360 Derajat Kota Singapura!;Kapanlagi;
Bikin Parfum Sendiri di Singapura: Pengalaman Eksklusif di Oo La Lab;Kapanlagi;
Potret Kebersamaan Desta & Natasha Rizky Remake Foto Keluarga di Korea;Kapanlagi;
(KL KEPO) Randy Martin Spill Pertama Kali Pacaran, Kenakalan Saat Masih SMP Sampai Masuk BK;Kapanlagi;
Putuskan Bercerai, Andhara Early Akui Rumah Tangganya dengan Bugi Ramadhana Tidak Sehat;Kapanlagi;
Dari Novel ke Musikal, Perahu Kertas Hadir dengan Napas Baru;Kapanlagi;
Penyanyi Berusia 6 Tahun, Annisa Dalimunthe Dipercaya Sebagai Special Performance di Indonesia Fashion Runway;Kapanlagi;
Deretan Anak Artis Jadi Gadis Sampul, Ada Putri Cut Tary Hingga Sheila Marcia;Kapanlagi;
KD dan Amora Lemos Tampil Memukau di Panggung Final Gadis Sampul 2025, Pakai Gaun Karya Designer Gen Z!;Kapanlagi;
AGAK LAEN Menyala Pantiku Tembus 10 Juta Penonton, Rekor Baru Sambut Tahun 2026;Kapanlagi;
Jumlah Penonton AGAK LAEN: MENYALA PANTIKU! Sudah Lampaui Film Pertama;Kapanlagi;
'AGAK LAEN: Menyala Pantiku!' Capai 9 Juta Penonton Hari ke-27 Tayang Bioskop, Menyala Terus!;Kapanlagi;
Bene Dion Kaget CFD Jakarta Diserbu Penonton 'AGAK LAEN';Kapanlagi;
Lirik dan Makna Lagu 'Pengganti Aku' dari Raisa, Tentang Kekasih Baru Sang Mantan;Kapanlagi;
Lirik Lengkap Lagu-Lagu Terpopuler Raisa Dari Masa Ke Masa;Kapanlagi;
7 Gaya Asik Raisa di Atas Panggung, Dari Santai Sampai Elegan;Kapanlagi;
Rekaman Lintas Negara, Christian Bautista dan Raisa Satukan Suara di Lagu 'Rainbow';Kapanlagi;
Lirik Lagu-Lagu Terpopuler Feel Koplo, Dijamin Bikin Goyang;Kapanlagi;
Lirik Lagu-Lagu Terpopuler Barasuara, Ada 'PANCARONA' Sampai 'TERBUANG DALAM WAKTU';Kapanlagi;
Lirik Lagu-Lagu Terpopuler Idgitaf, Ada 'SEDIA AKU SEBELUM HUJAN' Dan 'TAKUT';Kapanlagi;
Lirik Lengkap Lagu-Lagu Terpopuler Wali, Ada 'YANK' Sampai 'AKU BUKAN BANG TOYIB';Kapanlagi;
Lirik Lengkap Lagu-Lagu Terpopuler Fiersa Besari, Ada 'APRIL' Sampai 'NADIR';Kapanlagi;
Lirik Lengkap 10 Lagu Terpopuler For Revenge, ada Serana hingga Penyangkalan;Kapanlagi;
20 Rekomendasi Variety Show Korea yang Cocok untuk Self-Healing, Dijamin Bikin Mood Naik!;Kapanlagi;
Jenazah Istri Mansyur S Dimakamkan Diiringi Isak Tangis Keluarga;Kapanlagi;
Eksklusif: Pernyataan Tertulis Melani Mecimapro Jawab Dugaan Penipuan & Soal Refund;Kapanlagi;
16 Rekomendasi Film Anime Standalone yang Rilis 2024, Patut Diantisipasi!;Kapanlagi;
AGAK LAEN: MENYALA PANTIKU Jadi Film Indonesia Terlaris Sepanjang Masa;Kapanlagi;
Momen Tahun Baru Umi Pipik, Wardatina Mawa Jadi Tamu Spesial: Curhat soal Rumah Tangga?;Kapanlagi;
Frislly Herlind Dilamar Difa Ryansyah Usai 2 Tahun Pacaran;Kapanlagi;
Tasya Farasya Rayakan Tahun Baru 2026 dengan Umrah, Mau Nangis Meronta-ronta;Kapanlagi;
7 Potret Perayaan Ultah Dita Karang ke-29: Ucap Syukur!;Kapanlagi;
Mbah Mijan Pensiun Sebagai Paranormal, Kini Fokus Kejar Karir Baru;Kapanlagi;
20 Rekomendasi Anime yang Tawarkan Berbagai Genre Menarik;Kapanlagi;
Steffi Zamora Istri Nino Fernandez Lahirkan Anak Pertama, Wajah Kaia Lanna Fernandez Disembunyikan;Kapanlagi;
15 Rekomendasi Anime Romance Kiss Berisi Adegan Manis dan Mendebarkan;Kapanlagi;
Tiara Savitri Diterima di NYU SPS, Mulan Jameela Bangga;Kapanlagi;
Bunda Corla Cerita Pengalaman Dibenci Calon Mertua, Naysilla Harus Putus Karena Beda Keyakinan;Kapanlagi;
FULL Bunda Corla & Naysilla Mirdad! Dari Masuk Aja Sudah Bikin Heboh;Kapanlagi;
Menjiwai Jadi Mertua Jahat, Penonton Dimarahin Bunda Corla Sampai Nangis;Kapanlagi;
Bunda Corla Cerita Pengalaman Dibenci Calon Mertua, Naysilla Harus Putus Karena Beda Keyakinan;Kapanlagi;
ROCKET ROCKERS: Rumit, Kolaborasi Dengan Rizky Irmansyah, 26 Berkarya, Album Baru;Kapanlagi;
Shabrina Leanor Disakiti Sebelum Manggung, Kisah Di Balik MV Sembuh Kembali;Kapanlagi;
Shabrina Leanor Sering Dikomentari Soal Fisik, Dibilang Gembrot & Dibandingin Sama Winner Idol Lain;Kapanlagi;
Pasangan Visual! ? Angga Yunanda & Shenina Cinnamon Ungkap Rasanya Jadi Lawan Main;Kapanlagi;
Shenina Cinnamon Gak Cemburu Angga Yunanda Main Cewek Lain, Tapi...;Kapanlagi;
Shenina Cinnamon: Semua Orang Harus Tahu Rasanya Jadi Aku Karena Kamu Sempurna;Kapanlagi;
Sneakers Kekinian yang Lagi Jadi Andalan Gen Z, Wajib Masuk Wishlist!;Kapanlagi;
Celana Jeans Ala Anak Skena: Pilihan Straight sampai Baggy yang Wajib Dicoba;Kapanlagi;
Makeup Anti Geser Saat Nonton Konser, 5 Cushion Ini Jadi Favorit Gen Z;Kapanlagi;
Anti Boring, Ini 5 Casing HP Estetik yang Jadi Andalan Gen Z;Kapanlagi;
5 Lampu Tidur Estetik yang Bikin Kamar Gen Z Makin Cozy;Kapanlagi;
Rekomendasi Panci Listrik Serbaguna yang Praktis dan Hemat untuk Anak Kos;Kapanlagi;
15 Rekomendasi Drama Korea Time Travel, Melintasi Waktu ke Masa Lalu Hingga Masa Depan - Drakor Terbaru 'MY PERFECT STRANGER' Jangan Sampai Terlewat;Kapanlagi;
12 Rekomendasi Drama Korea Tentang Pasukan Khusus, Genre Lengkap;Kapanlagi;
15 Rekomendasi Drama Thailand Tentang Perjodohan Keluarga Konglomerat, Bikin Baper;Kapanlagi;
21 Rekomendasi K-Drama yang Tampilkan Kisah Tentang Pengacara Cerdas, Ada EXTRAORDINARY ATTORNEY WOO hingga LAWLESS LAWYER;Kapanlagi;
10 Rekomendasi Film Detektif Korea yang Penuh Teka-teki Menegangkan, Bikin Penasaran;Kapanlagi;
15 Rekomendasi Film Korea yang Bikin Nangis Tentang Orang Tua dan Anak;Kapanlagi;
HOT NEWS!! JENNIFER COPPEN DILAMAR JUSTIN HUBNER;Kapanlagi;
Gilang Dirga Ungkap Kondisi Ayahnya Sebelum Meninggal Dunia: Almarhum Nggak Mau Terlihat Lemah;Kapanlagi;
Kronologi Rumah Komedian Diding Boneng Di Matraman Ambruk Memang Saya Yang Salah;Kapanlagi;
Bella Bonita Istri Denny Caknan Jadi Tukang Parkir Dadakan Gara-Gara Rumahnya Viral Dipakai COD;Kapanlagi;
Anak Olla Ramlan Pasang Badan Setelah Ibunya Dikritik Karena Pacaran Dengan Tristan Molina;Kapanlagi;
DRAMA KELUARGA! David Beckham & Istrinya Ketahuan Unfollow Sang Anak, Ada Masalah Dengan Menantu?;Kapanlagi;
Cerita Michelle Ziudith Terapkan Hidup Ramah Lingkungan, Mulai Kebiasaan Kecil;Kapanlagi;
Disinggung Dulu Kecintaan Sama Vadel, Lolly Meizani Kini Move On: Sudah Dari Kemarin Sadarnya!;Kapanlagi;
Komentar Tobat Resbob Saat Ditangkap Polisi: Minta Maaf & Janji Tak Akan Mengulang;Kapanlagi;
Tren 'Ya Allah Lindungi Bilqis' Viral di TikTok, Ayu Ting Ting Hingga Sejumlah Artis Ikutan Mencoba;Kapanlagi;
[EXCLUSIVE INTERVIEW] Kepoin SHAUN Penyanyi 'WAY BACK HOME', Suka Busking di Hongdae Pas SMA;Kapanlagi;
Yasamin Ngaku Selalu Semangat Casting Karena Suka Tampil di Depan Kamera!;Kapanlagi;
Perjalanan Mercedes Ron di 'CULPA NUESTRA', dari Wattpad ke Layar Lebar;Kapanlagi;
Jirayut Pernah Nyanyi 'Seperti Mati Lampu' Lalu Beneran Mati Lampu;Kapanlagi;
Arbani Yasiz Beberkan Kemiripan 'SAMPAI TITIK TERAKHIRMU' dengan Kejadian Asli;Kapanlagi;
Gilang Gombloh Ceritakan Dapur Rumahnya Alami Kebakaran, Sampai Dilarikan ke IGD;Kapanlagi;
Mawar de Jongh Ungkap Perbedaan 'WHAT'S UP WITH SECRETARY KIM' dengan Versi Asli, Ada Unsur Indonesia;Kapanlagi;
Tony Tony Chopper Kini Punya Mini Anime Sendiri, Episode 1 Resmi Tayang di Youtube;Kapanlagi;
Nita Gunawan Mendaki ke Jungfraujoch Sampai Beli Oksigen;Kapanlagi;
Anrez Adelio Sesalkan Kasus Kehamilan Icel Jadi Konsumsi Publik;Kapanlagi;
7 Potret Irish Bella dan Haldy Sabri Tampil Sweet Selama Umrah;Kapanlagi;
Mantan Suami Jadi Ojol, Andhara Early Pastikan Nafkah Anak Tetap Aman;Kapanlagi;
KUHP Baru Digugat ke MK, Dasco Sebut DPR Tak Bisa Senangkan Semua Pihak;Kompas;
Nenek Elina Kembali Laporkan Samuel dkk ke Polda Jatim, soal Dugaan Pemalsuan Dokumen;Kompas;
Rencana Serangan ke Venezuela Ternyata Bocor, tapi Tak Diberitakan Media AS;Kompas;
Prabowo: Kalau Orang Jahat Mengejek, Berarti Kita Benar;Kompas;
Penjelasan KSAD soal Biaya Pengeboran Sumur di Lokasi Bencana Sumatera Capai Rp 150 Juta;Kompas;
Cetak Rekor Tertinggi Baru, IHSG Ditutup Menguat ke Level 8.933;Kompas;
Apa yang Membuat Harvard Sebut Indonesia Negara Paling Bahagia?;Kompas;
Jaksa Agung dan Panglima Diminta Jelaskan Kehadiran TNI di Ruang Sidang Nadiem;Kompas;
"AS ""Dihajar"" Kawan dan Lawan di DK PBB Usai Serang Venezuela";Kompas;
Tunjangan Hakim Naik: Terendah Rp 46,7 Juta, Tertinggi Rp 110,5 Juta per Bulan;Kompas;
Manohara Minta Tak Lagi Sebut Dirinya Mantan Istri Pangeran Kelantan, Singgung Paksaan dan Etika;Kompas;
Warga Cigobang Merasa Tertipu, Dibilang Tanam Salak, Ternyata Sawit;Kompas;
Jadwal Persib Vs Persija, Rekor Pertemuan, Macan Kemayoran Tanpa Kemenangan;Kompas;
Apa Itu Happy Water yang Pabriknya Digerebek BNN di Jakarta Utara?;Kompas;
"Wamen Stella: 90 Persen Jenius Bukan ""dari Sononya"", Ada 2 Strategi Menciptakannya";Kompas;
Ruben Amorim Dipecat dari Kursi Pelatih Manchester United, Ini 7 Kandidat Penggantinya;Kompas;
Belajar dari Film Materialists, Apakah Finansial Penentu Perempuan Pilih Pasangan?;Kompas;
Hasil Malaysia Open 2026: Jafar/Felisha Angkat Koper di Hari Pertama;Kompas;
INFOGRAFIK: Hoaks Sherly Tjoanda Adakan Kuis Berhadiah, Simak Faktanya;Kompas;
Aismoli Targetkan 75.000 Unit Motor Listrik pada 2026;Kompas;
Rupiah Ditutup Tertekan Terhadap Dollar AS, IHSG Justru Cetak Rekor Tertinggi Hari Ini;Kompas;
Saksi Ungkap Koneksi Internet Jadi Kendala Penggunaan Chromebook di Daerah 3T;Kompas;
Baku Tembak Guncang Istana Presiden Venezuela, Ini Kata Gedung Putih;Kompas;
Tiba-tiba Melunak, Presiden Sementara Venezuela Siap Kerja Sama dengan AS;Kompas;
Lokasi Pembuangan Sampah di PIK 2 Cakung Akan Jadi Ruang Hijau;Kompas;
Peringatkan Kuba Bisa Senasib Venezuela, Trump: Mereka Siap untuk Jatuh;Kompas;
Prabowo: Tidak Mungkin Kita Makmur dan Lepas dari Kemiskinan jika Tak Swasembada Energi-Pangan;Kompas;
Pakai Safari Coklat, Para Menteri Hadiri Retret bareng Prabowo-Gibran di Hambalang;Kompas;
"China-Rusia Tak Akan Berani ""Usik"" AS Setelah Operasi Militer di Venezuela";Kompas;
Dokter Richard Lee Jadi Tersangka atas Laporan Dokter Detektif, Kasus Apa?;Kompas;
Natalius Pigai Sebut Indonesia Cetak Sejarah Jadi Presiden Dewan HAM PBB, Akan Tangani Venezuela;Kompas;
TPS Sampah dekat Rusunawa PIK 2 Cakung Bakal Disulap Jadi Ruang Terbuka Hijau;Kompas;
Terkendala Lahan, Puluhan Desa di Sumenep Tidak Bisa Bangun Gerai Koperasi Merah Putih;Kompas;
Rencana Serangan ke Venezuela Ternyata Bocor, tapi Tak Diberitakan Media AS;Kompas;
Belajar dari Film Materialists, Apakah Finansial Penentu Perempuan Pilih Pasangan?;Kompas;
Maduro: Saya Masih Presiden dan Saya Tidak Bersalah;Kompas;
Pulihkan Sarana Transportasi Warga,Dompet Dhuafa Hadirkan Servis Motor Gratis di Tapanuli Tengah,;Kompas;
Jelang Proliga 2026 Putri, Bank Mandiri Luncurkan Skuad JLM dan Susunan Lengkap Pemain;Kompas;
Mendagri Pastikan Stok Beras untuk Daerah Bencana Aman hingga 6 Bulan ke Depan;Kompas;
China, ASEAN, dan Diplomasi yang Tak Pernah Selesai;Kompas;
Bahaya Normalisasi Nikah Muda Dijual sebagai Kesalehan;Kompas;
Polemik Kenaikan Harga Tiket Museum Nasional;Kompas;
Musik dan Ilusi Waktu;Kompas;
Tak Ada Deforestasi, tapi Longsor Datang: Ada Apa dengan Sumatera?;Kompas;
Setelah Picu Banyak Kecelakaan, Jalan Cikunir Raya Bekasi Mulai Diperbaiki;Kompas;
Dasco Sebut Retret Menteri Hari Ini untuk Satukan Visi Kerja 2026;Kompas;
Roti Sisa Jangan Dibuang, Ini Cara Bikin Puding Super Lembut;Kompas;
"Wamen Stella: 90 Persen Jenius Bukan ""dari Sononya"", Ada 2 Strategi Menciptakannya";Kompas;
Video: 35 Orang Tewas dalam Demo Iran, Trump Ancam Teheran;Kompas;
Nenek Elina Kembali Laporkan Samuel dkk ke Polda Jatim, soal Dugaan Pemalsuan Dokumen;Kompas;
Ruben Amorim Dipecat dari Kursi Pelatih Manchester United, Ini 7 Kandidat Penggantinya;Kompas;
Kelas Menengah Kian Terhimpit Hidup di Kota Besar;Kompas;
Resep Sambal Bawang Pedas Simpel, Pelengkap Ayam Goreng yang Bikin Nagih;Kompas;
Kecelakaan Maut di Tol Semarang-Solo, Hiace yang Tabrak Truk Bawa Rombongan Pelayat dari Bekasi ke Bawen;Kompas;
Mengarang Cerita Liburan: Ruang Imajinasi atau Beban Psikologis?;Kompas;
Sejarah Hanabi, Seni Kembang Api Jepang yang Berawal dari Sinyal Asap;Kompas;
Dua Jalan, Satu Tujuan;Kompas;
Meraba Masa Depan dengan AI sebagai Copilot;Kompas;
Dukung Literasi Papua, WVI dan Mitra Universitas Terbitkan Buku Cerita Anak;Kompas;
Kala Prabowo Sedih Saat Kunker ke Daerah: Anak-anak Panggil Saya, Kapan Terima MBG;Kompas;
Apa Itu Happy Water yang Pabriknya Digerebek BNN di Jakarta Utara?;Kompas;
Cetak Rekor Tertinggi Baru, IHSG Ditutup Menguat ke Level 8.933;Kompas;
Nenek Kushayatun Mencari Keadilan Usai Diusir dan Rumahnya Dibongkar Paksa;Kompas;
"AS ""Dihajar"" Kawan dan Lawan di DK PBB Usai Serang Venezuela";Kompas;
Suasana Sidang Maduro, Diterobos Penyusup Penuh Teriakan;Kompas;
Ambisi Trump Kelola Minyak Venezuela Hadapi Rintangan;Kompas;
Konsumsi Pertalite Cs Naik 0,9 Persen Sepanjang Libur Nataru;Kompas;
Kunjungan Wisata di Surabaya Naik 100 Persen Selama Nataru, KBS Paling Ramai;Kompas;
Omzet Pedagang Pasar Beringharjo Naik 3 Kali Lipat Berkat Libur Nataru;Kompas;
Loker-loker Seram Menghantui Gen Z: Jebakan Palugada sampai Red Flag Kekeluargaan;Kompas;
Gen Z Bilang Dikejar Hantu dan Debt Collector Sama Seramnya;Kompas;
Hustle but Make It Human: Kenapa Gen Z Ingin Terlihat Sukses?;Kompas;
Riset Kerja Sama Kemendikti-NEDO Jepang, Danantara dan Pertamina Akan Gabung;Kompas;
Land Cruiser Tampil Sangar Lewat Paket Modifikasi Blocker Iron Build;Kompas;
Menkeu Izinkan 41 Proyek Tetap Jalan Meski Lewati Akhir 2025;Kompas;
Libur Nataru, Kunjungan ke IKN Tembus 270 Ribu Orang, Perputaran Uang Diprediksi Rp 100 Miliar;Kompas;
Tiang Monorel Jakarta Dibongkar pada Pekan Ketiga Januari;Kompas;
"BERITA FOTO: Saat Warga Berbondong-bondong ""Serbu"" Bandung Zoo meski Masih Tutup";Kompas;
BERITA FOTO: Natal di Pengungsian;Kompas;
BERITA FOTO: Bus PO Cahaya Trans Ringsek Parah Usai Kecelakaan Maut di Tol Krapyak Semarang, 16 Penumpang Tewas;Kompas;
BERITA FOTO: Beda Sebelum dan Sesudah Kawasan Wisata Guci Tegal Diterjang Banjir Bandang;Kompas;
BERITA FOTO: Dampak Banjir Sumatera dan Potret Kerusakannya;Kompas;
Penjelasan KSAD soal Biaya Pengeboran Sumur di Lokasi Bencana Sumatera Capai Rp 150 Juta;Kompas;
Modus Pencurian Kabel Listrik di Tambora Terungkap, Pelaku Nyamar Jadi Petugas PLN;Kompas;
Xavi Hernandez Tertarik ke Premier League, Ini Syaratnya;Kompas;
Polemik Pembangunan Kopdes Merah Putih di Pati, Pakai Lahan Lapangan Sepak Bola;Kompas;
Taman Bendera Pusaka Akan Diresmikan Februari 2026, Bakal Ada Lintasan Lari 1,2 Km;Kompas;
Video: Disumpah Gantikan Maduro, Delcy: Saya Datang dengan Rasa Sakit;Kompas;
Ini 5 Bandara Tersibuk Sepanjang Nataru, Penumpang Tembus 10,2 Juta;Kompas;
RB Leipzig Siap Tebus Tandem Jay Idzes Rp491 Miliar dari Sassuolo;Kompas;
Efek Jangka Panjang Overheating: Konsumsi BBM Mobil Jadi Boros;Kompas;
4 Barang Elektronik Lama yang Sudah Waktunya Dibuang;Kompas;
Pencurian Kabel di Tambora Terbongkar, Mantan Teknisi PLN Terlibat;Kompas;
Kompas.com Kembali Jadi Pemenang Kategori Media Online Tepercaya;Kompas;
Berbasis Riset MNP, Festival Kinarya Motekar Hidupkan Ekonomi Kreatif Situ Gede;Kompas;
Pendidikan Holistik Penabur Antarkan Siswa Tembus Panggung Diplomasi Indonesia–Denmark;Kompas;
MNP Raih Predikat Politeknik Swasta Paling Hijau di Jabodetabek pada UI GreenMetric 2025;Kompas;
Rayakan 75 Tahun Persahabatan RI–Denmark, Karya Siswa Penabur Tampil di Kediaman Dubes Denmark;Kompas;
MNP Bersama Politeknik APP Gelar Seminar Nasional Manajemen Industri dan Rantai Pasok VI, Soroti Dua Hal Ini;Kompas;
Chris Jericho: Rumors of a WWE Return Growing, What's His Contract Status?;Liputan6;
10 Best Jobs for Capricorns That Match Your Zodiac Sign Traits;Liputan6;
Will Trent Season 4: Revealing the Continuation of the GBI Agent's Mysterious Story;Liputan6;
30 Wonder Woman Quotes to Inspire You;Liputan6;
The Pitt Season 2: Full Showtime, Plot, and Cast List on HBO Max;Liputan6;
4 Grilled Shrimp Recipes for Seafood Lovers;Liputan6;
Manchester United: Who Will Be The Next Manager after Ruben Amorim?;Liputan6;
Top 10 Cheap Destinations for Backpackers to Visit in 2026;Liputan6;
Stranger Things Series Finale: Uncovering the Ambiguous Ending and Secret Episode Theories;Liputan6;
Jayne Trcka: Scary Movie Star Dies at 62, What Caused Her Death?;Liputan6;
60 Quotes by Eleanor Roosevelt That Will Empower You;Liputan6;
10 Most Exciting Movies to Wait for in 2026;Liputan6;
Libatkan Kelompok Pecinta Alam, Dispar Rejang Lebong Bengkulu Kembangkan Sektor Pariwisata;Liputan6;
Viral Warganet Minta Kereta Tak Usah Bunyikan Klakson karena Polusi Suara, Begini Respons KAI;Liputan6;
Pemprov Kalsel Tunggu Hasil Audit Kementerian Lingkungan Hidup soal Perusahaan Tambang Diduga Sebabkan Banjir;Liputan6;
Pendapatan Asli Daerah Berkelanjutan di NTB Butuh Penciptaan Nilai dan Layanan Prima;Liputan6;
Kementan Bentuk 33 Balai Besar Penerapan Modernisasi Pertanian, Dukung Produktivitas Pertanian;Liputan6;
TPS Penggilingan Jadi Sorotan, Sudin LH Jaktim Siapkan Penataan Ulang;Liputan6;
Masuk 6 Besar Polusi Dunia, Masyarakat Jakarta Diminta Kembali Bermasker;Liputan6;
Prancis Resmi Larang Produk Kosmetik dan Fesyen Mengandung Bahan Kimia Abadi, Cemari Lingkungan;Liputan6;
Sampah Makanan Bikin Indonesia Rugi Rp 551 Triliun, Catat Cara Mencegahnya dari Rumah;Liputan6;
Dinas Lingkungan Hidup Tulungagung Tingkatkan Penanganan Lonjakan Sampah Saat Libur Nataru;Liputan6;
Bikin Hewan Stres dan Trauma, Muncul Petisi Larangan Pesta Kembang Api Selamanya di Jerman;Liputan6;
Strategi Lama Nepal Gagal Bersihkan Sampah di Gunung Everest, Kini Pendaki Bakal Disuruh Bayar Rp 66,8 Juta;Liputan6;
35 Calm Quotes to Cultivate Calmness in Everyday Life;Liputan6;
Top 8 War Comedy Movies That Will Make You Explode with Laughter;Liputan6;
35 Anne Frank Quotes That Will Bring New Hope to Your Life;Liputan6;
7 Most Beautiful Beaches In The World to Visit;Liputan6;
Bonus Atlet SEA Games 2025 Masih Dikaji, Erick Thohir: Sesuai Janji Presiden, tapi Ada Penyesuaian;Liputan6;
SEA Games 2025 Diharapkan Jadi Pelecut Prestasi Tinju Indonesia;Liputan6;
SEA Games 2025 Resmi Ditutup, Ini Kemeriannya dari Tribun Rajamangala!;Liputan6;
Janji Bonus Rp1 Miliar SEA Games 2025, Kapan Atlet Menerimanya?;Liputan6;
SEA Games 2025: Tim Indonesia Bersinar di Thailand, Rekor Dunia Ikut Pecah;Liputan6;
NOC Indonesia Buka Suara soal Isu Intimidasi Atlet Kickboxing di SEA Games 2025;Liputan6;
SEA Games 2025: KOI Tegaskan Tak Ada Intimidasi pada Atlet Kickboxing;Liputan6;
Bangga! Indonesia Raih 91 Emas SEA Games 2025, Rekor 30 Tahun Pecah;Liputan6;
SEA Games 2025: Rebut 3 Emas, Janice Tjen Dkk Dapat Bonus Tambahan Rp 700 Juta;Liputan6;
SEA Games 2025: Hamil 7 Bulan dan Mual-Mual, Medina Aulia Masih Bisa Sumbang Emas;Liputan6;
SEA Games 2025: Kemenpora Bakal Evaluasi Cabor yang Gagal Penuhi Target;Liputan6;
Curhat Kapten Timnas Futsal Indonesia Usai Raih Emas Bersejarah SEA Games 2025;Liputan6;
Vampire Diaries Quotes: 35 Iconic Lines That Will Make You Love the Series;Liputan6;
MTV Shutdown: The Story Behind the Dedicated Music Channel's Closure in January 2026;Liputan6;
Top 10 Business Simulation Games to Practice Your Entrepreneurship;Liputan6;
Season 3 Tracker: Jensen Ackles As Russel Shaw And When Episode 10 Airs;Liputan6;
Inara Rusli dan Kasus Akses Ilegal CCTV;Liputan6;
Tren Pemecatan di Liga Inggris: Maresca dan Amorim Pergi, Arne Slot Ikut Ketar-ketir, Posisinya Rawan;Liputan6;
Papa Zola The Movie Siap Tayang di Indonesia, Film Animasi Keluarga Penuh Makna;Liputan6;
35 Disrespect Quotes: Reminders to Treat Others with Dignity;Liputan6;
Ruben Amorim Officially Sacked by Manchester United, Who Will Replace Him?;Liputan6;
Alysa Liu Returns: Aiming for Gold at the 2026 Milan-Cortina Winter Olympics;Liputan6;
Top 10 Most Beautiful Female Pop Stars;Liputan6;
Critics Choice Awards 2026 Winners Complete List: 'One Battle After Another' and 'Sinners' Lead;Liputan6;
30 High Value Questions to Ask Buyers and Increase Sales;Liputan6;
Landman Season 3 Officially Confirmed, What Can We Expect?;Liputan6;
7 Surprising Benefits of Watching Horror Movies;Liputan6;
Jesy Nelson Says Her Twin Babies Can't Walk due to Type 1 SMA;Liputan6;
25 Zoolander Quotes That Will Make You Can't Stop Laughing;Liputan6;
The United States and Venezuela: A Recap of the Military Strike and Maduro's Arrest;Liputan6;
How to Draw a Dragon in 3 Styles: European, Asian, and Cartoon;Liputan6;
Ruben Amorim and Jason Wilcox Clash: Is the Manchester United Manager's Future at Risk?;Liputan6;
8 Best Hip Hop Movies Every Fans Should Watch;Liputan6;
Global Outage Hits League of Legends Early January 2026, What Happened?;Liputan6;
40 You Can Do It Quotes to Lift You Up When Life Gets Hard;Liputan6;
Real Madrid vs. Real Betis: Gonzalo Garcia Scores a Hat-trick in Early 2026;Liputan6;
7 Movies About Snipers You Need to Watch;Liputan6;
60 The Art of War Quotes About War, Strategy, and Leadership;Liputan6;
5 Zodiac Signs Who Love To Have A Luxurious Lifestyle and Extravagances;Liputan6;
30 You Are Beautiful Quotes to Celebrate Inner and Outer Beauty;Liputan6;
Top 10 Most Beautiful Places in Florida: Exploring the Charm of the Sunshine State;Liputan6;
Easy Smoked Brisket Recipe And Tips To Make The Juiciest And Most Tender Barbecue;Liputan6;
5 Most Rare and Unique Cat Types in The World;Liputan6;
45 Pirate Quotes Funny, Boost Your Joy Imagination On The Sea;Liputan6;
5 Countries With The World's Highest IQ;Liputan6;
130 Nature Names for Girls for Your Beautiful Angel;Liputan6;
5 Luckiest Zodiac Signs in 2026, How's Yours?;Liputan6;
100 Pick Up Line Jokes to Make Them Fall in Love With You;Liputan6;
16 Most Beautiful European Countries to Visit in 2026;Liputan6;
65 Gordon Ramsay Quotes That Are Straight Fire;Liputan6;
8 Movies About Special Forces You Should Watch;Liputan6;
The US Captured Venezuela President Maduro in a Military Operation;Liputan6;
Will Smith Sued for Sexual Harassment by Violinist Brian King Joseph;Liputan6;
"Marvel's ""Wonder Man"" Trailer Releases, Ready to Liven Up Disney+";Liputan6;
Victoria Jones: Actor Tommy Lee Jones' Daughter Found Dead in San Francisco Hotel, What Happened?;Liputan6;
Influencer Piper Rockelle Earns Millions from OnlyFans in Hours, Here's Her Profile!;Liputan6;
Run Away: Netflix Releases New Thriller Series, Full of Mystery and Unexpected Twists;Liputan6;
Este Haim's Magnificent Wedding: Louis Vuitton Gowns and Jonathan Levin on New Year's Eve 2025;Liputan6;
Stranger Things Ends in Season 5, Netflix Prepares Spin-off?;Liputan6;
Alex Pereira and Tracy Cortez Officially Announce Romantic Relationship on New Year's 2026;Liputan6;
Zohran Mamdani Officially As Mayor of New York: What Are His Main Policy Focuses?;Liputan6;
Alix Earle and NFL Star Tom Brady Rumored to be Dating?;Liputan6;
How to Write an Application Letter: Tips and Trick for Job Seekers;Liputan6;
Top 8 Most Beautiful Places in Colombia to Add to Your Travel List;Liputan6;
40 Birthday Wishes for Brother in Law: Heartfelt, Blessing, and Funny;Liputan6;
Top Mystery Movies of the '90s to Watch Continuously;Liputan6;
50 Bad Friends Quotes to Spot Fakers and Let Them Go;Liputan6;
Deretan Video AI Hoaks yang Sempat Viral, Simak Faktanya;Liputan6;
Hoaks Kesehatan Terkini, Cek Ragam Faktanya;Liputan6;
Kumpulan Hoaks Bantuan Catut Kemenag dan Australia yang Beredar di Medsos, Simak Daftarnya;Liputan6;
Cek Fakta: Hoaks Artikel Mahkamah Internasional Sebut Ijazah Jokowi Asli;Liputan6;
Prabowo Klaim Program MBG 99,99% Berhasil, Tapi Masih Ada Penyimpangan;Liputan6;
Okezone Live Streaming Online - THE DAILY BUZZ;Okezone;
Polisi Jadwalkan Mediasi Antara Doktif dan Richard Lee di Polres Metro Jaksel Hari Ini : Okezone Celebrity;Okezone;
Media Vietnam Mohon Timnas Indonesia Turunkan Skuad Terbaik di Piala AFF 2026: Bagaimana John Herdman dan PSSI? : Okezone Bola;Okezone;
Beli Rumah Rp2 Miliar Bebas Pajak di 2026, Ini Syaratnya : Okezone Economy;Okezone;
Richard Lee Resmi Jadi Tersangka Laporan Doktif, Bakal Diperiksa Besok : Okezone Celebrity;Okezone;
Breaking News! BNN Gerebek Pabrik Narkoba di Apartemen Jakut, 4 Orang Ditangkap : Okezone News;Okezone;
Breaking News! BNN Gerebek Pabrik Narkoba di Apartemen Jakut, 4 Orang Ditangkap : Okezone News;Okezone;
Harga BBM Pertamina hingga Shell Terbaru Hari Ini 6 Januari 2026, Ada yang Turun : Okezone Economy;Okezone;
Rafael Struick Bikin Emosi Ilija Spasojevic hingga Kartu Merah, John Herdman Tutup Pintu Comeback ke Timnas Indonesia? : Okezone Bola;Okezone;
John Herdman Bahagia, Timnas Indonesia Lawan Timnas Islandia di FIFA Series 2026? : Okezone Bola;Okezone;
Dahnil Anzar Sebut Kuota Haji Indonesia 2026 Capai 221 Ribu : Okezone Muslim;Okezone;
75 Tahun Layani Haji, Kementerian Agama Siap Serahkan Tongkat Estafet ke BP Haji : Okezone Muslim;Okezone;
Bahas Kampung Haji, Menag Nasaruddin Umar Bertolak ke Arab Saudi untuk Dampingi Presiden Prabowo Subianto : Okezone Muslim;Okezone;
Pekan Ini, Kementerian Haji dan Umrah Arab Saudi Geber Persiapan Haji 2026 : Okezone Muslim;Okezone;
Jadwal dan Syarat Lengkap Seleksi PPIH Arab Saudi 2026 : Okezone Muslim;Okezone;
Jadwal Lengkap Pendaftaran Petugas Kesehatan Haji 2026 : Okezone Muslim;Okezone;
Berikut Cara Cek Nomor Porsi Haji 2026 : Okezone Muslim;Okezone;
Ini Cara Daftar Petugas Kesehatan Haji 2026 : Okezone Muslim;Okezone;
Wamenhaj Pastikan Petugas Haji 2026 Tak Bakal Nebeng Naik Haji : Okezone Muslim;Okezone;
Terbongkar! Alasan Trump Tangkap Presiden Venezuela Nicolas Maduro dan Istri : Okezone Tvscope;Okezone;
Detik-Detik Presiden Venezuela Nicolas Maduro Tiba di AS, Dikawal Pasukan Khusus : Okezone Tvscope;Okezone;
Timur Kapadze Kandidat Paling Kuat Latih Timnas Indonesia? : Okezone Tvscope;Okezone;
Wapres Gibran Dorong Kolaborasi RI-Afrika di CEO Forum 2025 : Okezone Tvscope;Okezone;
Roy Suryo Tersangka Kasus Ijazah Palsu Jokowi, Ini Pasal yang Menjerat : Okezone Tvscope;Okezone;
Jadwal Haji 2026: Pemberangkatan, Puncak Ibadah, hingga Pemulangan : Okezone Muslim;Okezone;
Jamaah Haji 2026 Berangkat Mulai 22 April, Puncak Ibadah 26 Mei : Okezone Muslim;Okezone;
Seleksi Petugas Haji Dibuka Bulan Ini, Bimtek Januari-Februari 2026 : Okezone Muslim;Okezone;
Wamenag Bertemu Menhaj Bahas Transisi Penyelenggaraan Haji : Okezone Muslim;Okezone;
Masa Tinggal Jamaah Haji 41 Hari Dinilai Terlalu Lama, DPR Sebut 30 Hari Cukup : Okezone Muslim;Okezone;
Biaya Haji 2026 Disepakati Rp87 Juta, Jamaah Bayar Rp54 Juta : Okezone Muslim;Okezone;
Wamenhaj Anggap Wajar Asosiasi Travel Gelisah soal Umrah Mandiri : Okezone Muslim;Okezone;
Langkah Besar Menag Nasaruddin Umar: Jaga Kerukunan, Naikkan Gaji Guru dan Hidupkan Ekonomi Umat : Okezone Muslim;Okezone;
Sistem Antrean Dirombak, Masa Tunggu Haji Paling Lama 27 Tahun : Okezone Muslim;Okezone;
Dahnil Sebut Petugas Haji Bakal Masuk Barak hingga Belajar Bahasa Arab : Okezone Muslim;Okezone;
Tutup Penyelenggaraan Haji, Kemenag Sabet Indeks Sangat Memuaskan dari Jamaah : Okezone Muslim;Okezone;
Mekanisme Kuota Haji, Peran Pemerintah dan Swasta Potong Antrean Jamaah : Okezone Muslim;Okezone;
Soal Transisi ke BP Haji, Menag Masih Tunggu Payung Hukum : Okezone Muslim;Okezone;
Dipantau Prabowo, Menag Ungkap Kabar Terkini Persiapan Kampung Haji : Okezone Muslim;Okezone;
Amphuri Desak Penghapusan Umrah Mandiri dalam Revisi UU Haji dan Umrah : Okezone Muslim;Okezone;
Kurangi Masa Tinggal Jamaah Haji, Pemerintah Indonesia Usulkan Taif Jadi Pendamping Bandara Madinah dan Jeddah : Okezone Muslim;Okezone;
Paparan saat Rakernas Evaluasi Haji 2025, Dirjen PHU: Sinergi Nasional dan Internasional Jadi Kunci : Okezone Muslim;Okezone;
Menag Nasaruddin Umar Jelaskan Formula 5BPH saat Tutup Operasional Haji 2025 : Okezone Muslim;Okezone;
40 Jamaah Haji Indonesia Masih Dirawat di Arab Saudi, Ini 8 Nomor Kontak KUH yang Bisa Dihubungi Keluarga : Okezone Muslim;Okezone;
Hampir Seluruh Jamaah Indonesia Tiba di Tanah Air, Ketua PPIH: Semoga Jadi Haji Mabrur : Okezone Muslim;Okezone;
KJT 28 Jadi Kloter Terakhir Jamaah Haji Indonesia 2025 yang Bertolak ke Tanah Air : Okezone Muslim;Okezone;
Menag Sebut Wacana Haji Jalur Laut Masih Dikaji : Okezone Muslim;Okezone;
Menag Nasaruddin Umar soal Haji Lewat Jalur Laut: Banyak Perusahaan Sudah Menawarkan Jasa : Okezone Muslim;Okezone;
Lepas Kloter SOC 95 di Bandara Madinah, Ketua PPIH Arab Saudi: Jamaah Puas dengan Layanan Haji : Okezone Muslim;Okezone;
Kuota Haji 2026 Diumumkan Besok 10 Juli 2025, Indonesia Dapat Berapa? : Okezone Muslim;Okezone;
Jumlah Jamaah Haji Indonesia Meninggal Dunia Alami Penurunan ketimbang 2024 : Okezone Muslim;Okezone;
Potensi Tampung 5 Juta Jamaah Haji pada 2030, Arab Saudi Bangun Mina hingga 8 Lantai : Okezone Muslim;Okezone;
Menag Nasaruddin Umar Sebut Umrah dan Haji Lewat Jalur Laut Berpotensi Dibuka : Okezone Muslim;Okezone;
Kapan Puasa Ramadhan 2026? Ini Jadwal Lengkap Awal Ramadhan 1447H Versi Muhammadiyah : Okezone Muslim;Okezone;
Puasa Awal Januari 2026 dan Amalan Jelang Ramadhan 1447H : Okezone Muslim;Okezone;
Bolehkah Merenovasi Masjid yang Masih Layak Pakai? Ini Hukumnya Menurut Para Ulama : Okezone Muslim;Okezone;
Jadwal Malam Nisfu Syaban 2026 Lengkap dengan Amalan Doanya : Okezone Muslim;Okezone;
Suara Sunyi Penjaga Setiap Langkah Ibadah Haji : Okezone Muslim;Okezone;
Apakah Oleh-Oleh Haji Kena Pajak? : Okezone Muslim;Okezone;
Ciri-Ciri Orang yang Hajinya Mabrur : Okezone Muslim;Okezone;
Menag Nasaruddin Berikan Kompensasi ke Jamaah yang Telat Dapat Makan Malam : Okezone Muslim;Okezone;
Sri Mulyani Akan Mengajar di Blavatnik School of Government Oxford University : Okezone Edukasi;Okezone;
Wisudawati Cantik, Farras Ulinnuha Lulus S1 Kedokteran UGM di Usia 19 Tahun 8 Bulan : Okezone Edukasi;Okezone;
Begini Sosok Terduga Ledakan SMA Negeri 72 yang Sering Di-bully versi Teman? : Okezone Edukasi;Okezone;
Ledakan Terjadi di SMAN 72 Jakarta Usai TKA, Netizen: Untung Tesnya Sudah Selesai : Okezone Edukasi;Okezone;
Cerita Mahasiswi Prodi Sains Komunikasi MNC University Terlibat dalam Produksi Film Layar Lebar Timur : Okezone Edukasi;Okezone;
MNC University Adakan Program Beasiswa dan Kelas Khusus Atlet : Okezone Edukasi;Okezone;
Apakah Siswa dari Luar Negeri Bisa Daftar SNBP 2026? Ini Penjelasannya : Okezone Edukasi;Okezone;
Adu Pendidikan Ridwan Kamil dengan Atalia Praratya, Ternyata Sama-Sama Lulusan S3! : Okezone Edukasi;Okezone;
Mahasiswa Cantik yang Magang Jadi SPG Ini Ternyata Miss World Vietnam 2023 : Okezone Edukasi;Okezone;
Benarkah Orang Malas Justru Punya IQ Lebih Tinggi? Ini Faktanya : Okezone Edukasi;Okezone;
Riwayat Pendidikan dan Karier Presiden Venezuela Nicolas Maduro yang Ditangkap Amerika : Okezone Edukasi;Okezone;
Ini Syarat dan Cara Daftar Beasiswa PIP Jenjang SD, SMP, dan SMA : Okezone Edukasi;Okezone;
5 Provinsi dengan Rata-rata Nilai Matematika Tertinggi di TKA 2025 : Okezone Edukasi;Okezone;
Daftar Jurusan Teknik Sipil Terbaik di Indonesia : Okezone Edukasi;Okezone;
Ini Riwayat Pendidikan Diva Azzura, Influencer Cantik yang Lagi Diisukan Dekat dengan Na Daehoon : Okezone Edukasi;Okezone;
Viral Mahasiswi Unima Diduga Jadi Korban Pelecehan Seksual oleh Dosen Hingga Bunuh Diri : Okezone Edukasi;Okezone;
Kisah Unik Mahasiswa Ini Jadi Lulusan Terbaik IPB Gegara Cabai Warna Ungu : Okezone Edukasi;Okezone;
Ini Jadwal Masuk Sekolah 2026 Setelah Libur Panjang : Okezone Edukasi;Okezone;
12 Spesies Tumbuhan Baru Indonesia Ditemukan Sepanjang 2025 : Okezone Edukasi;Okezone;
Daftar PTKIN Terbaik Science and Technology Index, UIN Jakarta Nomor Wahid : Okezone Edukasi;Okezone;
Rotasi Bumi Berubah Jadi 25 Jam Sehari? Ini Fakta Ilmiahnya : Okezone Edukasi;Okezone;
Ini Pendidikan Tiara Savitri, Anak Mulan Jameela yang Diterima S2 di New York University : Okezone Edukasi;Okezone;
Kisah Guru Nur Aini yang Dipecat Usai Viral Ngeluh Jarak Sekolah 114 Km PP dari Rumah : Okezone Edukasi;Okezone;
Ini Pendidikan dan Kisaran Gaji Amal Said, Dosen UIM Makassar yang Dipecat karena Ludahi Kasir Swalayan : Okezone Edukasi;Okezone;
Perluas Wawasan Industri Mahasiswa, MNC University Gelar Company Visit ke McDonald s : Okezone Edukasi;Okezone;
Viral, Dosen UIM Makassar Ludahi Kasir Perempuan Usai Ditegur Serobot Antrean : Okezone Edukasi;Okezone;
Profil dan Pendidikan Widi Prasetijono, Jenderal Kopassus Kepercayaan Jokowi yang Dimutasi karena Proses Hukum : Okezone Edukasi;Okezone;
Ini Riwayat Pendidikan 5 Pelajar Berprestasi Peraih Medali SEA Games 2025 : Okezone Edukasi;Okezone;
Latar Belakang Pendidikan Ayu Aulia, yang Tengah Jadi Perhatian : Okezone Edukasi;Okezone;
Unik, Sekeluarga Lulus dari Fakultas Hukum Universitas Brawijaya dan Wisuda Bareng : Okezone Edukasi;Okezone;
Riwayat Pendidikan Ridwan Kamil, yang Ramai Dikaitkan dengan Aura Kasih : Okezone Edukasi;Okezone;
Jadwal Lengkap KIP Kuliah 2026 Jalur SNBP, SNBT dan Mandiri : Okezone Edukasi;Okezone;
Kapan Pendaftaran Sekolah Kedinasan Poltekpin 2026 Dibuka? : Okezone Edukasi;Okezone;
5 Artis Cantik yang Ternyata Lulusan ITB : Okezone Edukasi;Okezone;
5 Pilihan Jurusan Kuliah yang Cocok untuk Perempuan Introvert : Okezone Edukasi;Okezone;
Bangkitnya Planetarium Jakarta, Pelopor Pendidikan Astronomi di Asean Setelah Mati Suri 13 Tahun : Okezone Edukasi;Okezone;
Tinjau TPS, Kapolres Indramayu: Pemilu 2024 Aman dan Lancar;Posmetro;
Kapolres Indramayu Inspeksi Pastikan Pemilu 2024 Lancar;Posmetro;
Ketahui Bedanya Quick Count, Real Count, dan Exit Poll;Posmetro;
Inilah Link Hasil Quick Count Pemilu 2024;Posmetro;
Pertamina Kilang Balongan Pastikan Ketersediaan Pasokan Energi Sambut Tahun Baru 2026;Posmetro;
Kilang Balongan Gelar Baking Class,Bentuk Aspirasi Pertiwi Dalam Ketahanan Energi;Posmetro;
Perkuat Sinergritas LPK Niji dan SMK NU Karanganyar Teken Kerjasama;Posmetro;
Kilang Balongan Objek Vital Sumber Energi Nasional;Posmetro;
Kilang Balongan Siap Jaga stok BBM Jelang Libur Natura;Posmetro;
MEEP Simulasi Tangani Kebocoran Gas di Kilang Pertamina Balongan;Posmetro;
Kilang Balongan bersama PBC Adakan Virtual Bike;Posmetro;
Tingkatkan Keselamatan Kerja Kilang Balongan Gekar Jumat Bersih;Posmetro;
Audit Internal Sistem Manajemen Pengamanan Kilang Balongan;Posmetro;
Jalan Depan Kilang Balongan Segera Ditutup,Lalin Dialihkan ke Jalan Sukaurip-Sukareja;Posmetro;
Gelar Seminar Hukum,Cegah Tindak Pidana di Lingkunga Kerja Kilang Balongan;Posmetro;
Cawu No.3 H. SURNATA Siap merubah Desa Telagasari Menjadi Sejahtera;Posmetro;
Berikut Fakta Menarik di Balik Film “Kemah Terlarang: Kesurupan Massal”, Siap Bikin Deg-degan!;Posmetro;
Menyelami Kegelapan: “Joker: Folie à Deux” – Ini Dia yang Perlu Anda Ketahui!;Posmetro;
Film ‘Laut Tengah’ Angkat Isu Poligami dan Mimpi S2 di Korea.;Posmetro;
Will Smith Kembali! ‘I Am Legend 2’ Siap Guncang Layar Lebar, Apa Yang Berubah?;Posmetro;
Sinopsis Extraction, Tayang di Bioskop TransTV Hari Ini;Posmetro;
Sinopsis The Ice Road, Tayang di Bioskop TransTV Hari Ini;Posmetro;
Sinopsis The 33, Perjuangan Para Penambang yang Terjebak dalam Bioskop TransTV Hari Ini;Posmetro;
Sinopsis 13 Minutes, Perjuangan Warga Heartland Hadapi Tornado dalam Bioskop TransTV Hari Ini;Posmetro;
Sinopsis Criminal, Kisah Agen Super CIA di Bioskop TransTV Hari Ini;Posmetro;
Sinopsis The Departed, Kisah Polisi Jadi Mata-Mata di Sarang Mafia;Posmetro;
Gugat Menggugat Berakhir, Ibu Darinah Menang Telak: Eksekusi Tanah di Indramayu Buka Fakta Baru!;Posmetro;
Rocky Gerung Bongkar Janji Kosong Pemerintah: Pacta Sunt Servanda Jadi Bumerang?;Posmetro;
Dugaan Pelecehan Seksual, Polisi Panggil Rektor Universitas Pancasila Hari Ini;Posmetro;
Kasus Pungli Rutan KPK, Jejak Hengki Terus Diselidiki;Posmetro;
Sebut Prabowo Hanya Dua Tahun Jadi Presiden, Connie Bakrie Dilaporkan;Posmetro;
GM dan Staf Kilang Balongan,Adakan Upacara Peringati Hari Pahlawan;Posmetro;
Kilang Balongan Lakukan Bakti Sosial Donor Darah;Posmetro;
30 Perusahaan Kontraktor Dapat Penghargaan Dari Kilang Balongan;Posmetro;
Warga Sekitar Ring 1 Kilang Balongan Dapat Latihan Padamkan Kebakaran;Posmetro;
Peringati Hari Sumpah Pemuda,Kilang Balongan Gelar Upacara di Lapangan Bumi Patra;Posmetro;
Raih Penghargaan Bergengsi Subroto 2025,Kilang Balongan Semakin Gemilang;Posmetro;
Wali Kota Cimahi Larang Perayaan Tahun Baru dengan Kembang Api;Posmetro;
Terungkap di Sidang, Pengaruh Jurist Tan di Kemendikbudristek Cukup Kuat 'Setara' dengan Nadiem;Republika;
RI Jadi Presiden Dewan HAM PBB, Pigai: Indonesia akan Urus Masalah Venezuela;Republika;
Cerita Guru Besar UGM Zainal Arifin Diteror Lewat Telepon, Diancam Ditangkap;Republika;
Sudah Lebih dari Sebulan Bencana Terjadi, Aceh Tamiang Masih Lumpuh;Republika;
Takut Diserang Duluan, Netanyahu Minta Tolong Putin Sampaikan Pesan ke Iran;Republika;
Prabowo Jelaskan Alasan Kumpulkan Semua Menteri dan Wamen di Hambalang;Republika;
ESDM: Dampak Konflik Venezuela tak Signifikan ke Harga Minyak Dunia;Republika;
Lebih Awal dari Sains Modern, Alquran Ungkap Keberadaan dan Fungsi Oksigen;Republika;
Semangat Para Siswa di Aceh Tamiang Kembali ke Sekolah;Republika;
Pakar Tata Negara UGM: Kedaulatan Rakyat Terancam Jika Pilkada Dipilih DPRD;Republika;
Kecelakaan Tunggal di Tol Padaleunyi, Satu Orang Meninggal Dunia;Republika;
Swiss Bekukan Aset Nicolas Maduro Usai Penangkapannya oleh AS;Republika;
Cara Masjid An-Nuur CITI Menjawab Krisis Sampah, Lingkungan, dan Sosial;Republika;
Fakta Mengejutkan Riset Kemenag, Gen Z Paling Toleran dan Terbaik dalam Membaca Alquran;Republika;
Berdamai dengan Sampah, Mengubah Masalah Jadi Sumber Energi;Republika;
Kurang Tidur Bisa Picu Obesitas pada Remaja;Republika;
Memutus Rantai Sampah dari Hulu ke Hilir;Republika;
ESDM: Layanan SPBU di Aceh, Sumut, dan Sumbar Hampir Pulih 100 Persen;Republika;
Kelindan Korupsi dan Sampah di Tangerang Selatan;Republika;
Gvardiol Jalani Operasi, Lini Belakang Manchester City Kian Terkikis;Republika;
Kristen Stewart Bilang Mau Sutradarai Film Twilight Kalau Dibuat Lagi;Republika;
Beri Arahan di Depan Menteri, Prabowo: Kita Berada di Jalan Bersih yang Suci;Republika;
Pakar: Rekonstruksi Pascabencana Bisa Picu Pertumbuhan Ekonomi;Republika;
Purbaya Terbitkan Aturan Baru Terkait Zakat Sebagai Pengurang Pajak, Ini Ketentuannya;Republika;
Rakyat Greenland Cemas Negaranya Terancam Di-Venezuela-kan oleh Trump;Republika;
Usai Prajurit Ditegur Hakim, Ini Alasan Kejaksaan Mengapa Anggota TNI Hadir dalam Sidang Nadiem;Republika;
Program Kembali ke Sekolah Baznas Ingin Siswa Belajar dengan Nyaman;Republika;
Perkuat Akses Pangan, Pasar Murah AGP Terus Dilanjutkan;Republika;
Tangan Diborgol dan Memakai Rompi Tahanan, Nadiem Makarim Jalani Sidang Perdana;Republika;
Momen Pelajar di Aceh Tamiang Kembali ke Sekolah;Republika;
Indonesia Mendongeng di Kamp Pengungsian Palestina;Republika;
Netanyahu Dukung Ben-Gvir yang Izinkan Ibadah Yahudi di Masjid Al-Aqsa;Republika;
Mengenal Velcro Child, Saat Kedekatan Orang Tua dan Anak Justru Jadi 'Penghambat';Republika;
Serial 'Emily in Paris' Dipastikan Lanjut untuk Musim Keenam;Republika;
Paradoks Tidur Wanita: Tidur Lebih Lama, Tapi Mengapa Kualitasnya Lebih Buruk?;Republika;
Doraemon Dikabarkan Nggak Tayang Lagi di RCTI, Warganet Protes;Republika;
Amalan Sahabat Nabi saat Mendengar Kabar Duka;Republika;
DFK 2026 Bisa Hambat Kebijakan dan Program Strategis Negara;Republika;
Menhut: Kelahiran Bayi Panda Tegaskan Peran RI di Konservasi Global;Republika;
Daya Saing Sawit Indonesia 2026 Bergantung pada Tata Kelola dan Produktivitas;Republika;
Kemenhut Gandeng Pakar Telusuri Kerusakan DAS di Sumut;Republika;
Aksi Protes Perubahan Iklim Padamkan Listrik Puluhan Ribu Rumah;Republika;
Perubahan Iklim Ganggu Siklus Nitrogen, Ancaman Baru Ketahanan Pangan dan Lingkungan;Republika;
PHE Temukan Cadangan Migas 106 MMBOE di South Mahakam;Republika;
Tiga Jenis Orang Miskin Menurut Waliyullah Bergelar Manusia Berkaki Telanjang;Republika;
Catat Kinerja Positif, Pertamina Patra Niaga Jaga Distribusi Energi Selama Nataru;Republika;
BI Optimistis Inflasi 2026–2027 Tetap Terkendali dalam Target;Republika;
Kantor Nikel di Morowali Dibakar, Polda Sulteng Turun Tangan Bentuk Tim Gabungan;Republika;
BPJPH Bakal Terbitkan 1,35 Juta Sertifikat Halal Gratis, Ini Syarat Daftarnya;Republika;
BSI Perkuat Layanan Bank Emas Lewat BYOND;Republika;
Bank Syariah Diproyeksikan Bakal Beroperasi di Rusia pada 2026;Republika;
Segmen Haji Muda Jadi Mesin Pertumbuhan BSI;Republika;
Teror dan Intimidasi Influencer, Pakar Hukum UMJ Soroti Perlindungan Kebebasan Berpendapat;Republika;
Kisah Waliyullah yang Sering Ditanya Imam Ahmad bin Hanbal Tentang Allah SWT;Republika;
Kemenhaj Bantah Ada Retret, Petugas Haji akan Ikuti Diklat Semi Militer;Republika;
Kini Enggan Dibiayai Pemprov Jabar, Ini Sejarah Pembangunan Bandara Kertajati;Republika;
Ini Tahapan yang Perlu Disiapkan Wajib Pajak Jelang Lapor SPT Tahunan 2026;Republika;
TPA Jatibarang Semarang Kekurangan Ratusan Ton Sampah untuk Diubah Jadi Listrik;Republika;
Respons Bencana Tiga Provinsi, Prabowo: Kita Memiliki Kekuatan;Republika;
Restoran Sushi Jepang Pecahkan Rekor, Beli Tuna Rp50 Miliar di Lelang Tahun Baru;Republika;
10 Keistimewaan Nabi Muhammad yang Jarang Diketahui;Republika;
Dulu SBY Gagalkan Pilkada Lewat DPRD, Begini Sikap Demokrat Saat Ini;Republika;
Bapanas Klaim Indonesia Sudah Swasembada Beras pada 2025, Ini Tiga Indikatornya;Republika;
Sudah Shalat, tapi Masih Lakukan Hal Keji-Mungkar? Ini Penjelasan Rasulullah;Republika;
Masuki Fase Pemulihan, MDMC Gelar Pelatihan Dukungan Psikososial bagi Guru-Siswa;Republika;
Prabowo Pakai Baju Safari Krem Pimpin Taklimat Awal Tahun di Hambalang;Republika;
Baznas Bakal Bangung 300 Hunian Tetap untuk Warga Terdampak Bencana Sumatera;Republika;
Pertamina EP Temukan Sumur Minyak Baru Berpotensi 3.442 Barel per Hari;Republika;
Awal 2026, Pemerintah Tarik Utang Rp 18,6 Triliun Lewat SUN Bunga di Bawah 7 Persen;Republika;
Kisah Khalifah Umar Minta Pendapat Putrinya Sebelum Jihad;Republika;
Panglima Angkatan Darat Malaysia Diganti Buntut Skandal Korupsi Militer;Republika;
Terima Lahan Rampasan dari KPK, Menteri Pigai: Jadi Pusat Pendidikan, Persemaian Manusia Indonesia;Republika;
Dugaaan Skandal Korupsi Pengadaan Proyek Militer Malaysia, Nama Jenderal Terseret;Republika;
KSAD Maruli Jelaskan Mengapa Biaya Sumur Bor untuk Korban Banjir Sumatera Capai Rp150 Juta;Republika;
Adab dan Doa Menjenguk Orang Sakit dalam Islam;Republika;
Doa Akhir dan Awal Tahun, Bagus Dibaca di Pengujung dan Pembuka Tahun;Republika;
NU, Kita dan Renungan Akhir Tahun;Republika;
Prediksi dan Link Live Streaming Arema FC vs Persita di Super League 2025-2026;Republika;
Daftar Game dengan Pertumbuhan Terbesar di 2025;Republika;
Jordi Cruyff Resmi Kembali ke Ajax Amsterdam;Republika;
Siapakah Nabi Idris? Ini Profil dan Keutamaannya;Republika;
Al-Hikam: Nasihat Hikmah Ibarat Makanan Bagi Jiwa;Republika;
Keutamaan Bulan Rajab Dimuliakan Allah dan Waktu Pertama Kali Perintah Sholat;Republika;
Gigitan Besar Serabi Kalibeluk Penuh Sejarah dan Nostalgia;Republika;
Ingat Ini saat Galau dan Lelah Mencari Rezeki;Republika;
Alasan di Balik Pemecatan Khalid bin Walid;Republika;
Hati-Hati, Kelapangan Hidup Mudah Diintervensi Nafsu;Republika;
Mengapa Nama Dajjal tak Disebut dalam Alquran?;Republika;
Cara Sahabat Nabi Jadi Pebisnis Kaya dan Berkah;Republika;
Suka Pamer dan Riya, Ulama dan Dermawan Terjerumus ke Neraka;Republika;
Kehilangan Cucu, Rasulullah Perintahkan Ini ke Para Sahabat;Republika;
Mulut Dikunci pada Yaumil Hisab, Bagaimana Anggota Tubuh Bersaksi?;Republika;
Inilah Arti Sesungguhnya Taat kepada Allah;Republika;
Tahun 2026, Berikut Amalan Agar Rezeki Melimpah;Republika;
Satu-satunya Agama yang Ajarkan Keseimbangan untuk Tubuh Manusia;Republika;
Selain Para Rasul, Inilah Orang-orang Pilihan Allah;Republika;
Menguak Rumor Haji adalah Ajang Pembalasan Dosa;Republika;
3 Dosa Menjadi Jalan Su'ul Khatimah;Republika;
Momen Nabi Tertawa Sampai Tampak Sejumlah Giginya;Republika;
MNC Trijaya 104.6 FM Live Streaming;Sindonews;
Global Radio 88.4 FM Jakarta Live Streaming;Sindonews;
V Radio 106.6 FM Live Streaming;Sindonews;
RDI 97.1 FM Live Streaming;Sindonews;
Caplok Sana, Rebut Sini! Politik Barbar Trump;Sindonews;
Apa yang Akan Terjadi pada 2026?;Sindonews;
2025, Tahun Perebutan Supremasi Geopolitik, Siapa Pemenangnya?;Sindonews;
Siapa yang Ikut Bermain pada Perang Kamboja Vs Thailand?;Sindonews;
Bantuan Subsidi Upah Tahap 1 ke 2,45 Juta Pekerja Sudah Cair! Segera Cek Rekening;Sindonews;
Retret Kabinet di Hambalang, Prabowo Singgung Gejolak Dunia;Sindonews;
Emas 31 Ton Venezuela Dikuasai Inggris dan Tumbangnya Rezim Maduro;Sindonews;
Daftar Lengkap Pelatih Timnas Indonesia dari Masa ke Masa: Era Baru John Herdman;Sindonews;
Menteri Mulai Berdatangan di Hambalang Ikut Retret, Ada Purbaya hingga Airlangga;Sindonews;
BTS Luncurkan Album Baru! Pre-Order Dibuka 16 Januari 2026;Sindonews;
VIDEO: Penyaluran Door to Door BLTS Kesra di Lampung, dari Kantor Pos Diantar ke Rumah;Sindonews;
VIDEO: Ribuan Buruh Demo di Monas, Tuntut UMP Jakarta Sebesar Rp5,89 Juta;Sindonews;
VIDEO: 5 Aturan Baru Beli Gas LPG 3 Kg yang Wajib Anda Tahu, Pakai KTP Hingga Seleksi Ketat!;Sindonews;
VIDEO: Sah! Pramono Anung Umumkan UMP DKI Jakarta 2026 Naik Jadi Rp5,7 Juta;Sindonews;
Korban Tewas Akibat Banjir Bandang Sitaro Jadi 16 Orang;Sindonews;
Seskab Teddy Buka Retreat Kabinet di Hambalang, Pamerkan 11 Jembatan yang Diselesaikan Satgas;Sindonews;
TNI Distribusikan 1.800 Paket Alat Sekolah ke Anak-Anak Korban Banjir di Aceh;Sindonews;
Menhan Tinjau Kondisi Sungai dan Muara di Aceh Tamiang;Sindonews;
7 Kebijakan Nicolas Maduro yang Dinilai Menyengsarakan Rakyat Venezuela;Sindonews;
Delcy Rodriguez Dilantik Jadi Presiden Sementara Venezuela, Rupiah Keok ke Rp16.758;Sindonews;
Magang Kemendiktisaintek 2026 Resmi Dibuka, Mahasiswa Daftar di Link Ini;Sindonews;
Sinopsis Sinetron 'Terbelenggu Rindu'Eps 464: Senja Kembali di Pelukan Amira, Yuniar Ditahan Polisi;Sindonews;
Presiden Prabowo Klaim Program MBG 99,99% Berhasil;Sindonews;
Gubernur Pramono Tinjau Taman Gapura Muka Cakung;Sindonews;
63 Brigjen TNI Dimutasi pada Desember 2025, Ini Daftar Namanya;Sindonews;
Dinkes Klaim Belum Temukan Kasus Super Flu di Jakarta;Sindonews;
MPI Tersangka Pabrik Narkoba di Apartemen Jakut Jaringan China-Malaysia;Sindonews;
MPI Plaza Indonesia (PLIN) Targetkan Okupansi Tenant Mal di Atas 80 Persen pada 2026;Sindonews;
MPI BNN Buru 3 WNA usai Gerebek Pabrik Narkoba di Apartemen Jakut;Sindonews;
Timnas Futsal Indonesia Lapar Prestasi, Ingin Berjaya di Piala Asia Futsal 2026;Sindonews;
Dirjen di Kemendikbudristek Ungkap Alasan Pengadaan Chromebook Distop di 2019: Tak Bisa Dipakai di Daerah 3T;Sindonews;
Hasil Malaysia Open 2026: Jafar/Felisha Dihentikan Wakil Tuan Rumah;Sindonews;
MPI John Herdman Bahagia, Pemain Timnas Indonesia Dean James Masuk Radar Ajax Amsterdam!;Sindonews;
MPI Jadwal Siaran Langsung Piala Asia U-23 2026 Minggu Ini: Laga Panas Tersaji, Live di RCTI!;Sindonews;
MPI Segini Gaji dan Pesangon Ruben Amorim yang Masih Harus Dibayar Manchester United meski Sudah Dipecat;Sindonews;
Peran Ganda Bukan Beban, Melainkan Panggung Ketangguhan Wanita Modern;Sindonews;
Masalah Hak Asasi Manusia di UU KUHAP No 20 Tahun 2025;Sindonews;
Fokus Kembali Asta Cita 2026;Sindonews;
Apa Saja Dakwaan terhadap Maduro Setebal 25 Halaman?;Sindonews;
Konflik Venezuela Tak Cukup Kuat Dongkrak Harga Minyak Dunia;Sindonews;
Kemenhub Bekukan Izin Bus Cahaya Trans Setahun Buntut Kecelakaan Maut;Sindonews;
Suami Boiyen Dilaporkan ke Polda Metro Jaya di Kasus Dugaan Penipuan Dana Investasi;Sindonews;
Belum Putuskan Waktu Pembahasan Pilkada lewat DPRD, Dasco: Kita Fokus Penanganan Bencana;Sindonews;
SINDOgrafis: 15 Kolonel Pecah Bintang Jadi Brigjen TNI usai Dapat Promosi Jabatan;Sindonews;
SINDOgrafis: Siapa Saja Pemimpin Negara yang Pernah Ditangkap AS?;Sindonews;
SINDOgrafis: Mampukah John Herdman Bawa Timnas Indonesia ke Panggung Dunia?;Sindonews;
SINDOgrafis: 8 Agenda Prioritas Presiden Prabowo Subianto di 2026;Sindonews;
SINDOgrafis: Kaleidoskop 2025: 10 Peristiwa Teknologi Paling Menonjol di Indonesia;Sindonews;
Prabowo Ucapkan Terima Kasih ke Menterinya: Apa yang Kita Capai Sangat Membanggakan;Sindonews;
Di Sidratul Muntaha, Nabi Muhammad SAW Mengalami 3 Peristiwa Penting;Sindonews;
Pakar IPB University Ungkap Mitos Kucing Bikin Mandul, Ini Faktanya;Sindonews;
Bakal Ada Jabatan Baru di Ditjen Pajak, Purbaya Beri Lampu Hijau;Sindonews;
Hilmi Gimnastiar Pemain Liga 4 yang Lepaskan Tendangan Kungfu Terancam Sanksi Sepak Bola Seumur Hidup;Sindonews;
Saksi Akui Ibrahim Arief Condong Pilih Chromebook Atas Arahan Nadiem;Sindonews;
VIDEO: Menkum RI Terangkan Pasal Penghinaan Presiden & Kumpul Kebo;Sindonews;
VIDEO: Pakar HI: Penangkapan Maduro Tidak Sesuai dengan Piagam PBB;Sindonews;
VIDEO: Kemenangan Mamdani, Sinyal Perlawanan ke Pemerintah Federal AS?;Sindonews;
VIDEO: IPDN Diterjunkan Pulihkan Wilayah Pasca-Bencana Aceh Tamiang;Sindonews;
Verge Luncurkan Sepeda Motor Listrik Solid-State Pertama di Dunia;Sindonews;
Apple Akui MacBook Air dan iPhone 11 Pro Bertenaga Intel Butut;Sindonews;
Penjelasan Kejagung dan Mabes TNI soal 3 Tentara di Sidang Nadiem Makarim;Sindonews;
Korean V-League Hadir di VISION+, Penggemar Voli Bisa Nonton Streaming Liga Korea;Sindonews;
Apakah Siswa dari Luar Negeri Bisa Daftar SNBP 2026? Ini Penjelasannya;Sindonews;
Pabrik Narkoba Liquid Vape dan Happy Water di Apartemen Ancol Jaringan China-Malaysia;Sindonews;
FOTO: Taman Gapura Muka Cakung, Ruang Hijau Baru di Kolong Tol Jakarta Timur;Sindonews;
FOTO: BKI Dorong Penghijauan Lewat Sustainable Green Action;Sindonews;
FOTO: Sidang Perdana Dakwaan Kasus Chromebook, Nadiem Makarim Hadir di Pengadilan;Sindonews;
FOTO: Melihat Latihan Timnas Futsal Indonesia Jelang AFC Futsal Asian Cup 2026;Sindonews;
Undip Tidak Pakai Nilai TKA untuk SNBP 2026? Begini Faktanya;Sindonews;
Saksi Ungkap Jurist Tan Diberikan Kewenangan Luas oleh Nadiem Makarim;Sindonews;
AFC U23 Asian Cup 2026: Panggung Bintang Muda Asia, Live di RCTI!;Sindonews;
Prabowo Gelar Retreat Jilid II, Mensesneg: Evaluasi Kinerja Kabinet Merah Putih;Sindonews;
Catatan Akhir 2025, Kemenkeu Blak-blakan Soal Kondisi Ekonomi Indonesia;Sindonews;
Tadabur Surat An-Najm Ayat 13-18: Kisah Perjalanan Mikraj Nabi SAW ke Sidratul Muntaha;Sindonews;
Presiden Lee Jae-myung Akui Teknologi Korsel Kalah Tertinggal dari China;Sindonews;
Mengapa Militer Venezuela Diam Saja saat Militer AS Mengacak-acak dan Menculik Maduro?;Sindonews;
63 Brigjen TNI Dimutasi pada Desember 2025, Ini Daftar Namanya;Sindonews;
Update! Daftar Lengkap 36 Kapolda Se-Indonesia setelah Irjen Edy Murbowo Jabat Kapolda NTB;Sindonews;
Tongkat Komando 6 Kapal Perang TNI AL Berganti;Sindonews;
Kisah Pertempuran Pasukan Kapten Tubagus Muslihat Pukul Mundur Penjajah Inggris dan Sekutu dari Kota Bogor;Sindonews;
Kisah Moksa Mahapatih Gajah Mada di Air Terjun Madakaripura;Sindonews;
Kisah Asraf dan Adiknya 3 Hari Bertahan di Loteng dari Amukan Banjir Bandang Pidie Jaya;Sindonews;
Kisah Jenderal LB Moerdani Dapat Pujian dari Mantan Presiden Filipina Fidel Ramos;Sindonews;
Kisah 30 Kopassus Nyamar Jadi Hantu Putih saat Taklukkan 3.000 Pemberontak di Kongo;Sindonews;
Kisah Jenderal Kopassus Sarwo Edhie Wibowo Lampiaskan Dendam Kematian Ahmad Yani hingga Tumpas PKI;Sindonews;
Teori Pizza Meter Terbukti! Pesanan Pizza Melonjak Tajam di Pentagon saat AS Tangkap Maduro;Sindonews;
Nabi Gadungan Bikin Panik Warga Satu Negara, Tebar Ketakutan akan Terjadi Banjir Kiamat;Sindonews;
Bak Memutar Waktu, 7 Penerbangan Ini Lepas Landas 1 Januari 2026 dan Mendarat 31 Desember 2025;Sindonews;
7 Negara Terbaik yang Gelar Pesta Kembang Api Malam Tahun Baru 2026;Sindonews;
Deretan Negara-negara yang Pertama Kali Merayakan Tahun Baru 2026;Sindonews;
15 Tradisi Unik Merayakan Tahun Baru, Salah Satunya Berkeliling Membawa Koper Kosong;Sindonews;
Shin Min Ah Resmi Jadi Brand Ambassador Louis Vuitton;Sindonews;
Polda Metro Tetapkan Richard Lee Tersangka Laporan Doktif;Sindonews;
Terungkap, Alasan Andhara Early Mantap Mengajukan Cerai dari Bugi Ramadhan;Sindonews;
Devano Ubah Nama Panggung, Iis Dahlia Pastikan Tak Sampai Ubah KTP;Sindonews;
Sering Disalahgunakan, Arie Kriting Larang Grok di X Edit Fotonya;Sindonews;
Kumpulan Kabar Berita Nasional Terkini Serta Terpopuler;Suara;
Kumpulan Kabar Berita Metropolitan Hari Ini;Suara;
Kumpulan Kabar Berita Internasional Terkini atau Hari Ini;Suara;
Drama Sidang Ijazah Jokowi: Bukti Asli Masih Misteri, Saksi Kunci Disiapkan!;Suara;
Kasus Adik Bunuh Kakak di Makassar 'Ujian' Pertama KUHP dan KUHAP;Suara;
Demo di Depan Kedubes AS Sempat Buat Lalu Lintas Tersendat;Suara;
Tahun Baru, Strategi Baru, Saham-saham Potensial Ini Patut Dilirik;Suara;
Momen Jenaka di Retret Hambalang: Prabowo Minta Koalisi Awasi Terus Cak Imin, Kenapa?;Suara;
Kemenkeu Klaim Ekonomi Indonesia Akhir 2025 Tetap Tangguh, Ini Buktinya;Suara;
Emiten Jual Beli Besi Kapal Bekas (OPMS) Berencana Tambah 16 Lini Usaha Baru;Suara;
Harga Saham DEWA Meroket Hari Ini, Ternyata Ini Penyebabnya;Suara;
DPRD Sulteng Soroti Penegakan Hukum 'Tebang Pilih' dalam Konflik Tambang di Morowali;Suara;
5 Merek Susu Tinggi Kalsium untuk Atasi Nyeri Lutut dan Sendi, Cocok untuk Lansia 50-an;Suara;
Sempat Dilarikan ke Rumah Sakit, Seorang Ibu Tewas Tertabrak Mobil saat Berjalan Kaki di Kalideres;Suara;
Kronologi Komplotan Ngaku Petugas PLN Masuk Rumah Warga Palembang, Emas Rp220 Juta Raib;Suara;
Jadi Tersangka, Dokter Richard Lee Malah Sibuk Kritik Pandji Pragiwaksono: Pret Lah!;Suara;
Ini Dia Upaya Pemerintah Atasi Bencana Pulau Sumatra;Suara;
Ketika Bencana Memutus Jalan dan Pulihnya Jembatan Jadi Penyambung Kehidupan;Suara;
Sidang Korupsi Nadiem Dijaga Ketat TNI, Kejagung Ungkap Ada 'Penilaian Risiko';Suara;
Bicara MBG, Prabowo Kutip Pesan Bung Karno: Perut Lapar Tak Bisa Tunggu;Suara;
Soal KUHP dan KUHAP, Dasco: Jika Tidak Berkenan, Silakan Uji Materi ke MK;Suara;
Ada Aksi Demonstrasi di Depan Kedubes AS, Kecam Donald Trump Soal Agresi Militer di Venezuela;Suara;
Satgas Galapana DPR RI Dorong Sinkronisasi Data Percepatan Huntara, Target Rampung Jelang Ramadan;Suara;
Gebrakan Baru Chandra Asri, Dua Petingginya Tiba-tiba Mundur;Suara;
Menkeu Purbaya Bisa Tarik Surplus BI demi Kebutuhan APBN;Suara;
Menperin Dorong Kawasan Industri Tematik Masuk PSN: Bidik Ketahanan Pangan, Energi, dan Kesehatan;Suara;
Pemerintah Usul WFA Diterapkan saat Mudik Lebaran;Suara;
Daftar Pemain Persija Jakarta yang Absen Hadapi Persib Bandung;Suara;
Jadwal BRI Super League: Duel Panas Persib vs Persija, Borneo Hadapi Persita Tangerang;Suara;
John Herdman Dibuat Pusing Komposisi Pemain Timnas Indonesia, Ada Masalah Apa?;Suara;
PSSI Pamerkan Koleksi Penghargaan Mentereng Pelatih Baru Timnas Indonesia John Herdman;Suara;
Juventus Dirumorkan Bidik Sergio Busquets dari Argentina, Di Canio: Dia Sangat Kurus;Suara;
Malaysia Open 2026: Alwi Farhan Bidik Start Bagus Awal Tahun;Suara;
Tembus 6 Besar Dunia dalam 6 Bulan, Fajar/Fikri Bidik Tahta Tertinggi di Malaysia Open 2026;Suara;
Oni Junianto Resmi Pimpin PB FAJI, Arung Jeram Indonesia Siap Melangkah Maju;Suara;
An Se-young Susah Payah Raih Kemenangan Perdana di Malaysia Open 2026, Dipaksa Main 1 Jam 15 Menit;Suara;
7 Sepatu Lokal Terbaik untuk Jalan Kaki dan Jogging, Sol Empuk Mulai Rp300 Ribuan;Suara;
5 Merek Obat Herbal untuk Nyeri Sendi, Cocok untuk Lansia yang Alami Pengapuran;Suara;
Face Mist atau Serum, Mana yang Lebih Dulu Dipakai? Ini Urutan yang Benar;Suara;
5 Lipstik Lokal Mirip MAC Versi Lebih Murah, Hasil Plumpy Lebih Ramah di Kantong Ibu-Ibu;Suara;
5 Deodorant Terbaik Gak Bikin Ketiak Wanita Jadi Hitam, Mulai Rp 14 Ribu;Suara;
Usai Lepas Jilbab, Muncul Video Jule Tampil Seksi dengan Tanktop;Suara;
Jejak Fufufafa Viral Lagi Usai Pandji Disebut Hina Fisik Gibran, Netizen ke Tompi: Ini Kelewatan Dok;Suara;
Manohara Blak-blakan Sengaja Putus Kontak dengan Ibu: Saya Berulang Kali Dimanipulasi;Suara;
Aib Hamili Perempuan Mencuat, Anrez Adelio Anggap Wajar Suka DM Cewek Random;Suara;
5 Motor Bebek Jok Lebar dan Bagasi Besar, Setara Matic Kuat Muat Beban Berat;Suara;
Geely Auto Ancam Posisi BYD Setelah Berhasil Jual 3 Juta Unit Mobil Sepanjang 2025;Suara;
Bertenaga Ninja tapi Nyaman Dikendarai, Kawasaki Siapkan Skutik Hybrid 'Bongsor' yang Irit dan Ganas;Suara;
Tunda Dulu Beli Brio Baru: Harga Honda WR-V Bekas Kini Tinggal Segini, Intip Pajaknya;Suara;
Gaji UMR Merapat! Ini 4 Mobil Cicilan 2 Jutaan Terbaik 2026, Irit BBM dan Pajak Murah;Suara;
Serupa tapi Tak Sama: Ini Adu Fitur Honor Power 2 vs iPhone 17 Pro;Suara;
Spesifikasi Honor Power 2: Mirip iPhone 17 Pro, Usung Baterai 10.080 mAh dan Dimensity 8500;Suara;
Game Populer yang Laris, Arc Raiders Siap Jadi Film dan Serial TV?;Suara;
10 Pilihan Paket Internet Telkomsel Murah untuk Sebulan Januari 2026;Suara;
Fakta Super Flu Ditemukan di Indonesia, Apa Bedanya dengan Flu Biasa?;Suara;
Soroti Isu Perempuan hingga Diskriminasi, IHDC buat Kajian Soroti Partisipasi Kesehatan Indonesia;Suara;
Mengapa Layanan Wellness dan Preventif Jadi Kunci Hidup Sehat di 2026;Suara;
Ancaman Kuman dari Botol Susu dan Peralatan Makan Bayi yang Sering Diabaikan;Suara;
Terlalu Sibuk Kerja Hingga Lupa Kesehatan? Ini Isu 'Tak Terlihat' Pria Produktif yang Berbahaya;Suara;
Pasca Euforia Satu Indonesia ke Jogja, Carut Marut Transportasi Jogja Perlu Dibenahi;Suara;
Skincare Alpha Arbutin dan Vitamin C Apakah Boleh Digabung? Cek 5 Produk yang Mencerahkan Wajah;Suara;
5 Mobil Pilihan Anak Muda yang Bikin Percaya Diri;Suara;
Kemenhub Bekukan Izin Operasional Cahaya Trans Buntut Kecelakaan Maut di Exit Tol Krapyak;Suara;
Pelatih Tottenham Hotspur Sindir Man United Usai Pecat Ruben Amorim, Takut Bernasib Sama?;Suara;
Krisis Hunian Generasi Z dan Harapan Punya Rumah yang Sulit Tergapai;Suara;
Tak Hanya Infrastruktur, Pendidikan Jadi Prioritas Pemulihan Pascabencana di Aceh;Suara;
Kia Perkenalkan Mobil Konsep Masa Depan Rayakan Perjalanan 80 Tahun di Industri Otomotif;Suara;
Menteri PPPA Ungkap Kondisi Anak-anak Korban Banjir di Tapanuli Selatan;Suara;
Rugikan Industri Lokal, Purbaya Tarik BMTP Impor Kain Tenun Kapas hingga Rp 3.300 per Meter;Suara;
Tentara di Sidang Nadiem Bikin Hakim Bertindak, Mabes TNI Ungkap Fakta Ini;Suara;
Jadwal dan Formasi PPPK KemenHAM 2026, Rekrutmen Dibuka 7 Januari;Suara;
Praktis dan Hemat! 6 Rekomendasi Bundle Lipstik Ombre untuk Daily Makeup;Suara;
Rupiah Makin Terperosok ke Level Rp 16.758 per USD Hari Ini;Suara;
Ucap Salam Perpisahan, Liam Rosenior: Saya Pelatih Baru Chelsea;Suara;
Asus ROG Unjuk Gigi di CES 2026, Hadirkan Inovasi Gaming Masa Depan Berbasis AI;Suara;
Program MBG Diejek Pakar, Prabowo: Hei Orang-orang Pintar, Lihat dengan Mata dan Hati;Suara;
Hearts2Hearts Siap Gelar Fan Meeting Perdana di Jakarta, Catat Tanggalnya;Suara;
5 Sunscreen Terbaik Mengandung Zinc Oxide yang Aman untuk Kulit Sensitif;Suara;
Pasar Privat Diprediksi Jadi Sumber Pendapatan Terbesar Manajemen Aset Global;Suara;
4 Mobil Kecil Bekas Hyundai, Stylish dan Dinamis untuk Anak Muda;Suara;
4 Mobil Kecil Bekas Suzuki Mulai 50 Jutaan: Hemat Bahan Bakar, Fitur Lengkap;Suara;
Menguji Keseriusan Indonesia Soal Keadilan Ekologis Pasca COP30 Brasil;Suara;
Dari Sampah hingga AI, Sahya Vidya Nusantara Jadi Ruang Belajar Alternatif di LPB Nasional 2025;Suara;
Catatan Pesisir: Tambang Datang, Laut Terancam dan Warga Sangihe Bertahan;Suara;
Molotov, Bangkai dan Sinyal Merah Demokrasi: Siapa di Balik Teror Berantai Pengkritik Pemerintah?;Suara;
Larangan Sawit Jabar Vs Regulasi Nasional: Mengapa Surat Edaran Dedi Mulyadi Rawan Digugat?;Suara;
KUHP Baru Mulai Berlaku, Apa Saja yang Harus Diketahui dan Artinya Bagi Kita?;Suara;
Minyak di Balik Serangan AS ke Venezuela, Mengapa China Paling Rugi?;Suara;
Ketika Uang Tunai Tak Lagi 'Sakti' di Negeri Sendiri? Mengapa Itu Bisa Terjadi?;Suara;
Proyeksi Harga TOBA di Tengah Aksi Buyback 790 Juta Lembar Saham;Suara;
Yamaha Mio vs Honda BeAT Lebih Bagus Mana? Ini Adu Harga dan Spesifikasinya;Suara;
Gunungan Uang Rp6,6 Triliun Dipamerkan di Kejagung, Hasil Denda dan Rampasan Korupsi Kehutanan;Suara;
5 Rekomendasi Sepatu Sandal Nyaman nan Stylish: Cuma Ada di Foot Locker!;Suara;
5 Sepatu Lokal yang Nyaman untuk Flat Foot, Harga Mulai Rp300 Ribuan;Suara;
Prodjo Sunarjanto: Peluang Besar Logistik, Mobil Listrik hingga Tantangan dari Gen Z;Suara;
Rolas Sitinjak: Kriminalisasi Busuk dalam Kasus Tambang Ilegal PT Position, Polisi Pun Jadi Korban;Suara;
Transformasi Sarana Menara Nusantara dari 'Raja Menara' Menuju Raksasa Infrastruktur Digital;Suara;
'Tidak Ada Nasi Hari Ini', Anak Aceh Bertahan dengan Satu Sendok Makan;Suara;
HUT ke-13 Jokowi Masuk Gorong-gorong, Membaca Ulang Mitos Populisme;Suara;
Skandal Rp2,7 Triliun Menguap! Misteri di Balik SP3 'Diam-diam' Kasus Tambang Konawe Utara;Suara;
Untung-Rugi Pembebasan Pajak Penghasilan Buruh;Tempo;
Bisakah Insentif Pajak Penghasilan Mendorong Daya Beli Buruh;Tempo;
Mengapa Polisi Tak Kunjung Menangkap Pelaku Teror Influencer;Tempo;
Bagaimana Drama Cina 'Summer Rose' Lolos Sensor Xi Jinping;Tempo;
Ketua KPK Akan Jalankan KUHP dan KUHAP secara Konsekuen;Tempo;
5 Destinasi Microretirement Favorit Gen Z;Tempo;
Optimis Kinerja Positif di 2026, Direksi Bank Jatim Tingkatkan Kepemilikan Saham;Tempo;
Trump: Tidak akan Ada Pemilu di Venezuela dalam 30 Hari;Tempo;
Pejabat Badan Gizi Nasional di Balik Dapur MBG;Tempo;
Pedoman Polisi Menerapkan KUHP dan KUHAP Baru;Tempo;
Kacau-Balau Pengelolaan Fiskal;Tempo;
Dampak Serangan Amerika ke Venezuela Terhadap Harga Emas;Tempo;
Kerugian Akibat Bencana Iklim 2025;Tempo;
Menaksir Kerugian Akibat Bencana Iklim 2025;Tempo;
Tren Baru 'Naked Travelling'. Apa Itu?;Tempo;
Pemkot Bersama Forkopimda Pekanbaru Sepakat Tertibkan Kabel Fiber Optik;Tempo;
Kurs Rupiah Melemah ke Level 16.758 per Dolar AS;Tempo;
Terancam Digusur, Mickey Rourke Ajak Fans Berdonasi;Tempo;
Hak Suara yang Tersisa dalam Demokrasi Indonesia;Tempo;
Prabowo Membuka Retret di Hambalang dengan Video MBG;Tempo;
3 Faktor yang Bisa Bikin Inflasi di Atas 3 Persen Kuartal I;Tempo;
Lima Sektor Padat Karya Dapat Fasilitas PPh 21;Tempo;
2026: Tahun Pertaruhan Prabowo;Tempo;
Orde Baru Bangkit dari Kubur;Tempo;
Status Darurat Berakhir, Sampah Masih Menumpuk di Tangsel;Tempo;
BNN Gerebek Pabrik Narkotika di Ancol;Tempo;
WANNA ONE GO Kembali Tayang 2026, Kang Daniel Hanya Ikut Separuh Acara;Tempo;
Australia Reopens Steel Export Market to Indonesia;Tempo;
Menakar Efektivitas Subsidi Pupuk dan Infrastruktur Pertanian dalam APBN 2026;Tempo;
Anak-Anak Papua Belum Bisa Masuk ke Startup Bermodal Besar;Tempo;
Soal Pembahasan Revisi UU Pemilu, Dasco: Belum Diputuskan;Tempo;
Arahan Prabowo di Evaluasi Kabinet: PKB Harus Terus Diawasi;Tempo;
Hakim Pakai KUHAP Baru di Sidang Kasus Korupsi PT PP;Tempo;
Menteri Supratman Tegaskan Plea Bargaining Tetap ke Hakim;Tempo;
Alat Pengadaan 2026 TNI AD Dialihkan untuk Bencana Sumatera;Tempo;
Nicolas Maduro Bisa Terancam Hukuman Mati di AS;Tempo;
Sidang Nicolas Maduro: Saya Tawanan Perang!;Tempo;
Penumpang Pesawat Libur Natal-Tahun Baru 2026 Capai 10 Juta;Tempo;
Keliru: Foto Penangkapan Presiden Venezuela Nicolas Maduro;Tempo;
Gunung Semeru Gempa Erupsi 31 Kali Sejak Pagi Tadi;Tempo;
BMKG Ingatkan Risiko Gelombang Tinggi, Efek Siklon Jenna;Tempo;
Fisipol UGM Kirim 12 Relawan Pendidikan ke Aceh;Tempo;
DJ Donny: Saya Mengkritik Pemerintah Berdasarkan Fakta;Tempo;
Teror Menguat di Media Sosial;Tempo;
Kini AI Bisa Rancang Virus Baru. Potensial atau Berbahaya?;Tempo;
Starlink Turunkan Orbit Satelit Demi 2 Alasan Ini;Tempo;
Buruk Rupa Tata Kelola MBG;Tempo;
Waswas Perlindungan Data Pribadi;Tempo;
Keliru: Mahfud MD Membagikan Uang Sitaan Korupsi untuk Modal Usaha;Tempo;
Swiss Bekukan Aset Eks Presiden Venezuela Nicolas Maduro;Tempo;
Hubungan Panjang Seni Rupa Indonesia dan Belanda;Tempo;
Marquez Bersaudara Rayakan Kesuksesan di Kampung Halaman;Tempo;
Veda Ega Pratama Promosi ke Moto3;Tempo;
Yolla Yuliana Ungkap Kesiapannya Bertanding di Proliga 2026;Tempo;
Indonesia Masuk Nominasi Terbaik Dunia di Futsal Awards 2025;Tempo;
Jadwal Persib Bandung vs Persija Jakarta pada Minggu;Tempo;
Bruno Fernandes Kirim Pesan untuk Ruben Amorim;Tempo;
Deretan Fitur Baru Apple yang Akan Hadir di iOS 27;Tempo;
Produk dan Layanan Baru Google yang Akan Rilis 2026;Tempo;
Di Balik Ledakan Film Indonesia;Tempo;
5 Manfaat Baik Minyak Zaitun untuk Kesehatan Tubuh;Tempo;
Beli Rumah Mahal, Gen Z dan Milenial Pilih Hunian Sewa;Tempo;
Morrissey Batalkan 2 Konser di Awal Tahun 2026;Tempo;
Zootopia 2 Jadi Film Animasi Disney Terlaris;Tempo;
Gubernur DKI Jakarta Resmikan Paviliun Raden Saleh di TIM;Tempo;
Ketika Wardiman Mengenang Kontroversi Kebijakan Link and Match;Tempo;
Bondan Kanumoyoso Mengenang Gus Dur;Tempo;
Proyek Makan Bergizi Gratis Menggerus Anggaran Pendidikan;Tempo;
Apa Manfaat Tes Kemampuan Akademik;Tempo;
Panitia SNPMB Ingatkan Ada Aturan Ketat Registrasi Akun;Tempo;
Jejak Elite TNI-Polri dan Keluarganya di Dapur MBG;Tempo;
Prabowo Evaluasi Kabinet, di Hambalang Bahas MBG dan Beras;Tempo;
Sikap Partai-partai soal Wacana Pilkada Tak Langsung;Tempo;
Dampak Buruk Pengalihan Anggaran Kesehatan ke Proyek MBG;Tempo;
Warga Surabaya Mengaku Rumahnya Diserobot untuk Dapur MBG;Tempo;
Istana Ungkap Jam Rolex untuk Pemain Timnas Indonesia dari Uang Pribadi Prabowo;Tempo;
Kemendiktisaintek Wanti-wanti UKT Bisa Naik Imbas Pemangkasan Anggaran;Tempo;
Surya Paloh: NasDem Total Mendukung Prabowo;Tempo;
Baleg DPR Akan Bahas Opsi Pemilihan Kepala Daerah Lewat DPRD di Pembahasan RUU Pilkada;Tempo;
Waspada Penyakit Saat Musim Hujan di Awal Masuk Sekolah;Tempo;
Prabowo Mengklaim Swasembada Beras Tercapai di Akhir 2025;Tempo;
Panitia SNPMB: Ada Dua Jalur Pengisian PDSS SNBP 2026;Tempo;
Tokio Marine dan Lazismu Berikan Beasiswa Sang Surya 2025 untuk Mahasiswa Politeknik Tempo;Tempo;
Kontroversi Jakarta sebagai Daerah Khusus;Tempo;
Begini Ketentuan Kuota SNBP Sekolah Berdasarkan Akreditasi;Tempo;
100 Tahun Ahmadiyah di Antara Kita;Tempo;
Alasan Fungsi Huruf Braille Tidak Dapat Digantikan Teknologi;Tempo;
Beda Cara Belajar Braille pada Tunanetra Anak dan Dewasa;Tempo;
IHSG Cetak Rekor Baru 8.859,19;Tempo;
Koperasi Merah Putih Ditargetkan Beroperasi Penuh Medio 2026;Tempo;
Serikat Buruh Nilai Pembebasan PPh Bisa Dorong Daya Beli;Tempo;
ESDM Koreksi RKAB 2026 Minerba;Tempo;
Mengapa Penjualan Mobil Indonesia Tertinggal dari Malaysia;Tempo;
Kementerian PU Tambah Alat Berat ke Lokasi Banjir Sumatera;Tempo;
Retret Kepala Daerah Berlanjut. Buat Apa?;Tempo;
Risiko Besar Revisi UU P2SK bagi Bank Indonesia;Tempo;
Jalan Berbatu Menteri Keuangan Baru;Tempo;
Antara Janji Purbaya Yudhi Sadewa dan Realitas Ekonomi 2025;Tempo;
Konflik AS-Venezuela: SCI Soroti Energi dan Rantai Pasok;Tempo;
BI Klaim Inflasi 2025 Terjaga dalam Sasaran;Tempo;
AS Serang Venezuela, Dino Patti Djalal Kritik Pernyataan Sikap Kemenlu RI: Harus Berani Berpendirian;Tribunnews;
Di Hadapan Pengadilan AS, Nicolas Maduro Beri Pernyataan Keras: Saya Masih Presiden Venezuela!;Tribunnews;
Saksi Ungkap Jurist Tan Ditakuti Semua Staf Kemendikbudristek Era Nadiem Makarim, Ini Penyebabnya;Tribunnews;
Sidang Kasus Korupsi Laptop Chromebook, 2 Pejabat Ditjen Paudasmen Diperiksa;Tribunnews;
Penanganan Pascabencana Dimulai, Pemulihan Air Bersih Sumatera Diprioritaskan;Tribunnews;
BREAKING NEWS: Bareskrim Tetapkan Tersangka Individu dan Korporasi Kasus Kayu Gelondongan di Tapsel;Tribunnews;
Rapat Darurat PBB Digelar, Aksi AS Tangkap Presiden Venezuela Dinilai Langgar Hukum Internasional;Tribunnews;
Pejabat Kemendikbud Mengaku Pernah Terima Uang Rp 50 Juta Dari Terdakwa Kasus Chromebook Mulyatsyah;Tribunnews;
Mediasi Doktif vs Richard Lee Gagal, Tak Ada Kata Damai, Polisi Bergerak;Tribunnews;
19 Pemain Jakarta Pertamina Enduro di Proliga 2026: Megawati Kembali, Tisya Amallya Jadi Kapten;Tribunnews;
Wilda Nurfadhilah Punya Peran Baru usai Pensiun, Masuk Jajaran Pelatih Livin Mandiri di Proliga 2026;Tribunnews;
Honda Aduk Pasar Transfer Pembalap MotoGP, Pilih Kontrak Quartararo-Acosta Ketimbang Pulangkan MM93;Tribunnews;
Suami Boiyen Resmi Dilaporkan ke Polisi, Terancam 4 Tahun Penjara karena Dugaan Penggelapan;Tribunnews;
Di Rapat Darurat PBB, AS Dikecam Banyak Negara soal Serangan di Venezuela;Tribunnews;
Kunci Jawaban Biologi Kelas 12 Halaman 216-217: Aktivitas 4.10 Mengenal Produk Bioteknologi Modern;Tribunnews;
Prabowo: Orang Jahat Mengejek Kita Karena Kita Benar;Tribunnews;
Anggota TNI Masuk Ruang Sidang Nadiem, Imparsial Kritik, Begini Penjelasan Mabes TNI dan Kejaksaan;Tribunnews;
New West: 'Cause All of The Small Things that You Do;Tribunnews;
Kritik Pilkada Melalui DPRD, Formappi: Partai-partai Berharap Bisa Memanipulasi Akal Sehat Rakyat;Tribunnews;
Manchester United Pecat Ruben Amorim, Karier Matthijs De Ligt Makin Berwarna-warni;Tribunnews;
Promo Alfamart, Indomaret, dan Superindo 7 Januari: Minyak Goreng Rp29.000, Deterjen Rp23.500/1,5 Kg;Tribunnews;
Venezuela Chaos Setelah Presiden Maduro Ditangkap AS, Ledakan Terdengar di Istana Caracas;Tribunnews;
Hasil Malaysia Open 2026: An Se-young Nyaris Dipermalukan Wakil Kanada, Unggulan 1 Mulus ke 16 Besar;Tribunnews;
Kutuk Aksi AS Tangkap Presiden Venezuela Maduro, FPN: AS Induk Terorisme!;Tribunnews;
Mengenal Suku Ata Modo di Flores, Ritual Adat di Balik Penemuan Jasad Pelatih Valencia;Tribunnews;
Jadi Tersangka Laporan Doktif, Richard Lee Segera Diperiksa Polisi pada 7 Januari;Tribunnews;
Toni RM Ungkap Kemungkinan Inara-Insan Jadi Tersangka atas Laporan Mawa, Singgung Ancaman Pidana;Tribunnews;
Fiersa Besari Ungkap Kondisi Terkini Istri usai Ditabrak Mobil, Kaki Masih Sakit hingga Pakai Kruk;Tribunnews;
Digosipkan Dekat dengan Jule, Instagram Jefri Nichol Digeruduk Warganet;Tribunnews;
Lionel Messi dan Potensi Sejarah di 2026: Rekor Apa yang Bisa Dipecahkan?;Tribunnews;
Dasco: Retret Kabinet Prabowo di Hambalang untuk Satukan Visi;Tribunnews;
Israel Serang Gaza Lagi, 5 Warga Palestina Tewas dan Infrastruktur Hancur meski Ada Gencatan Senjata;Tribunnews;
Gencatan Senjata Kembali Dilanggar, 2 Orang Tewas dalam Serangan Drone Israel di Lebanon Selatan;Tribunnews;
Menteri Kebudayaan Israel: Gaza Adalah Milik Israel, Warga Palestina Adalah Tamu;Tribunnews;
Zohran Mamdani Cabut Aturan Pro-Israel di Hari Pertamanya Jadi Wali Kota New York;Tribunnews;
PBB Beri Peringatan Keras, Desak Israel Cabut Larangan 37 LSM di Gaza dan Tepi Barat;Tribunnews;
Sehari Jadi Wali Kota New York, Zohran Mamdani Cabut Kebijakan Pro-Israel;Tribunnews;
Di Bawah Tekanan Trump, Israel Bersiap Buka Kembali Perlintasan Rafah;Tribunnews;
MUI Kecam Israel Larang Organisasi Kemanusiaan di Gaza: Bentuk Kebiadaban;Tribunnews;
Somaliland Sudah Jadi Target Zionis Sebelum Negara Israel Resmi Berdiri;Tribunnews;
Trump-Netanyahu Teken Kontrak Baru: AS Lepas 50 Jet Tempur F-15IA Seharga Rp144 T ke Israel;Tribunnews;
Perunggu, Viral TikTok: Kami Pernah di Situ, di Posisimu, Helakan Kesahmu;Tribunnews;
LBH Desak MA Bersikap Soal TNI Amankan Sidang Nadiem Makarim: Jaksa Telah Mencederai Wewenang Hakim;Tribunnews;
Mediasi Doktif vs Richard Lee Gagal, Tak Ada Kata Damai, Polisi Bergerak;Tribunnews;
Rapat Darurat PBB Digelar, Aksi AS Tangkap Presiden Venezuela Dinilai Langgar Hukum Internasional;Tribunnews;
Perlihatkan Video Anak-anak Bahagia Terima MBG, Prabowo: Lihatlah Hei Orang Pintar yang Mengejek;Tribunnews;
Catat Pertumbuhan Positif di 2025, Maxim Siap Hadirkan Terobosan dan Rencana Strategis untuk 2026;Tribunnews;
4 Rekomendasi Cara Seru Rayakan Akhir Tahun Bersama Keluarga dan Sahabat;Tribunnews;
Ramai Modus Penipuan Hadiah Akhir Tahun, Yuk Manfaatkan Fitur Keamanan dari Dompet Digital Ini!;Tribunnews;
Catat Sejarah, The Palace Jeweler Jadi Ritel Perhiasan Modern Pertama di Tanah Papua;Tribunnews;
Duduk Perkara Perseteruan Dokter Richard Lee dengan Doktif, Keduanya Kini Tersangka;Tribunnews;
Pejabat Kemendikbud Mengaku Pernah Terima Uang Rp 50 Juta Dari Terdakwa Kasus Chromebook Mulyatsyah;Tribunnews;
Razman Buka Suara usai Richard Lee Jadi Tersangka Laporan Doktif, Sebut Tak Ada Peluang Damai;Tribunnews;
Kehadiran TNI di Sidang Nadiem Dipersoalkan, Mengancam Marwah Pengadilan hingga MA Diminta Bersikap;Tribunnews;
Pengamat: Kegiatan Retret Part 2 Kabinet Prabowo Tak Rasional;Tribunnews;
Nilai Transaksi Hari Belanja Online Nasional 2025 Lampaui Target, Capai Rp 36,4 Triliun;Tribunnews;
Antusiasme Menkeu Purbaya Ikut Retret Kabinet Merah Putih di Hambalang: Udah Hafalin Ekonomi & APBN;Tribunnews;
Diancam Trump usai Maduro Ditangkap, Presiden Kolombia Siap 'Angkat Senjata' demi Tanah Air;Tribunnews;
Bangkit di Atas Reruntuhan: Sebuah Sintesis antara Teori dan Praktik Ketangguhan Bencana di Sumatera;Tribunnews;
Penetapan Tersangka Skandal Korupsi Haji Tertunda karena KPK Tunggu Hitungan Final BPK;Tribunnews;
Hasil Badminton Malaysia Open 2026: Jafar/Felisha Kalah, Juara Bertahan Tunggal Putra Lolos 16 Besar;Tribunnews;
Prabowo: Swasembada Beras Tercapai, Cadangan RI Tertinggi Sepanjang Sejarah;Tribunnews;
Alasan Demokrat Tetap Laporkan YouTube Kajian Online meski Sudah Minta Maaf usai Fitnah SBY;Tribunnews;
Prabowo Sentil Pengkritik MBG: Kita Pelajari 99,99 Persen Berhasil;Tribunnews;
5 Drama Korea Rating Tertinggi Desember 2025, Ada Taxi Driver 3 hingga Moon River;Tribunnews;
Duduk Perkara Sekdes & Kaur Desa di Boyolali Didemo Warga, Gelapkan Dana Rp159 Juta, Akhirnya Mundur;Tribunnews;
Super League : Persija Kalahkan Persijap Jepara, Foto 1 #2030878;Tribunnews;
Tinju Jalanan untuk Tekan Angka Tawuran, Foto 1 #2030722;Tribunnews;
Seperti COVID-19, Super Flu Berbahaya Bagi Lansia dan Anak di Bawah 2 Tahun;Tribunnews;
Piala Asia Futsal 2026: Thailand Bawa Pelatih Baru Muka Lama, Timnas Indonesia Tanpa Evan Soumilena?;Tribunnews;
3 Rumor Transfer Super League dari Arema: Jebolan SEA Games hingga Amunisi Persija;Tribunnews;
Ramalan Zodiak Rabu, 7 Januari 2026: Gemini Merasa Senang, Aquarius Disarankan Hindari Berutang;Tribunnews;
Tak Ada Itikad Baik setelah 2 Kali Somasi, Suami Boiyen Dilaporkan ke Polda Metro Jaya;Tribunnews;
Retret Hambalang: Prabowo Pamer Lampaui Capaian Cadangan Beras Era Soeharto, Tertinggi di Sejarah RI;Tribunnews;
Wagub Bangka Belitung Hellyana Bakal Jalani Pemeriksaan Sebagai Tersangka di Bareskrim Besok;Tribunnews;
Ole Gunnar Solskjaer Siap Balik ke Manchester United, Kans Terciptanya Reuni di Old Trafford;Tribunnews;
Kejutan Hasil Malaysia Open 2026 : 2 Runner-up BWF World Tour Finals Pulang Cepat, ASY Nyaris Ikut;Tribunnews;
Reaksi Keras Petinggi PKS Cilegon Usai Pembunuh Anaknya Ditangkap;Tribunnews;
Harga Emas Antam Hari Ini Selasa, 6 Januari 2026 Melonjak Drastis Rp 34.000 per Gram;Tribunnews;
Merasa Difitnah Tak Tanggung Jawab Pada Icel, Anrez Adelio Mengaku Punya Bukti;Tribunnews;
Polisi Klaim Motif Pembunuhan Anak Politisi PKS karena Ekonomi, Reza Indragiri: Tidak Masuk Akal;Tribunnews;
Kronologi Tendangan Kungfu Pemain Putra Jaya, Bekas Pul Sepatu Terlihat di Dada Korban;Tribunnews;
Kuasa Hukum Roy Suryo: Jokowi Sengaja Playing Victim Soal Tudingan Orang Besar di Balik Isu Ijazah;Tribunnews;
Saat Menteri KKP Sakti Wahyu Trenggono Terjebak Macet dan Naik Motor ke Kediaman Prabowo;Tribunnews;
Secuil Harapan Meraih Scudetto, Capello: Juventus dan Roma Masih Punya Peluang;Tribunnews;
Reaksi Doktif usai Richard Lee Resmi Ditetapkan Jadi Tersangka: Gimana, Jantung Aman?;Tribunnews;
Venezuela Buru Pembelot yang Bantu AS Tangkap Presiden Maduro;Tribunnews;
Jadwal Malaysia Open 2026, Selasa 6 Januari: Cuma Jafar/Felisha Tanding Duluan di Hari Pertama;Tribunnews;
Wapres Delcy Dituduh Pengkhianat, Alasan AS Begitu Mudahnya Menculik Presiden Maduro;Tribunnews;
Viral Pria Paruh Baya Aceh Tamiang Tergeletak di Lumpur, Ditemukan Selamat oleh Wamendagri;Tribunnews;
Prabowo Tegaskan Persatuan Tak Harus Satu Barisan: PDIP Boleh di Luar Pemerintah;Tribunnews;
Klasemen Terbaru Liga 2 2025/2026: PSS Sleman Terpongkeng, Barito Putera Unggul 4 Poin di Puncak;Tribunnews;
Insanul Fahmi Ingin Perjuangkan Mawa dan Inara, Bedu Sentil sang Pengusaha dengan Pesan Ini;Tribunnews;
19 Pemain Gresik Phonska di Proliga 2026: Megawati Pergi, 4 Penggawa Skuad SEA Games 2025 Bertahan;Tribunnews;
Jadwal Malaysia Open 2026, Selasa 6 Januari: Cuma Jafar/Felisha Tanding Duluan di Hari Pertama;Tribunnews;
17 Pemain Medan Falcons di Proliga 2026: Pascalina Mahuze Ditemani Bintang ASEAN, Target Final Four;Tribunnews;
Alasan Mengapa Banyak Warga Venezuela yang Bahagia saat AS Menangkap Maduro;Tribunnews;
Al Nassr Sambut Bursa Transfer Januari 2026, Jorge Jesus Minta 3 Pemain Anyar untuk Bantu Ronaldo Cs;Tribunnews;
Update Klasemen Liga Arab Saudi: Takhta Al Nassr Runtuh, Al Hilal Ambil Alih Puncak;Tribunnews;
Malam Oranye di La Guaira: Kisah Warga Venezuela Berlarian ke Gunung saat Tentara Amerika Menyerang;Tribunnews;
Mengenal Delta Force, Pasukan Elite AS di Balik Penangkapan Presiden Venezuela Nicolas Maduro;Viva;
Begini Awal Mula Wanita di Makassar Dianiaya dan Diperkosa Majikan, Lalu Direkam Istri Pelaku;Viva;
Selain Nicolas Maduro, Ini Deretan Pemimpin Negara yang Pernah Dibekuk Amerika Serikat;Viva;
Viral Penjual Lumpia Basah di Bandung Bergaya Paspamres, Omzet Naik Dua Kali Lipat;Viva;
Terpopuler: Man City Mulai Rapuh, Real Madrid Tak Diperkuat Mbappe;Viva;
Ferry Irwandi Tanggapi Pro Kontra Stand Up Pandji Pragiwaksono;Viva;
Panduan Frugal Living di 2026, 10 Langkah Hidup Lebih Hemat dan Tenang Tanpa Utang;Viva;
Cetak Rekor Tertinggi Lagi! IHSG Ditutup Lampaui Level 8.900, Cek 3 Saham Paling Moncer;Viva;
Profil Hilmi Gimnastiar, Pemain Putra Jaya Pasuruan Pelaku Tendangan Kungfu di Liga 4;Viva;
Ribuan Pemain Roblox Mendadak Tidak Bisa Masuk Platform;Viva;
Masuki Tahun Baru 2026, Begini Tata Cara Skrining Kesehatan BPJS;Viva;
Proliga 2026, Megawati Cs Siap Bawa Jakarta Pertamina Enduro Pertahankan Gelar Juara;Viva;
Menkeu Purbaya Angkat Bicara soal Dampak Serangan AS ke Venezuela bagi Ekonomi RI;Viva;
SPBU Swasta Kembali Diperbolehkan Impor BBM, Dirjen Migas Buka Suara;Viva;
Setelah Venezuela, Trump Ingin ‘Caplok’ Greenland Apa yang Istimewa dari Wilayah Itu?;Viva;
Layangkan Tendangan Kungfu, Pemain Putra Jaya Pasuruan Terancam Sanksi Larangan Main Seumur Hidup;Viva;
China Masuk 5 Besar Raksasa Otomotif Dunia;Viva;
Tahu Isi Bihun Telur Jumbo Krispi: Takjil Paling Dicari yang Bikin Dompet Tebal Selama Ramadan!;Viva;
Gokil! iPhone 17 Pro Baterai di Bawah 4000 mAh, Awetnya Kayak 7000 mAh;Viva;
Pengelolaan Pertanahan Nasional dan Peran Kementerian ATR/BPN dalam Kerangka Negara Hukum Indonesia;Viva;
Kejati Kalbar Geledah Kantor KSOP Ketapang terkait Kasus Dugaan Korupsi Pertambangan;Viva;
Reaksi Mentan Amran Ketika Prabowo Puji Swasembada Beras: Tertinggi Selama Sejarah Berdirinya RI;Viva;
Gawat, Begini Kondisi Persib Bandung Jelang Laga El Clasico Lawan Persija, Barba Hengkang, Saddil Ramdani Absen?;Viva;
Perpanjang SIM Lebih Praktis Lewat SIM Keliling, Catat Lokasinya;Viva;
Terpopuler: Jakarta Macet Lagi, Adu Creta Active vs Venue, dan Kebiasaan Bikin EV Boros;Viva;
Dapat Hibah Motor atau Mobil, Harus Bayar Bea Balik Nama?;Viva;
9 Tanda Gemini Mulai Menggeser Dominasi ChatGPT di Dunia AI;Viva;
Asus Absen Rilis Ponsel Baru Tahun Ini;Viva;
Libur Nataru Diserbu, Internet Indonesia Tetap Ngebut;Viva;
Mengenal Delta Force, Pasukan Elite AS di Balik Penangkapan Presiden Venezuela Nicolas Maduro;Viva;
Begini Awal Mula Wanita di Makassar Dianiaya dan Diperkosa Majikan, Lalu Direkam Istri Pelaku;Viva;
Selain Nicolas Maduro, Ini Deretan Pemimpin Negara yang Pernah Dibekuk Amerika Serikat;Viva;
Viral Penjual Lumpia Basah di Bandung Bergaya Paspamres, Omzet Naik Dua Kali Lipat;Viva;
Terpopuler: Man City Mulai Rapuh, Real Madrid Tak Diperkuat Mbappe;Viva;
Bali Siap Terapkan Batas Minimal Rekening Wisman, PHRI Dukung Pariwisata Berkualitas;Viva;
Kapal Wisata Kerap Karam di Labuan Bajo, DPR Minta KSOP Inspeksi Total;Viva;
Bahasa Melayu Loloan Resmi Diusulkan Jadi Warisan Budaya Nasional 2026;Viva;
Nadiem Makarim Disebut Terima Rp 809,59 Miliar, Jaksa Ungkap di Sidang Kasus Chromebook;Viva;
5 HP Stylus Murah tapi Gahar, Bikin Multitasking Makin Lancar;Viva;
Ada 11 Hari Suci Umat Hindu Selama Januari 2026, Simak Jadwalnya;Viva;
Gubernur NTB Heran, Kapal Pesiar Datang ke Lombok Tapi Tidak Tinggal Semalam;Viva;
Kemkomdigi Bakal Terapkan Registrasi SIM Biometrik, Lindungi Privasi Digital Pengguna;Viva;
Dino Patti Djalal Sebut Serangan AS ke Venezuela Ujung dari Kekuasaan Semau Gue;Viva;
Profil John Herdman, Sosok Pelatih Timnas Indonesia Pilihan PSSI dengan Pengalaman Piala Dunia;Viva;
Pajak Kendaraan Jawa Barat 2026 Tidak Naik, Ini Rinciannya untuk Motor dan Mobil;Viva;
Istri Fiersa Besari Ditabrak Mobil di Stasiun Gambir, Ini Kronologi Kejadiannya;Viva;
John Herdman Sebut Talenta Sepak Bola Indonesia Mirip Kanada;Viva;
Jenazah Pelatih Valencia FC, Martin Carreras Fernando Ditemukan;Viva;
Menapak Tradisi & Keindahan Alam di Desa Wisata Religi Bubohu Gorontalo;Viva;
Eksplor Pulau Diyonumo, Permata Laut Gorontalo yang Belum Banyak Orang Tahu;Viva;
Daftar Lengkap 10 Orang Terkaya Indonesia 2026, Nomor 1 Sulit Digeser;Viva;
Turis Asing ke Bali Tembus 7,1 Juta, Gubernur Koster Heran Pungutan Wisata Masih Seret;Viva;
Wisata Malam Malioboro Jogja, Pilihan Tepat Foto Estetik dan Kulineran Saat Libur Awal Tahun Baru;Viva;
Wisata Bukit Naga Jolong Pati, Menikmati Panorama Alam dari Ketinggian;Viva;
Liburan Santai di Air Terjun Bantimurung Maros;Viva;
Budaya Melaksanakan Hari Lalampa 2025 di Parigi Moutong;Viva;
Budaya Makan Ikan dalam Festival Tuna di Kota Manado 2024;Viva;
Budaya Bersih Diri dan Rumah dalam Pakanan Sahur Lewu 2023;Viva;
Budaya Turun-temurun dalam Tradisi Saprahan di Kota Pontianak;Viva;
KUHP Baru Berlaku, Demo Mahasiswa Terancam Dipenjara 6 Bulan?;Viva;
Xiaomi Smartwatch Premium Terbaru, Hadirkan Gesture Control EMG dan eSIM;Viva;
5 Smartwatch Fitness Terbaik 2026: , Pantau Olahraga dan Kesehatan Lebih Maksimal;Viva;
Mengenal Delta Force, Pasukan Elite AS di Balik Penangkapan Presiden Venezuela Nicolas Maduro;Viva;
Begini Awal Mula Wanita di Makassar Dianiaya dan Diperkosa Majikan, Lalu Direkam Istri Pelaku;Viva;
Selain Nicolas Maduro, Ini Deretan Pemimpin Negara yang Pernah Dibekuk Amerika Serikat;Viva;
Viral Penjual Lumpia Basah di Bandung Bergaya Paspamres, Omzet Naik Dua Kali Lipat;Viva;
Terpopuler: Man City Mulai Rapuh, Real Madrid Tak Diperkuat Mbappe;Viva;
Satgas Pascabencana DPR RI, Rapat Percepatan Pemulihan Bencana Bersama Kementrian dan Lembaga;Viva;
Pengamat Sebut Ada 68 Anak Terpapar Ideologi Ekstrem Perlu Ditelusuri Profil Keluarganya;Viva;
Atasi Banjir Menahun, Pemkot Serang Segera Lakukan Normalisasi Sungai di Kawasan Banten Lama;Viva;
Wali Kota Tangsel Pacu 100 Hari Pembenahan Sampah Terintegrasi untuk Akselerasi Ekonomi Hijau;Viva;
Posko Nataru 2025/2026 Resmi Ditutup, Bandara Soetta Catat 3,5 Juta Penumpang Terlayani;Viva;
Harlah NU ke-103, KH Matin Syarkowi Ingatkan Warga NU Jangan Setengah Hati Berkhidmat;Viva;
Fakta Terungkap, Polda Banten Tetapkan HA Tersangka Pembunuhan Sadis Anak Politisi PKS di Cilegon;Viva;
Tambang Dituding Sebagai Penyebab Banjir Cilegon;Viva;
Kronologis Penangkapan Terduga Pelaku Pembunuhan Anak di BBS 3 Cilegon;Viva;
Kuasa Hukum Surati Yusril, Mohon Keadilan Meninggalnya Manager Legal PT Bososi Pratama;Viva;
Anwar Usman Terima Kasih ke MKMK: Saya Tidak Hadir Rapat karena Sakit;Viva;
Atasi Banjir di BAP, Wali Kota Serang Budi Rustandi Desak BPJT Perlebar Saluran Tol Jadi 2 Meter Tahun Ini;Viva;
Ogah Diputusin Kekasih, IRT di Tangsel Nekat Lompat ke Tandon Ciater;Viva;
Launching Manajemen Talenta ASN, Wali Kota: Dulu Banyak Titipan, Sekarang Jangan Harap Bisa;Viva;
Pemkot Serang Siapkan Anggaran Untuk Pembangunan Sarana Publik di Polresta Serang Kota;Viva;
Diduga Ketakutan Didatangi Ormas, Pria di Tangerang Nekat Terjun ke Sungai Cirarab Hingga Ditemukan Tewas;Viva;
Gerak Cepat Mahasiswa Lintas Pulau, HMPS PAI UIN SMH Banten Kirim Bantuan Banjir ke Aceh;Viva;
Kerjasama Pengolahan Sampah Tangsel dan Kota Serang Dianggap Sebagai Solusi Sementara;Viva;
Peringati HAB ke-80 Kemenag, UIN SMH Banten Tegaskan Sinergi untuk Indonesia Maju;Viva;
Terduga Pelaku Pembunuhan Anak Politisi PKS di BBS 3 Cilegon Spesialis Rumah Mewah;Viva;
Satu Dekade Sisumaker Tangsel, Pionir Digitalisasi Birokrasi yang Kini Direplikasi Nasional;Viva;
Wali Kota Serang Ungkap Penyebab Banjir di Banten Lama, Sungai Disulap jadi Got, Bakal Pidanakan Pemilik Bangli;Viva;
Akhirnya Tertangkap, Pembunuh Anak Politisi PKS Cilegon Dibekuk Saat Satroni Rumah Mantan Dewan;Viva;
Takut Dilapor Polisi Akibat Tak Bayar Hutang, Pria di Tangerang Tega Habisi Nyawa Rekannya;Viva;
Sejarah dan Asal-Usul Tahlilan, Jejak Walisongo dan Tarekat dalam Tradisi Islam di Nusantara;Viva;
Tidak Kooperatif Penanganan Banjir, Wali Kota Serang Geram dan Ultimatum BPJT;Viva;
Maqasid al-Urf untuk Konservasi Hutan dan Ekosistem Lautan;Viva;
Cetak 1.695 Guru Profesional, UIN SMH Banten Tegaskan Etika dan Moral Tak Bisa Digantikan AI;Viva;
Chelsea Beri Isyarat Kembalinya Mykhailo Mudryk ke Tim Utama;Viva;
Ruben Amorim Dikritik Wayne Rooney, Fans Manchester United Jadi Heboh;Viva;
Ruben Amorim Didepak Manchester United Karena Tak Sesuai Ekspektasi;Viva;
Gary O Neil Jadi Kandidat Gantikan Rosenior di Strasbourg;Viva;
Ruben Amorim Dipecat Manchester United Setelah Konfrontasi Publik;Viva;
