"articleAuthors","articleKeywords","articleLanguage","articleMetaDescription","articlePublishDate","articleSummary","articleText","articleTitle","articleTopImage","articleURL","articleWordCount","meetsLengthCriteria","meetsSearchCriteria","scrapeSuccess","scrapedAt","searchQuery","sourceURL"
"Adyaksa Vidi, Diterbitkan Januari, Tim Redaksi","yaqut, jokowi, akun, qoumas, daftarnya, postingan, cholil, kuota, haji, korupsi, simak, hoaks","id","Yaqut Cholil Qoumas, mantan Menteri Agama menjadi tersangka dalam kasus korupsi kuota haji setelah menjalani tujuh bulan pemeriksaan.","2026-01-09T21:00:00+07:00","Liputan6.com, Jakarta - Yaqut Cholil Qoumas, mantan Menteri Agama menjadi tersangka dalam kasus korupsi kuota haji setelah menjalani tujuh bulan pemeriksaan.
Lalu apa saja hoaks terkait Yaqut Cholil Qoumas?
Cek Fakta: Waspada Hoaks Artikel Yaqut Cholil Qoumas Sebut Jokowi Atur Kuota HajiAdvertisementBeredar di media sosial postingan artikel Yaqut Cholil Qoumas menyebut Jokowi yang mengatur kuota haji.
Cek Fakta: Hoaks Artikel Cak Imin Dapat Sedikit Hasil Korupsi Kuota Haji dari Yaqut Cholil QoumasBeredar di media sosial postingan artikel Muhaimin Iskandar (Cak Imin) mendapat sedikit hasil korupsi kuota haji dari Yaqut Cholil Qoumas.
Cek Fakta: Hoaks Artikel Eks Menag Yaqut Cholil Qoumas Minta Jokowi Tidak Hilangkan Barang BuktiBeredar kembali di media sosial postingan artikel eks Menteri Agama Yaqut Cholil Qoumas meminta mantan Presiden Jokowi tidak menghilangkan barang bukti.","Liputan6.com, Jakarta - Yaqut Cholil Qoumas, mantan Menteri Agama menjadi tersangka dalam kasus korupsi kuota haji setelah menjalani tujuh bulan pemeriksaan. Ironisnya, hoaks pun mengiringi dalam kasus ini.

Lalu apa saja hoaks terkait Yaqut Cholil Qoumas? Berikut beberapa di antaranya:

1. Cek Fakta: Waspada Hoaks Artikel Yaqut Cholil Qoumas Sebut Jokowi Atur Kuota Haji

Advertisement

Beredar di media sosial postingan artikel Yaqut Cholil Qoumas menyebut Jokowi yang mengatur kuota haji. Postingan itu beredar sejak akhir pekan ini.

Salah satu akun ada yang mengunggahnya di Facebook. Akun itu mempostingnya pada 4 Desember 2025.

Dalam postingannya terdapat cuplikan layar artikel dari Gelora News berjudul:

""Yaqut Cholils Qiemas: Kuota Haji Diatur Jokowi, Saya Berapa Kali Transfer Ke Rekening Jokowi Ada Sepuluh Kali Dalam Setahun""

Akun itu menambahkan narasi:

""Maling yang dilindungi negara dan maling nya masih bebas berkeliaran""

Lalu benarkah postingan artikel Yaqut Cholil Qoumas menyebut Jokowi yang mengatur kuota haji? Simak dalam artikel berikut ini...

2. Cek Fakta: Hoaks Artikel Cak Imin Dapat Sedikit Hasil Korupsi Kuota Haji dari Yaqut Cholil Qoumas

Beredar di media sosial postingan artikel Muhaimin Iskandar (Cak Imin) mendapat sedikit hasil korupsi kuota haji dari Yaqut Cholil Qoumas. Postingan itu beredar sejak bulan lalu.

Salah satu akun ada yang mengunggahnya di Facebook. Akun itu mempostingnya pada 15 Agustus 2025.

Dalam postingannya terdapat cuplikan layar artikel dari CNN Indonesia berjudul:

""Cak Imin Soal Korupsi Kuota Haji Saya Dapat Sedikit Dari Menteri Yaqut Itu Pun Sudah Diikhlaskan Rakyat Tidak Berdosa"".

Akun itu menambahkan narasi ""Rakyat yang mana Cak?""

Lalu benarkah postingan artikel Muhaimin Iskandar (Cak Imin) mendapat sedikit hasil korupsi kuota haji dari Yaqut Cholil Qoumas? Simak dalam artikel berikut ini...

3. Cek Fakta: Hoaks Artikel Eks Menag Yaqut Cholil Qoumas Minta Jokowi Tidak Hilangkan Barang Bukti

Beredar kembali di media sosial postingan artikel eks Menteri Agama Yaqut Cholil Qoumas meminta mantan Presiden Jokowi tidak menghilangkan barang bukti. Postingan itu beredar sejak tengah pekan ini.

Salah satu akun ada yang mengunggahnya di Facebook. Akun itu mempostingnya pada 8 Januari 2026.

Dalam postingannya terdapat cuplikan layar dari Detik.com berjudul:

""Yaqut Cholil Qiemas Ingatkan Jokowi Jangan Menghilangi Barang Bukti Atau Alasan Sakit Segala, Saya Kalau Tidak Diperintah Jokowi Tidak Saya Lakukan ini Menyangkut Nyawa Saya""

Akun itu menambahkan narasi:

""Jokowi presiden terkorup ke.2 di dunia. Lembaga kepolisian terkorup se-Indonesia.""

Lalu benarkah postingan artikel eks Menteri Agama Yaqut Cholil Qoumas meminta mantan Presiden Jokowi tidak menghilangkan barang bukti? Simak dalam artikel berikut ini...","Kumpulan Hoaks Terkait Yaqut Cholil Qoumas, Simak Daftarnya","https://cdn0-production-images-kly.akamaized.net/GkSOJ_0n92HJAj_GORBja5e5QnQ=/1200x675/smart/filters:quality(75):strip_icc():format(jpeg)/kly-media-production/medias/5362279/original/049979300_1758858871-Cek_Fakta_Tidak_Benar_Ini_Link_Pendaftaran__75_.jpg","https://www.liputan6.com/cek-fakta/read/6254100/kumpulan-hoaks-terkait-yaqut-cholil-qoumas-simak-daftarnya","400","true","true","true","2026-01-10T03:27:43.576772+00:00","","https://www.liputan6.com/"
"Pebrianto Eko Wicaksono, Diterbitkan Januari, Tim Redaksi","digital, pendaftaran, klaim, terkini, sosial, link, daftarnya, mencatut, bansos, liputan6com, fakta, simak, hoaks","id","Berbagai kementerian di Indonesia menjadi target penyebaran kumpulan hoaks yang meresahkan masyarakat, apa saja ragamnya? Simak artikel berikut ini.","2026-01-09T20:00:21+07:00","Cek Fakta Liputan6.com pun telah mengungkap beragam hoaks yang mencatut sejumlah kementerian, ancaman disinformasi ini sangat nyata dan membutuhkan partisipasi aktif dari seluruh elemen masyarakat.
Mengetahui ragam hoaks yang mencatut kementerian menjadi langkah awal yang krusial untuk membentengi diri dari dampak negatif informasi palsu, Untuk memudahkan mengetahuinya, simak ragam hoaks berikut ini.
Klaim link pendaftaran bansos digital resmi dari Kementerian Sosial berupa tulisan sebagai berikut.
Benarkah klaim link pendaftaran bansos digital resmi dari Kementerian Sosial?
Simak hasil penelusuran Cek Fakta Liputan6.com dalam halaman berikut ini......","Liputan6.com, Jakarta - Penyebaran hoaks yang mencatut nama kementerian di Indonesia kian masif dan meresahkan masyarakat. Fenomena ini tidak hanya mengancam kredibilitas lembaga pemerintah, tetapi juga berpotensi menimbulkan kerugian bagi publik yang termakan informasi menyesatkan tersebut.

Modus yang digunakan pun bervariasi, mulai dari klaim program bantuan fiktif, tautan pendaftaran palsu, hingga lowongan kerja. Masyarakat diimbau untuk selalu waspada dan melakukan verifikasi informasi sebelum mempercayai atau menyebarkannya.

Cek Fakta Liputan6.com pun telah mengungkap beragam hoaks yang mencatut sejumlah kementerian, ancaman disinformasi ini sangat nyata dan membutuhkan partisipasi aktif dari seluruh elemen masyarakat. Mengetahui ragam hoaks yang mencatut kementerian menjadi langkah awal yang krusial untuk membentengi diri dari dampak negatif informasi palsu, Untuk memudahkan mengetahuinya, simak ragam hoaks berikut ini.

Advertisement

Link Pendaftaran Bansos Digital Resmi dari Kementerian Sosial

Cek Fakta Liputan6.com mendapati klaim link pendaftaran bansos digital resmi dari Kementerian Sosial, informasi tersebut diunggah salah satu akun Facebook, pada 8 Januari 2026.

Klaim link pendaftaran bansos digital resmi dari Kementerian Sosial berupa tulisan sebagai berikut.

""📢 Program Bansos Digital Resmi dari Kementerian Sosial RI

💰 Bantuan Hingga Rp1.500.000 untuk Warga yang Berhak

🛡️ Tanpa calo. Tanpa antri. Langsung diverifikasi.

📲 Daftar sekarang melalui platform resmi berikut:

Cepat, Aman, dan Transparan. Bantu diri & keluarga hari ini!""

Unggahan tersebut disertai dengan menu daftar, jika diklik muncul link berikut.

""https://program-bansos.cek-info.com/?fbclid=IwY2xjawPNWGRleHRuA2FlbQIxMQBicmlkETFwVlhPRVhxQVc1SjNCYVFZc3J0YwZhcHBfaWQQMjIyMDM5MTc4ODIwMDg5MgABHraCGtSVK-DW1PXSjbsrsd4cF_5i0mytOCmrT9RypPIkm-aqROx339ZHKLuH_aem_khGttW6oacjq_LmUzJKplQ""

Link tersebut mengarah pada halaman situs yang menampilkan formulir digital meminta sejumlah identitas, seperti nama dan nomor Telegram.

Benarkah klaim link pendaftaran bansos digital resmi dari Kementerian Sosial? Simak hasil penelusuran Cek Fakta Liputan6.com dalam halaman berikut ini......","Hoaks Terkini yang Mencatut Program Kementerian, Simak Daftarnya","https://cdn1-production-images-kly.akamaized.net/LXluPWhzFhuvE4vttFYrepi0WWM=/1200x675/smart/filters:quality(75):strip_icc():format(jpeg)/kly-media-production/medias/5467828/original/082603300_1767931632-Cek_Fakta_Tidak_Benar_Ini_Link_Pendaftaran_-_2026-01-09T101432.478.jpg","https://www.liputan6.com/cek-fakta/read/6254177/hoaks-terkini-yang-mencatut-program-kementerian-simak-daftarnya","255","true","true","true","2026-01-10T03:27:43.191673+00:00","","https://www.liputan6.com/"
"Adyaksa Vidi, Diterbitkan Januari, Tim Redaksi","2025, libur, skb, 16, miraj, momen, nikmati, siapsiap, 2026, isra, weekend, long","id","Masyarakat bertanya-tanya tanggal 16 Januari 2026 libur apa? Simak informasi lengkap mengenai Hari Libur Nasional Isra Miraj yang hadirkan long weekend tiga hari.","2026-01-09T19:00:00+07:00","Liputan6.com, Jakarta - Bagi masyarakat Indonesia yang menantikan momen libur panjang, ada kabar gembira di awal tahun 2026.
Tanggal 16 Januari 2026 telah ditetapkan sebagai Hari Libur Nasional untuk memperingati Isra Miraj Nabi Muhammad SAW.
Penetapan ini akan memberikan kesempatan bagi banyak orang untuk menikmati akhir pekan panjang atau long weekend, mengingat tanggal tersebut jatuh pada hari Jumat.
Karena 16 Januari 2026 jatuh pada hari Jumat, masyarakat akan mendapatkan keuntungan berupa long weekend selama tiga hari.
Meskipun demikian, perlu dicatat bahwa tidak ada cuti bersama yang menyertai Hari Libur Nasional Isra Miraj pada Januari 2026.","Liputan6.com, Jakarta - Bagi masyarakat Indonesia yang menantikan momen libur panjang, ada kabar gembira di awal tahun 2026. Tanggal 16 Januari 2026 telah ditetapkan sebagai Hari Libur Nasional untuk memperingati Isra Miraj Nabi Muhammad SAW. Penetapan ini akan memberikan kesempatan bagi banyak orang untuk menikmati akhir pekan panjang atau long weekend, mengingat tanggal tersebut jatuh pada hari Jumat.

Peringatan Isra Miraj ini merupakan salah satu dari 17 hari libur nasional yang telah ditetapkan pemerintah untuk tahun 2026. Keputusan ini diatur secara resmi dalam Surat Keputusan Bersama (SKB) Tiga Menteri.

Dengan demikian, masyarakat dapat merencanakan berbagai aktivitas, mulai dari berkumpul bersama keluarga hingga bepergian, selama tiga hari berturut-turut. Momen ini menjadi kesempatan berharga untuk rehat sejenak dari rutinitas harian dan mengisi kembali energi.

Advertisement

SKB 3 Menteri dan Keuntungan Long Weekend

Penetapan Hari Libur Nasional Isra Mikraj pada 16 Januari 2026 diatur dalam Surat Keputusan Bersama (SKB) Tiga Menteri. SKB ini melibatkan Menteri Agama, Menteri Ketenagakerjaan, dan Menteri Pendayagunaan Aparatur Negara dan Reformasi Birokrasi. Dokumen resmi tersebut bernomor 1497 Tahun 2025, Nomor 2 Tahun 2025, dan Nomor 5 Tahun 2025, yang secara spesifik mengatur Hari Libur Nasional dan Cuti Bersama Tahun 2026.

Karena 16 Januari 2026 jatuh pada hari Jumat, masyarakat akan mendapatkan keuntungan berupa long weekend selama tiga hari. Ini berarti libur akan berlangsung dari Jumat, 16 Januari, hingga Minggu, 18 Januari. Kesempatan ini dapat dimanfaatkan untuk berbagai kegiatan rekreasi, wisata, atau sekadar bersantai di rumah bersama keluarga dan kerabat.

Meskipun demikian, perlu dicatat bahwa tidak ada cuti bersama yang menyertai Hari Libur Nasional Isra Miraj pada Januari 2026. Namun, adanya hari libur di hari Jumat sudah cukup untuk menciptakan jeda panjang yang sangat dinanti-nantikan oleh banyak pekerja dan pelajar.

Masyarakat diimbau untuk merencanakan kegiatan mereka dengan baik agar dapat memanfaatkan libur panjang ini secara optimal.","Tanggal 16 Januari 2026 Libur Apa? Siap-siap Nikmati Long Weekend Lagi","https://cdn1-production-images-kly.akamaized.net/A2y2HXSsP2CuvnScUgwIrGd9zAA=/1200x675/smart/filters:quality(75):strip_icc():format(jpeg)/kly-media-production/medias/4015087/original/087048800_1651832587-TMII-6.jpg","https://www.liputan6.com/cek-fakta/read/6253836/tanggal-16-januari-2026-libur-apa-siap-siap-nikmati-long-weekend-lagi","296","true","true","true","2026-01-10T03:27:43.629991+00:00","","https://www.liputan6.com/"
"Mevi Linawati, Diterbitkan Januari, Tim Redaksi","pendaftaran, klaim, gratis, bpkh, biaya, link, haji, liputan6com, 2026, petugas, fakta, cek","id","Cek Fakta Liputan6.com menelusuri klaim link pendaftaran pegawai haji 2026 dari BPKH.","2026-01-09T18:05:32+07:00","Liputan6.com, Jakarta - Beredar unggahan di media sosial klaim link pendaftaran pegawai haji 2026 dari Badan Pengelola Keuangan Haji (BPKH).
Berikut isi unggahannya:""LOWONGAN KERJA PETUGAS HAJI 2026 -Gaji 5-10jt/bulan -Pendaftaran Gratis Tidak Dipungut Biaya!!!
-Sesuai Domisili/Daerah masing-masing -keuntungan petugas ikut ibadah haji -pembuatan phisa gratis LINK PENDAFTARAN ADA DI BIOAdvertisement#haji #lokerhaji #lowongankerjapetugashaji #petugashaji #haji2025 #infohaji#infoloker #madina #fyp #pertugas#fyppppppppppppppppppppppp #viral""Unggahan turut menyertakan poster dengan tulisan sebagai berikut:RESMI DIBUKA!!
Pada link bio terdapat link https://necafth.it.com/pendaftaran-haji yang jika klik akan mengarah pada halaman situs yang menampilkan formulir digital dan meminta data pribadi, seperti nama hingga nomor Telegram.
Lalu benarkah klaim link pendaftaran pegawai haji 2026 dari BPKH?","Liputan6.com, Jakarta - Beredar unggahan di media sosial klaim link pendaftaran pegawai haji 2026 dari Badan Pengelola Keuangan Haji (BPKH). Informasi tersebut diunggah salah satu akun TikTok pada 25 Desember 2025.

Berikut isi unggahannya:

""LOWONGAN KERJA PETUGAS HAJI 2026 -Gaji 5-10jt/bulan -Pendaftaran Gratis Tidak Dipungut Biaya!!! -Sesuai Domisili/Daerah masing-masing -keuntungan petugas ikut ibadah haji -pembuatan phisa gratis LINK PENDAFTARAN ADA DI BIO

Advertisement

#haji #lokerhaji #lowongankerjapetugashaji #petugashaji #haji2025 #infohaji#infoloker #madina #fyp #pertugas#fyppppppppppppppppppppppp #viral""

Unggahan turut menyertakan poster dengan tulisan sebagai berikut:

RESMI DIBUKA!!

""BPKH UMUMKAN REKRUTMEN PEGAWAI HAJI TAHUN 2026

PENDAFTARAN INI TIDAK MEMUNGUT BIAYA AAPAPUN!""

Pada link bio terdapat link https://necafth.it.com/pendaftaran-haji yang jika klik akan mengarah pada halaman situs yang menampilkan formulir digital dan meminta data pribadi, seperti nama hingga nomor Telegram.

Lalu benarkah klaim link pendaftaran pegawai haji 2026 dari BPKH? Simak penelusuran Cek Fakta Liputan6.com.","Cek Fakta: Tidak Benar Link Pendaftaran Pegawai Haji 2026 dari BPKH","https://cdn0-production-images-kly.akamaized.net/r2N043gcM2uv1zjply_V_CZLXog=/1200x675/smart/filters:quality(75):strip_icc():format(jpeg)/kly-media-production/medias/5468514/original/086681500_1767954322-bpkh_haji_-_klaim.jpg","https://www.liputan6.com/cek-fakta/read/6254135/cek-fakta-tidak-benar-link-pendaftaran-pegawai-haji-2026-dari-bpkh","138","true","true","true","2026-01-10T03:27:43.664695+00:00","","https://www.liputan6.com/"
"Arie Nugraha, Diterbitkan Januari, Devira Prastiwi, Tim Redaksi","persib, menjaga, imbau, farhan, persija, laga, bandung, bobotoh, kepadatan, gbla, vs, wali, massa, nobar, stadion","id","Wali Kota Bandung Muhammad Farhan memerintahkan seluruh camat agar menggelar kegiatan nonton bareng (nobar) laga Persib Bandung kontra Persija Jakarta yang akan digelar di Stadion Gelora Bandung Lautan Api (GBLA) di masing-masing wilayahnya.","2026-01-10T10:10:00+07:00","Liputan6.com, Jakarta - Wali Kota Bandung Muhammad Farhan memerintahkan seluruh camat agar menggelar kegiatan nonton bareng (nobar) laga Persib Bandung kontra Persija Jakarta yang akan digelar di Stadion Gelora Bandung Lautan Api (GBLA), Minggu, 11 Januari 2026 di masing-masing wilayahnya.
Perintah Farhan itu guna mengantisipasi kepadatan dan mencegah penumpukan massa di Stadion GBLA.
AdvertisementFarhan mengimbau seluruh bobotoh untuk menjaga ketertiban menjelang laga akbar Persib Bandung kontra Persija Jakarta.
Farhan menyampaikan, pertandingan Persib melawan Persija menjadi salah satu laga paling ditunggu di akhir paruh musim kompetisi.
Ia memprediksi Persib Bandung akan meraih kemenangan dengan skor 2-0 atas Persija.","Liputan6.com, Jakarta - Wali Kota Bandung Muhammad Farhan memerintahkan seluruh camat agar menggelar kegiatan nonton bareng (nobar) laga Persib Bandung kontra Persija Jakarta yang akan digelar di Stadion Gelora Bandung Lautan Api (GBLA), Minggu, 11 Januari 2026 di masing-masing wilayahnya.

Perintah Farhan itu guna mengantisipasi kepadatan dan mencegah penumpukan massa di Stadion GBLA. Pasalnya, tiket pertandingan yang telah habis terjual sejak beberapa minggu lalu.

""Tiket sudah habis sejak beberapa minggu yang lalu. Namun bobotoh tidak perlu khawatir. Wahai camat-camat, pastikan bikin Nobar di semua kecamatan. Sehingga untuk bobotoh yang tidak kebagian tiket, tidak usah maksa datang ke GBLA. Nonton di wilayah kecamatan masing-masing,"" ujar Farhan dalam keterangannya ditulis Sabtu (10/1/2025).

Advertisement

Farhan mengimbau seluruh bobotoh untuk menjaga ketertiban menjelang laga akbar Persib Bandung kontra Persija Jakarta. Tingginya antusiasme suporter terhadap pertandingan klasik ini diharapkan dapat disalurkan secara positif dan kondusif.

Selain ajakan nobar, Farhan juga mengingatkan agar tidak ada konvoi atau pawai di jalanan, baik saat Persib meraih kemenangan maupun ketika hasil pertandingan tidak sesuai harapan.

""Menang kalah jangan pawai. Kita tunjukkan bahwa bobotoh, baik saat senang maupun sedih, tetap bisa menjaga ketertiban dan tidak menyusahkan orang lain. Yang paling penting Persib menang dan kita dukung dengan cara yang terbaik,"" kata Farhan.

Farhan berharap, bobotoh dapat menunjukkan kedewasaan sebagai suporter dengan mendukung Persib secara sportif dan bertanggung jawab. Menurutnya, dukungan terbaik bukan hanya soal hadir di stadion, tetapi juga menjaga keamanan dan kenyamanan bersama.

Farhan menyampaikan, pertandingan Persib melawan Persija menjadi salah satu laga paling ditunggu di akhir paruh musim kompetisi. Selain sarat gengsi, kedua tim masih memiliki peluang besar untuk menjadi kandidat juara paruh musim. Ia memprediksi Persib Bandung akan meraih kemenangan dengan skor 2-0 atas Persija.","Antisipasi Kepadatan Massa di Stadion GBLA, Wali Kota Bandung Imbau Nobar Laga Persib vs Persija","https://cdn0-production-images-kly.akamaized.net/L6SVkVcMejDPUg5k2KNlW2Iuy4s=/1200x675/smart/filters:quality(75):strip_icc():format(jpeg)/kly-media-production/medias/5197520/original/095088500_1745476635-IMG-20250424-WA0038.jpg","https://www.liputan6.com/regional/read/6254503/antisipasi-kepadatan-massa-di-stadion-gbla-wali-kota-bandung-imbau-nobar-laga-persib-vs-persija","278","true","true","true","2026-01-10T03:27:43.699940+00:00","","https://www.liputan6.com/"
"Rizka Nur Laily Muallifa, Diterbitkan Januari, Nisa Mutia Sari, Tim Redaksi","8, tiko, gaya, aryawardhana, warna, nikahan, wedding, maroko, ranggaz, kondangan, bcl, pernikahan, sempurna, laksmana, publik","id","Gaya BCL dan Tiko di pernikahan Ranggaz di Maroko effortless namun super elegan.","2026-01-10T10:09:59+07:00","Liputan6.com, Jakarta - Pernikahan Ranggaz Laksmana dan Angie Prijanto yang digelar pada Kamis (8/1/2026) di Maroko cukup menyedot antusiasme publik.
Acara bertema intimate wedding ini dihadiri sejumlah nama besar seperti Bunga Citra Lestari (BCL) dan sang suami Tiko Aryawardhana, Mahalini dan Rizky Febian, Aaliyah Massaid, Alyssa Daguise, serta beberapa rekan artis lainnya.
Suasana eksotis Maroko dengan lanskap gurun dan arsitektur klasik menjadi latar sempurna untuk pernikahan yang penuh gaya ini.
BCL dan Tiko memperlihatkan chemistry yang kuat, baik dari pilihan outfit maupun bahasa tubuh yang tampak serasi di setiap momen.
Berikut delapan gaya paling memukau dari BCL dan Tiko Aryawardhana pada pesta pernikahan teman baiknya tersebut.","Liputan6.com, Jakarta - Pernikahan Ranggaz Laksmana dan Angie Prijanto yang digelar pada Kamis (8/1/2026) di Maroko cukup menyedot antusiasme publik. Acara bertema intimate wedding ini dihadiri sejumlah nama besar seperti Bunga Citra Lestari (BCL) dan sang suami Tiko Aryawardhana, Mahalini dan Rizky Febian, Aaliyah Massaid, Alyssa Daguise, serta beberapa rekan artis lainnya. Suasana eksotis Maroko dengan lanskap gurun dan arsitektur klasik menjadi latar sempurna untuk pernikahan yang penuh gaya ini. Namun dari sekian tamu, penampilan BCL dan Tiko justru paling banyak mencuri perhatian publik dan media sosial. Keduanya tampil dengan gaya yang seolah effortless, namun memancarkan kemewahan yang sangat terkonsep.

BCL dan Tiko memperlihatkan chemistry yang kuat, baik dari pilihan outfit maupun bahasa tubuh yang tampak serasi di setiap momen. Gaya mereka bukan sekadar fashion statement, melainkan representasi dari kematangan dan harmoni pasangan modern. Perpaduan palet warna emas, beige, dan krem memberi kesan soft luxury yang menyatu sempurna dengan nuansa pernikahan destinasi di Maroko. Tiap foto yang diunggah dari acara ini menampilkan aura confident dan elegan yang khas dari keduanya. Berikut delapan gaya paling memukau dari BCL dan Tiko Aryawardhana pada pesta pernikahan teman baiknya tersebut.","8 Gaya BCL dan Tiko Aryawardhana Kondangan Nikahan Ranggaz Laksmana di Maroko","https://cdn0-production-images-kly.akamaized.net/z_eV0aUdzfX2Z__QGR2nMo-K908=/1200x675/smart/filters:quality(75):strip_icc():format(jpeg)/kly-media-production/medias/5468741/original/057689100_1768012559-Cover___Lead__13_.png","https://www.liputan6.com/showbiz/read/6254487/8-gaya-bcl-dan-tiko-aryawardhana-kondangan-nikahan-ranggaz-laksmana-di-maroko","186","true","true","true","2026-01-10T03:27:45.825683+00:00","","https://www.liputan6.com/"
"Azkal Azkia, Diterbitkan Januari, Septian Pamungkas, Tim Redaksi","dikabarkan, pengoperasian, otomotif, prefektur, patungan, tunda, produksi, tiongkok, imbas, kekurangan, honda, nexperia, chip, motor, pabrik","id","Honda, jenama otomotif asal Jepang kembali menunda pengoperasian tiga pabrik di Tiongkok karena kekurangan perangkat chip semikonduktor otomotif Nexperia.","2026-01-10T10:06:14+07:00","Liputan6.com, Jakarta - Honda Motor dikabarkan akan menunda operasi di tiga pabrik di Tiongkok karena kekurangan perangkat chip semikonduktor otomotif Nexperia.
AdvertisementDi sisi lain, perusahaan patungan lainnya antara Honda dengan Dongfeng Motor dikabarkan akan melanjutkan produksi kendaraan.
Penghentian tersebut mencakup pabrik Suzuka di prefektur Mie yang memproduksi model domestik populer seperti mini N-Box dan pabrik Yori di prefektur Saitama.
Imbas dari penghentian pengiriman chip otomotif Nexperia adalah berkurangnya komponen penting perusahaan.
Adapun dampak dari pengurangan produksi hingga kini belum dimasukkan dalam angka pendapatan perusahaan dan Honda dikabarkan tengah menjajaki pengadaan alternatif untuk mempertahankan operasi pabrik agar lebih stabil.","Liputan6.com, Jakarta - Honda Motor dikabarkan akan menunda operasi di tiga pabrik di Tiongkok karena kekurangan perangkat chip semikonduktor otomotif Nexperia. Hal tersebut mengakibatkan produksi kendaraan bertenaga bensin dan mobil lainnya akan ditangguhkan hingga 16 Januari 2026.

Dilansir dari Antara, keputusan tersebut memengaruhi usaha patungan GAC Honda Automobile dengan produsen mobil Tiongkok, Guangzhou Automobile Group.

Pasalnya, setelah ditutup selama lima hari, rencana awal mereka memulai kembali operasi dijadwalkan pada Senin (5/1/2026). Namun, hingga kini diperkirakan akan melanjutkan operasi pada Senin (19/1) mendatang.

Advertisement

Di sisi lain, perusahaan patungan lainnya antara Honda dengan Dongfeng Motor dikabarkan akan melanjutkan produksi kendaraan.

Namun, jenama otomotif berlambang ‘H’ ini juga akan menghentikan produksi di dua pabrik Jepang.

Penghentian tersebut mencakup pabrik Suzuka di prefektur Mie yang memproduksi model domestik populer seperti mini N-Box dan pabrik Yori di prefektur Saitama.

Imbas dari penghentian pengiriman chip otomotif Nexperia adalah berkurangnya komponen penting perusahaan.

Pasalnya, Honda selalu bergantung pada Nexperia dengan menggunakan semikonduktornya untuk beberapa komponen otomotif.

Dengan begitu, Honda mengurangi produksi model-model utama di Amerika Utara sejak Oktober 2025. Hal tersebut menjadikan kerugian sebesar 958 juta USD atau Rp 16 triliun terhadap laba operasional untuk tahun fiskal yang berakhir Maret 2026.

Adapun dampak dari pengurangan produksi hingga kini belum dimasukkan dalam angka pendapatan perusahaan dan Honda dikabarkan tengah menjajaki pengadaan alternatif untuk mempertahankan operasi pabrik agar lebih stabil.","Imbas Kekurangan Chip, Honda Kembali Tunda Pengoperasian Pabrik","https://cdn0-production-images-kly.akamaized.net/imzXZGivkBoiDfdKgzNEh6iJRGw=/1200x675/smart/filters:quality(75):strip_icc():format(jpeg)/kly-media-production/medias/5071105/original/098456400_1735532462-Foto_7.jpeg","https://www.liputan6.com/otomotif/read/6253014/imbas-kekurangan-chip-honda-kembali-tunda-pengoperasian-pabrik","222","true","true","true","2026-01-10T03:27:45.935266+00:00","","https://www.liputan6.com/"
"Mevi Linawati, Diterbitkan Januari, Tim Redaksi","seputar, pendaftaran, klaim, gratis, bpkh, link, haji, daftarnya, petugas, 2026, situs, simak, hoaks","id","Berbagai hoaks atau informasi palsu seputar petugas haji, seperti tautan pendaftaran yang tidak resmi marak beredar di media sosial.","2026-01-10T10:03:05+07:00","Liputan6.com, Jakarta - Hoaks terkait petugas haji 2026 terus beredar.
Kementerian Haji dan Umrah telah menegaskan bahwa pendaftaran resmi petugas haji 2026 dibuka melalui situs petugas.haji.go.id.
Cek Fakta: Tidak Benar Link Pendaftaran Pegawai Haji 2026 dari BPKHBeredar unggahan di media sosial klaim link pendaftaran pegawai haji 2026 dari Badan Pengelola Keuangan Haji (BPKH).
Berikut isi unggahannya:""LOWONGAN KERJA PETUGAS HAJI 2026 -Gaji 5-10jt/bulan -Pendaftaran Gratis Tidak Dipungut Biaya!!!
Lalu benarkah klaim link pendaftaran pegawai haji 2026 dari BPKH?","Liputan6.com, Jakarta - Hoaks terkait petugas haji 2026 terus beredar. Berbagai informasi palsu, seperti tautan pendaftaran yang tidak resmi marak beredar di media sosial.

Kementerian Haji dan Umrah telah menegaskan bahwa pendaftaran resmi petugas haji 2026 dibuka melalui situs petugas.haji.go.id. Masyarakat pun diminta waspada terhadap informasi di luar kanal resmi pemerintah.

Berikut sederet hoaks seputar petugas haji yang telah diverifikasi kebenarannya:

Advertisement

1. Cek Fakta: Tidak Benar Link Pendaftaran Pegawai Haji 2026 dari BPKH

Beredar unggahan di media sosial klaim link pendaftaran pegawai haji 2026 dari Badan Pengelola Keuangan Haji (BPKH). Informasi tersebut diunggah salah satu akun TikTok pada 25 Desember 2025.

Berikut isi unggahannya:

""LOWONGAN KERJA PETUGAS HAJI 2026 -Gaji 5-10jt/bulan -Pendaftaran Gratis Tidak Dipungut Biaya!!! -Sesuai Domisili/Daerah masing-masing -keuntungan petugas ikut ibadah haji -pembuatan phisa gratis LINK PENDAFTARAN ADA DI BIO

#haji #lokerhaji #lowongankerjapetugashaji #petugashaji #haji2025 #infohaji#infoloker #madina #fyp #pertugas#fyppppppppppppppppppppppp #viral""

Unggahan turut menyertakan poster dengan tulisan sebagai berikut:

RESMI DIBUKA!!

""BPKH UMUMKAN REKRUTMEN PEGAWAI HAJI TAHUN 2026

PENDAFTARAN INI TIDAK MEMUNGUT BIAYA AAPAPUN!""

Pada link bio terdapat link https://necafth.it.com/pendaftaran-haji yang jika klik akan mengarah pada halaman situs yang menampilkan formulir digital dan meminta data pribadi, seperti nama hingga nomor Telegram.

Lalu benarkah klaim link pendaftaran pegawai haji 2026 dari BPKH? Simak hasil penelusurannya berikut ini...","Kumpulan Hoaks Seputar Pendaftaran Petugas Haji 2026, Simak Daftarnya","https://cdn0-production-images-kly.akamaized.net/G87oxln9l7H2aHZbI4WkOcC4jMU=/0x245:4904x3009/1200x675/filters:quality(75):strip_icc():format(jpeg)/kly-media-production/medias/4454457/original/061941000_1686013068-Penyambutan-Jemaah-di-Mekkah-010623-wpa-8.jpg","https://www.liputan6.com/cek-fakta/read/6254491/kumpulan-hoaks-seputar-pendaftaran-petugas-haji-2026-simak-daftarnya","208","true","true","true","2026-01-10T03:27:45.902344+00:00","","https://www.liputan6.com/"
"Ari Rachman Prayoga, Diterbitkan Januari, Tim Redaksi","vila, area, senilai, tidur, miliar, setara, sepatu, tinggalkan, terbaru, cristiano, impian, properti, riviera, berpotensi, rp600, ronaldo","id","Cristiano Ronaldo dikabarkan tengah mempertimbangkan untuk menjual vila mewah yang selama ini diproyeksikan sebagai tempat pensiun impiannya.","2026-01-09T23:54:02+07:00","Liputan6.com, Jakarta - Cristiano Ronaldo dikabarkan tengah mempertimbangkan keputusan mengejutkan terkait vila mewah yang selama ini diproyeksikan sebagai tempat pensiun impiannya.
Properti bernilai sekitar £30 juta atau setara lebih dari Rp600 miliar itu berlokasi di kawasan Quinta da Marinha, Cascais, Portugal.
Saat itu, vila tersebut disebut-sebut disiapkan sebagai tempat tinggal Ronaldo bersama keluarga setelah gantung sepatu dari dunia sepak bola profesional.
Vila tersebut dilengkapi berbagai fasilitas kelas atas, mulai dari kolam renang infinity, bioskop pribadi, tempat parkir bawah tanah, hingga area pantai privat.
Namun, laporan terbaru menyebut Ronaldo justru membuka peluang untuk melepas properti tersebut.","Liputan6.com, Jakarta - Cristiano Ronaldo dikabarkan tengah mempertimbangkan keputusan mengejutkan terkait vila mewah yang selama ini diproyeksikan sebagai tempat pensiun impiannya. Properti bernilai sekitar £30 juta atau setara lebih dari Rp600 miliar itu berlokasi di kawasan Quinta da Marinha, Cascais, Portugal.

Megabintang berusia 40 tahun tersebut membeli lahan luas di area elite yang kerap dijuluki “Portuguese Riviera” pada September 2022. Saat itu, vila tersebut disebut-sebut disiapkan sebagai tempat tinggal Ronaldo bersama keluarga setelah gantung sepatu dari dunia sepak bola profesional.

Pembangunan rumah delapan kamar tidur itu kini telah rampung. Vila tersebut dilengkapi berbagai fasilitas kelas atas, mulai dari kolam renang infinity, bioskop pribadi, tempat parkir bawah tanah, hingga area pantai privat. Namun, laporan terbaru menyebut Ronaldo justru membuka peluang untuk melepas properti tersebut.","Cristiano Ronaldo Berpotensi Tinggalkan Vila Impian Senilai Rp600 Miliar, Ada Masalah Apa?","https://cdn0-production-images-kly.akamaized.net/QcNxwSPRO2ti7UaMknndPuBs2uA=/1200x675/smart/filters:quality(75):strip_icc():format(jpeg)/kly-media-production/medias/5461645/original/084925300_1767426948-ronaldo_2.jpg","https://www.liputan6.com/bola/read/6254421/cristiano-ronaldo-berpotensi-tinggalkan-vila-impian-senilai-rp600-miliar-ada-masalah-apa","123","true","true","true","2026-01-10T03:27:45.999296+00:00","","https://www.liputan6.com/"
"Lia Harahap, Diterbitkan Januari, Tim Redaksi","tertimbun, bersihkan, tebal, bingung, bayar, pemilik, sanggup, si, pidie, rumahsaat, habis, banjir, mengandalkan, jaya, pembersihan","id","Saat ini, kondisi rumah-rumah warga di gampong atau desa Blang Cut Pidie Jaya masih tertimbun lumpur dengan ketinggian bervariasi.","2026-01-09T23:21:51+07:00","Liputan6.com, Jakarta - Masyarakat korban banjir bandang dan longsor di Kabupaten Pidie Jaya berharap pertolongan agar rumah mereka yang tertimbun lumpur akibat banjir dapat dibersihkan.
Mereka tak mampu jika hanya mengandalkan tenaga si pemilik rumah.
""Saat ini yang warga butuhkan adalah pembersihan rumah, karena jika hanya mengandalkan tenaga masing-masing pemilik rumah tidak sanggup,"" kata Keuchik/Kepala Desa Blang Cut, Muhammad Jamin di Pidie Jaya, Jumat (9/1/2026).
Saat ini, kondisi rumah-rumah warga di gampong atau desa yang dipimpinnya masih tertimbun lumpur dengan ketinggian bervariasi.
Advertisement""Saat ini berbagai pihak juga sedang melakukan pembersihan jalan yang tidak dapat diakses karena tertimbun lumpur.","Liputan6.com, Jakarta - Masyarakat korban banjir bandang dan longsor di Kabupaten Pidie Jaya berharap pertolongan agar rumah mereka yang tertimbun lumpur akibat banjir dapat dibersihkan. Mereka tak mampu jika hanya mengandalkan tenaga si pemilik rumah.

""Saat ini yang warga butuhkan adalah pembersihan rumah, karena jika hanya mengandalkan tenaga masing-masing pemilik rumah tidak sanggup,"" kata Keuchik/Kepala Desa Blang Cut, Muhammad Jamin di Pidie Jaya, Jumat (9/1/2026).

Saat ini, kondisi rumah-rumah warga di gampong atau desa yang dipimpinnya masih tertimbun lumpur dengan ketinggian bervariasi.

Advertisement

""Saat ini berbagai pihak juga sedang melakukan pembersihan jalan yang tidak dapat diakses karena tertimbun lumpur. Alat berat juga sudah dikerahkan untuk pembersihan jalan,"" katanya.","Warga Pidie Jaya Bingung Bersihkan Lumpur Tebal di Rumah Mereka: Tenaga Sudah Habis, Bayar Orang Tak Punya Uang","https://cdn0-production-images-kly.akamaized.net/uAk-_ekMteaXVz6FAcqYgMgaf18=/1200x675/smart/filters:quality(75):strip_icc():format(jpeg)/kly-media-production/medias/5468715/original/014812600_1767975702-IMG-20260109-WA0069.jpg","https://www.liputan6.com/news/read/6254409/warga-pidie-jaya-bingung-bersihkan-lumpur-tebal-di-rumah-mereka-tenaga-sudah-habis-bayar-orang-tak-punya-uang","108","true","true","true","2026-01-10T03:27:45.862782+00:00","","https://www.liputan6.com/"
"Yacob Billiocta, Diterbitkan Januari, Tim Redaksi","bebas, pengadilan, baluran, situbondo, perburuan, vonis, kakek, taman, masir, menjatuhkan, burung, majelis, cendet, drama, tn, penjara, suwono, 20","id","Selama menjalani masa hukuman, Kakek Masir juga aktif mengikuti kegiatan pembinaan dan pelatihan, salah satunya berkebun.","2026-01-09T22:56:43+07:00","Liputan6.com, Jakarta - Kakek Masir (75) terpidana akhirnya bebas dari Rumah Tahanan Negara Kelas II B Situbondo, Jawa Timur, Jumat (9/11/2026), setelah dua hari sebelumnya majelis hakim pengadilan negeri setempat menjatuhkan vonis bersalah hukuman pidana lima bulan 20 hari.
Pada Rabu (7/1), Majelis Hakim Pengadilan Negeri Situbondo menjatuhkan vonis lima bulan 20 hari terhadap terdakwa Masir karena terbukti bersalah melakukan perburuan liar menangkap lima ekor burung cendet di kawasan Taman Nasional Baluran Situbondo.
""Selama menjadi warga binaan pemasyarakatan (WBP), Kakek Masir berkelakuan baik dan aktif salat berjemaah dan kegiatan pembinaan lainnya,"" kata Kepala Rutan Kelas IIB Situbondo, Suwono kepada wartawan di Situbondo.
AdvertisementSelama menjalani masa hukuman lima bulan 20 hari, lanjutnya, Kakek Masir juga aktif mengikuti kegiatan pembinaan dan pelatihan, salah satunya berkebun.
""Tadi kami juga berpesan kepada Kakek Masir untuk membuka usaha dan jangan lagi mendekat ke kawasan Taman Nasional Baluran,"" kata Suwono.","Liputan6.com, Jakarta - Kakek Masir (75) terpidana akhirnya bebas dari Rumah Tahanan Negara Kelas II B Situbondo, Jawa Timur, Jumat (9/11/2026), setelah dua hari sebelumnya majelis hakim pengadilan negeri setempat menjatuhkan vonis bersalah hukuman pidana lima bulan 20 hari.

Pada Rabu (7/1), Majelis Hakim Pengadilan Negeri Situbondo menjatuhkan vonis lima bulan 20 hari terhadap terdakwa Masir karena terbukti bersalah melakukan perburuan liar menangkap lima ekor burung cendet di kawasan Taman Nasional Baluran Situbondo.

""Selama menjadi warga binaan pemasyarakatan (WBP), Kakek Masir berkelakuan baik dan aktif salat berjemaah dan kegiatan pembinaan lainnya,"" kata Kepala Rutan Kelas IIB Situbondo, Suwono kepada wartawan di Situbondo. Dikutip dari Antara.

Advertisement

Selama menjalani masa hukuman lima bulan 20 hari, lanjutnya, Kakek Masir juga aktif mengikuti kegiatan pembinaan dan pelatihan, salah satunya berkebun.

""Tadi kami juga berpesan kepada Kakek Masir untuk membuka usaha dan jangan lagi mendekat ke kawasan Taman Nasional Baluran,"" kata Suwono.","Akhir Drama Kasus Perburuan Burung Cendet di TN Baluran, Kakek Masir Bebas Penjara","https://cdn1-production-images-kly.akamaized.net/y2-rLrTz7Yp6uLcDYpcfJRMAbq0=/1200x675/smart/filters:quality(75):strip_icc():format(jpeg)/kly-media-production/medias/5468706/original/088317200_1767974203-Kakek_Masir_bebas_dari_penjara.jpg","https://www.liputan6.com/regional/read/6254400/akhir-drama-kasus-perburuan-burung-cendet-di-tn-baluran-kakek-masir-bebas-penjara","148","true","true","true","2026-01-10T03:27:47.036389+00:00","","https://www.liputan6.com/"
"Ari Rachman Prayoga, Diterbitkan Januari, Tim Redaksi","sisi, transisi, sepenuhnya, terbatas, nou, camp, tribun, potensi, barcelona, terancam, stadion, spotify, kehilangan","id","Kembalinya Barcelona ke rumah sendiri ternyata belum sepenuhnya mulus. Sejumlah pekerjaan penting masih harus diselesaikan di Camp Nou.","2026-01-09T23:47:58+07:00","Liputan6.com, Jakarta - Barcelona akhirnya kembali merumput di Camp Nou pada November lalu setelah 2,5 tahun meninggalkan stadion kebanggaan mereka akibat proyek renovasi besar-besaran.
Hingga kini, sejumlah pekerjaan penting masih harus diselesaikan agar Spotify Camp Nou dapat beroperasi secara penuh.
Awalnya, Barcelona menargetkan kembali ke Camp Nou pada November 2024 setelah menjalani masa transisi selama 18 bulan di Estadi Olímpic Lluís Companys, Montjuïc.
Pada tahap ini, Camp Nou baru dapat menampung sekitar 46 ribu penonton, dengan akses terbatas di tiga sisi tribun pada dua tingkat pertama.
Sementara itu, tribun tingkat ketiga yang semula ditargetkan siap pada awal musim depan kini terancam molor, mengingat laju pengerjaan yang belum sesuai rencana.","Liputan6.com, Jakarta - Barcelona akhirnya kembali merumput di Camp Nou pada November lalu setelah 2,5 tahun meninggalkan stadion kebanggaan mereka akibat proyek renovasi besar-besaran. Namun, kembalinya Blaugrana ke rumah sendiri ternyata belum sepenuhnya mulus. Hingga kini, sejumlah pekerjaan penting masih harus diselesaikan agar Spotify Camp Nou dapat beroperasi secara penuh.

Awalnya, Barcelona menargetkan kembali ke Camp Nou pada November 2024 setelah menjalani masa transisi selama 18 bulan di Estadi Olímpic Lluís Companys, Montjuïc. Bahkan, manajemen klub sempat menyatakan stadion akan siap digunakan sejak awal musim ini. Kenyataannya, Barcelona belum mampu memenuhi seluruh persyaratan dari Dewan Kota setempat untuk membuka stadion secara menyeluruh.

Sejauh ini, Barcelona baru mencapai fase 1B dalam proses pembukaan stadion. Pada tahap ini, Camp Nou baru dapat menampung sekitar 46 ribu penonton, dengan akses terbatas di tiga sisi tribun pada dua tingkat pertama. Sementara itu, tribun tingkat ketiga yang semula ditargetkan siap pada awal musim depan kini terancam molor, mengingat laju pengerjaan yang belum sesuai rencana.","Barcelona Terancam Kehilangan Potensi Pendapatan Karena Camp Nou Ternyata Belum Sepenuhnya Siap","https://cdn1-production-images-kly.akamaized.net/ZeQwA3u4ZtV6nvgNu_-yxK0obVw=/1200x675/smart/filters:quality(75):strip_icc():format(jpeg)/kly-media-production/medias/5416109/original/025665300_1763442008-camp_nou_barcelona.jpg","https://www.liputan6.com/bola/read/6254420/barcelona-terancam-kehilangan-potensi-pendapatan-karena-camp-nou-ternyata-belum-sepenuhnya-siap","159","true","true","true","2026-01-10T03:27:47.884426+00:00","","https://www.liputan6.com/"
"Tim News, Diterbitkan Januari, Lia Harahap, Tim Redaksi","suap, proyek, kuswara, bekasi, eks, ade, kejaksaan, pusdiklat, saksi, diperiksa, kpk, kajari, pemeriksaan, eddy","id","Ade Kuswara terjerat kasus dugaan suap ijon proyek semasa menjabat bupati Bekasi.","2026-01-09T22:26:31+07:00","Liputan6.com, Jakarta - Mantan Kepala Kejaksaan Negeri Kabupaten Bekasi, Eddy Sumarman diperiksa KPK.
Pemeriksaan terkait dugaan suap ijon proyek yang menjerat Bupati Bekasi, Ade Kuswara.
Selain Eddy, Kasi Pidsus Kejari Bekasi, Ronald Thomas Mendrofa, Kepala Subseksi Penuntutan, Eksekusi, dan Eksaminasi Kejari Kabupaten Bekasi, Rizki Putradinata, juga diperiksa.
Juru bicara KPK Budi Prasetyo mengatakan, pemeriksaan kali ini dilakukan di Pusat Pendidikan dan Pelatihan (Pusdiklat) Kejaksaan, Cipayung, Jakarta Timur.
Advertisement""Permintaan keterangan kepada para saksi dilakukan di Pusdiklat Kejaksaan, Cipayung, Jakarta Timur, karena dilakukan pemeriksaan bersama dengan Jamwas Kejagung,"" kata Budi kepada wartawan, Jumat (9/1/2026).","Liputan6.com, Jakarta - Mantan Kepala Kejaksaan Negeri Kabupaten Bekasi, Eddy Sumarman diperiksa KPK. Pemeriksaan terkait dugaan suap ijon proyek yang menjerat Bupati Bekasi, Ade Kuswara.

Eddy diperiksa dalam kapasitasnya sebagai saksi. Selain Eddy, Kasi Pidsus Kejari Bekasi, Ronald Thomas Mendrofa, Kepala Subseksi Penuntutan, Eksekusi, dan Eksaminasi Kejari Kabupaten Bekasi, Rizki Putradinata, juga diperiksa.

Juru bicara KPK Budi Prasetyo mengatakan, pemeriksaan kali ini dilakukan di Pusat Pendidikan dan Pelatihan (Pusdiklat) Kejaksaan, Cipayung, Jakarta Timur.

Advertisement

""Permintaan keterangan kepada para saksi dilakukan di Pusdiklat Kejaksaan, Cipayung, Jakarta Timur, karena dilakukan pemeriksaan bersama dengan Jamwas Kejagung,"" kata Budi kepada wartawan, Jumat (9/1/2026).

Penyidik mencecar Eddy dkk soal kasus yang melibatkan Ade Kuswara Cs. Namun, tak dirinci seperti apa kesaksian Eddy dkk soal keterlibatan Ade Kuswara Cs.

""Pemeriksaan hari ini terkait pengetahuan saksi mengenai perkara-perkara di Kejaksaan Negeri Kabupaten Bekasi yang melibatkan para pihak yang ditetapkan sebagai tersangka oleh KPK dalam perkara suap ijon proyek di Kabupaten Bekasi,"" jelasnya.","Kasus Ade Kuswara: Eks Kajari Kabupaten Bekasi Diperiksa KPK di Pusdiklat Kejaksaan","https://cdn1-production-images-kly.akamaized.net/XIHy64enpjsfv36S5PXx0QfCtQM=/1200x675/smart/filters:quality(75):strip_icc():format(jpeg)/kly-media-production/medias/4065432/original/001612500_1656325087-WhatsApp_Image_2022-06-27_at_5.08.03_PM.jpeg","https://www.liputan6.com/news/read/6254391/kasus-ade-kuswara-eks-kajari-kabupaten-bekasi-diperiksa-kpk-di-pusdiklat-kejaksaan","155","true","true","true","2026-01-10T03:27:48.516786+00:00","","https://www.liputan6.com/"
"Arief Pramono, Diterbitkan Januari, Yacob Billiocta, Tim Redaksi","singocandi, terdampak, debit, masjid, titik, demaan, makam, banjir, gelis, rendam, wisata, tetangga, sunan, permukiman, meter, kudus","id","Banjir dipicu meluapnya debit air Sungai Gelis saat hujan deras mengguyur Kota Kudus, Jumat (9/1/2026) malam.","2026-01-09T23:47:36+07:00","Liputan6.com, Jakarta - Banjir merendam permukiman di Desa Singocandi, Kota Kudus, Jawa Tengah.
Banjir dipicu meluapnya debit air Sungai Gelis saat hujan deras mengguyur kawasan tersebut, Jumat (9/1/2026) malam.
Sebanyak enam kepala keluarga terdampak banjir.
AdvertisementSelain di Singocandi, peningkatan debit air Sungai Gelis juga terpantau di sejumlah titik lain yang berada di kawasan barat wisata religi Masjid dan Makam Sunan Kudus.
Kawasan terdampak banjir melanda Dukuh Kuanaran Kelurahan Kajeksan, kawasan Jembatan Taman Siswa Desa Singocandi dan Desa Demaan, Desa Demangan, Desa Demaan RT 4 RW 5, serta Kelurahan Sunggingan.","Liputan6.com, Jakarta - Banjir merendam permukiman di Desa Singocandi, Kota Kudus, Jawa Tengah. Banjir dipicu meluapnya debit air Sungai Gelis saat hujan deras mengguyur kawasan tersebut, Jumat (9/1/2026) malam.

Debit air yang meningkat mengakibatkan pagar tembok pembatas antara Perumahan Singocandi dan Sungai Gelis roboh sepanjang sekitar 3 meter dengan tinggi 2 meter. Rumah warga tergenang air setinggi kurang lebih 1 meter.

Sebanyak enam kepala keluarga terdampak banjir. Mereka terpaksa mengungsi sementara ke rumah tetangga terdekat.

Advertisement

Selain di Singocandi, peningkatan debit air Sungai Gelis juga terpantau di sejumlah titik lain yang berada di kawasan barat wisata religi Masjid dan Makam Sunan Kudus.

Kawasan terdampak banjir melanda Dukuh Kuanaran Kelurahan Kajeksan, kawasan Jembatan Taman Siswa Desa Singocandi dan Desa Demaan, Desa Demangan, Desa Demaan RT 4 RW 5, serta Kelurahan Sunggingan.","Banjir Rendam Permukiman, Kawasan Masjid dan Makam Sunan Kudus","https://cdn0-production-images-kly.akamaized.net/8qoP2X6Vr9p6tOBFzdwdf87AtEc=/1200x675/smart/filters:quality(75):strip_icc():format(jpeg)/kly-media-production/medias/5468718/original/027692900_1767977256-Banjir_di_Kota_Kudus.jpeg","https://www.liputan6.com/regional/read/6254419/banjir-rendam-permukiman-kawasan-masjid-dan-makam-sunan-kudus","130","true","true","true","2026-01-10T03:27:48.321740+00:00","","https://www.liputan6.com/"
"Septian Deny, Diterbitkan Januari, Tim Redaksi","pertamina, energi, siapkan, kebut, hilirisasi, batu, bara, strategi, strategis, id, idpertamina, memperkuat, alternatif, mind, technology","id","MIND ID dan Pertamina percepatan hilirisasi batu bara menjadi menjadi produk energi alternatif seperti Synthetic Natural Gas (SNG), Dimethyl Ether (DME) dan Methanol melalui penguatan rantai mineral, batu bara, dan energi nasional","2026-01-09T22:30:18+07:00","Liputan6.com, Jakarta - Holding Industri Pertambangan Indonesia MIND ID bersama PT Pertamina (Persero) memperkuat kolaborasi strategis dalam mendukung visi Asta Cita Presiden Prabowo Subianto untuk memperkuat ketahanan dan kemandirian sektor energi nasional.
Kerja sama ini difokuskan pada percepatan hilirisasi batu bara menjadi menjadi produk energi alternatif seperti Synthetic Natural Gas (SNG), Dimethyl Ether (DME) dan Methanol melalui penguatan rantai mineral, batu bara, dan energi nasional.
AdvertisementInisiatif ini menjadi wujud nyata peran aktif MIND ID dalam menjalankan mandat yang diberikan pemerintah dalam mendukung agenda hilirisasi dan industrialisasi melalui pemanfaatan teknologi hilirisasi batu bara.
Chief Technology Officer Danantara Indonesia Sigit P. Santosa, menyampaikan bahwa kerja sama antara MIND ID dan Pertamina mencerminkan pendekatan terintegrasi dalam pembangunan sistem energi nasional.
Direktur Utama MIND ID Maroef Sjamsoeddin menegaskan bahwa kerja sama ini merupakan bagian dari upaya memperkuat struktur industri nasional melalui pengembangan rantai nilai mineral, batu bara, dan energi di dalam negeri.","Liputan6.com, Jakarta - Holding Industri Pertambangan Indonesia MIND ID bersama PT Pertamina (Persero) memperkuat kolaborasi strategis dalam mendukung visi Asta Cita Presiden Prabowo Subianto untuk memperkuat ketahanan dan kemandirian sektor energi nasional.

Kerja sama ini difokuskan pada percepatan hilirisasi batu bara menjadi menjadi produk energi alternatif seperti Synthetic Natural Gas (SNG), Dimethyl Ether (DME) dan Methanol melalui penguatan rantai mineral, batu bara, dan energi nasional.

Langkah transformatif ini ditandai dengan penandatanganan kerja sama strategis antara MIND ID dan Pertamina dan disaksikan oleh Chief Technology Officer Danantara Indonesia Sigit P. Santosa, dan Managing Director Industrialization Ardy Muawin, Jumat (9/1/2026).

Advertisement

Inisiatif ini menjadi wujud nyata peran aktif MIND ID dalam menjalankan mandat yang diberikan pemerintah dalam mendukung agenda hilirisasi dan industrialisasi melalui pemanfaatan teknologi hilirisasi batu bara.

Chief Technology Officer Danantara Indonesia Sigit P. Santosa, menyampaikan bahwa kerja sama antara MIND ID dan Pertamina mencerminkan pendekatan terintegrasi dalam pembangunan sistem energi nasional. Sebagai negara besar Indonesia sangat membutuhkan diversifikasi energi yang mampu menopang pembangunan.

“Kolaborasi dan sinergi antar-BUMN strategis dapat memperkuat fondasi energi nasional. Hilirisasi berbasis teknologi menjadi instrumen penting untuk mengoptimalkan pemanfaatan sumber daya domestik sekaligus membangun sistem energi yang lebih tangguh, efisien, dan berorientasi jangka panjang,” ujar Sigit.

Direktur Utama MIND ID Maroef Sjamsoeddin menegaskan bahwa kerja sama ini merupakan bagian dari upaya memperkuat struktur industri nasional melalui pengembangan rantai nilai mineral, batu bara, dan energi di dalam negeri.","MIND ID-Pertamina Siapkan Strategi Kebut Hilirisasi Batu Bara Jadi Energi Alternatif","https://cdn1-production-images-kly.akamaized.net/qQIhq6Q8yVNOhqPgN4fdbkRSBZ4=/1200x675/smart/filters:quality(75):strip_icc():format(jpeg)/kly-media-production/medias/5004801/original/093845800_1731554942-IMG_1937.JPG","https://www.liputan6.com/bisnis/read/6254392/mind-id-pertamina-siapkan-strategi-kebut-hilirisasi-batu-bara-jadi-energi-alternatif","230","true","true","true","2026-01-10T03:27:48.434010+00:00","","https://www.liputan6.com/"
"Lia Harahap, Diterbitkan Januari, Tim Redaksi","tenggelam, sar, jasad, putri, tenggelamnya, titik, fernando, martin, gabungan, identitas, wita, sakinah, pencarian","id","KM Sakinah tenggelam pada 26 Desember 2025 lalu di perairan Labuan Bajo.","2026-01-09T23:58:54+07:00","Tim SAR gabungan telah berjibaku selama 15 hari berturut-turut untuk melaksanakan operasi SAR pencarian kepada empat korban yang tenggelam dan hilang.
Korban kedua ditemukan pada pencarian hari ke-10 yakni pada Minggu (4/1) oleh tim SAR gabungan.
Jasad korban tersebut terkonfirmasi adalah pelatih tim B Sepak Bola Wanita Valencia, Spanyol, Fernando Martin Carreras.
Putri Sakinah kembali ditemukan oleh tim SAR gabungan.
Korban yang ditemukan tersebut adalah seorang laki-laki yang kemudian berhasil diidentifikasi berusia sepuluh tahun dan dipastikan adalah anak dari Fernando Martin Carreras.","Tim SAR gabungan telah berjibaku selama 15 hari berturut-turut untuk melaksanakan operasi SAR pencarian kepada empat korban yang tenggelam dan hilang. Dalam kurun waktu tersebut, tiga korban tenggelam ditemukan dalam keadaan tak bernyawa.

Korban pertama ditemukan pada Senin (29/12) pagi pukul 06.05 wita dalam keadaan meninggal dunia ditemukan sekitar 900 meter dari titik duga kapal tenggelam.Korban tersebut beridentitas perempuan WNA Spanyol.

Korban kedua ditemukan pada pencarian hari ke-10 yakni pada Minggu (4/1) oleh tim SAR gabungan. Jasad korban tersebut terkonfirmasi adalah pelatih tim B Sepak Bola Wanita Valencia, Spanyol, Fernando Martin Carreras.

Dia ditemukan pada pukul 08.47 wita dan berjarak 1,13 nauticalmile atau sekitar dua kilometer dari titik duga kapal KM. Putri Sakina tenggelam.

Pada operasi SAR hari ke-12 pada Selasa (6/1) satu jasad korban akibat tenggelamnya KM. Putri Sakinah kembali ditemukan oleh tim SAR gabungan.

Korban yang ditemukan tersebut adalah seorang laki-laki yang kemudian berhasil diidentifikasi berusia sepuluh tahun dan dipastikan adalah anak dari Fernando Martin Carreras.","Operasi Pencarian Korban Tenggelamnya KM Putri Sakinah Berakhir, Ini Identitas Korban Belum Ditemukan","https://cdn1-production-images-kly.akamaized.net/cYCcTATDicfcveXliEcU9M_9ly8=/1200x675/smart/filters:quality(75):strip_icc():format(jpeg)/kly-media-production/medias/5460737/original/030652300_1767277787-1001456501.jpg","https://www.liputan6.com/regional/read/6254422/operasi-pencarian-korban-tenggelamnya-km-putri-sakinah-berakhir-ini-identitas-korban-belum-ditemukan","158","true","true","true","2026-01-10T03:27:51.247039+00:00","","https://www.liputan6.com/"
"Agustina Melani, Diterbitkan Januari, Tim Redaksi","juanda, terkendali, cuaca, surabaya, beroperasi, beliung, berdampak, pastikan, operasional, apron, kemenhub, pemeriksaan, holding, puting, bandara","id","Kementerian Perhubungan (Kemenhub) menyatakan, kondisi cuaca ekstrem seperti puting beliung di Bandara Juanda berdampak sementara terhadap operasional penerbangan.","2026-01-09T23:45:01+07:00","Liputan6.com, Jakarta - Bandara Internasional Juanda, Surabaya, Jawa Timur dipastikan tetap beroperasi dengan aman dan terkendali setelah cuaca buruk berupa angin puting beliung pada Kamis, 8 Januari 2026 sekitar pukul 14.10 WIB.
""Seluruh pemangku kepentingan bergerak cepat melakukan pengamanan, pemeriksaan dan pemulihan untuk memastikan keselamatan serta kelancaran operasional penerbangan,"" ujar Direktur Jenderal Perhubungan Udara Kemenhub Lukman F. Laisa, dikutip dari Antara, Jumat, (9/1/2026).
Ia menuturkan, kondisi cuaca ekstrem tersebut berdampak sementara terhadap operasional penerbangan berupa holding kedatangan dan keberangkatan, serta pengalihan (divert) sejumlah pesawat ke bandar udara alternatif.
Sejumlah penerbangan dari dan menuju Surabaya tercatat mengalami holding, antara lain penerbangan Lion Air, Garuda Indonesia dan Sriwijaya Air.
Selain itu, beberapa penerbangan dari Balikpapan, Makassar dan Jakarta dialihkan ke Bandara Ahmad Yani di Semarang Jawa Tengah akibat kondisi cuaca yang tidak memungkinkan untuk pendaratan di Bandara Juanda.","Liputan6.com, Jakarta - Bandara Internasional Juanda, Surabaya, Jawa Timur dipastikan tetap beroperasi dengan aman dan terkendali setelah cuaca buruk berupa angin puting beliung pada Kamis, 8 Januari 2026 sekitar pukul 14.10 WIB.

""Seluruh pemangku kepentingan bergerak cepat melakukan pengamanan, pemeriksaan dan pemulihan untuk memastikan keselamatan serta kelancaran operasional penerbangan,"" ujar Direktur Jenderal Perhubungan Udara Kemenhub Lukman F. Laisa, dikutip dari Antara, Jumat, (9/1/2026).

Ia menuturkan, kondisi cuaca ekstrem tersebut berdampak sementara terhadap operasional penerbangan berupa holding kedatangan dan keberangkatan, serta pengalihan (divert) sejumlah pesawat ke bandar udara alternatif.

Advertisement

""Seluruh langkah mitigasi dilakukan sesuai dengan prosedur yang berlaku. Keselamatan penerbangan adalah prioritas,” ujar Lukman.

Sejumlah penerbangan dari dan menuju Surabaya tercatat mengalami holding, antara lain penerbangan Lion Air, Garuda Indonesia dan Sriwijaya Air.

Selain itu, beberapa penerbangan dari Balikpapan, Makassar dan Jakarta dialihkan ke Bandara Ahmad Yani di Semarang Jawa Tengah akibat kondisi cuaca yang tidak memungkinkan untuk pendaratan di Bandara Juanda. Tidak terdapat laporan kerusakan pesawat dari seluruh maskapai yang terdampak.

Pada sisi udara, angin kencang menyebabkan beberapa peralatan ground support equipment, khususnya tangga penumpang di area apron, mengalami pergeseran dan roboh. Seluruh kejadian telah ditangani dan tidak berdampak pada pesawat.

Hasil pemeriksaan memastikan landasan pacu (runway) dan apron bersih dari foreign object debris (FOD), fasilitas navigasi penerbangan dilaporkan tidak ada yang rusak dan beroperasi normal serta perimeter bandara tetap terjaga.","Kemenhub Pastikan Operasional Bandara Juanda Terkendali Usai Puting Beliung","https://cdn1-production-images-kly.akamaized.net/j5E0R4o27XUXBSv8Ix-z4w13X3M=/1200x675/smart/filters:quality(75):strip_icc():format(jpeg)/kly-media-production/medias/3215828/original/052789100_1598082876-22_Agustus_2020-3_ok.jpg","https://www.liputan6.com/bisnis/read/6254418/kemenhub-pastikan-operasional-bandara-juanda-terkendali-usai-puting-beliung","222","true","true","true","2026-01-10T03:27:51.324044+00:00","","https://www.liputan6.com/"
"Ari Rachman Prayoga, Diterbitkan Januari, Tim Redaksi","sejatinya, winger, 2031, jangka, status, bukayo, saka, vital, kesepakatan, seiring, sepakat, perpanjang, arsenal, stadion, terpenting","id","Arsenal semakin dekat mengamankan masa depan salah satu aset terpenting mereka, Bukayo Saka dengann kontrak baru berdurasi lima tahun.","2026-01-09T23:35:51+07:00","Liputan6.com, Jakarta - Arsenal dikabarkan semakin dekat mengamankan masa depan salah satu aset terpenting mereka.
Winger andalan The Gunners, Bukayo Saka, disebut telah mencapai kesepakatan kontrak baru berdurasi lima tahun yang akan mengikatnya di Stadion Emirates hingga 2031.
Saat ini, Saka sejatinya masih memiliki kontrak hingga 2027.
Namun, manajemen Arsenal bergerak cepat untuk memperpanjang masa baktinya, seiring peran vital sang pemain dalam proyek jangka panjang Mikel Arteta.
Laporan The Athletic menyebutkan, kesepakatan anyar tersebut disusun untuk mencerminkan status Saka sebagai salah satu pemain muda terbaik di Eropa, dengan proses finalisasi yang sudah memasuki tahap akhir.","Liputan6.com, Jakarta - Arsenal dikabarkan semakin dekat mengamankan masa depan salah satu aset terpenting mereka. Winger andalan The Gunners, Bukayo Saka, disebut telah mencapai kesepakatan kontrak baru berdurasi lima tahun yang akan mengikatnya di Stadion Emirates hingga 2031.

Saat ini, Saka sejatinya masih memiliki kontrak hingga 2027. Namun, manajemen Arsenal bergerak cepat untuk memperpanjang masa baktinya, seiring peran vital sang pemain dalam proyek jangka panjang Mikel Arteta.

Laporan The Athletic menyebutkan, kesepakatan anyar tersebut disusun untuk mencerminkan status Saka sebagai salah satu pemain muda terbaik di Eropa, dengan proses finalisasi yang sudah memasuki tahap akhir.","Bukayo Saka Sepakat Perpanjang Kontrak Jangka Panjang di Arsenal hingga 2031","https://cdn1-production-images-kly.akamaized.net/VWiXI4u12_9_VI3uT3hk_HJWZEg=/1200x675/smart/filters:quality(75):strip_icc():format(jpeg)/kly-media-production/medias/5371100/original/081603600_1759634169-saka.jpg","https://www.liputan6.com/bola/read/6254415/bukayo-saka-sepakat-perpanjang-kontrak-jangka-panjang-di-arsenal-hingga-2031","95","true","true","true","2026-01-10T03:27:51.138341+00:00","","https://www.liputan6.com/"
"Ahmad Khuzaifi, Diterbitkan Januari, Devira Prastiwi, Tim Redaksi","menjaga, prioritas, bei, mahendra, kebijakan, strategis, ojk, 2026, hijau, likuiditas, keuangan, peran, komite, integritas","id","Industri pasar modal Indonesia pada tahun 2026 memprioritaskan penguatan integritas pasar, peningkatan likuiditas perdagangan, serta pengembangan ekonomi hijau sebagai strategi utama mendorong pertumbuhan berkelanjutan.","2026-01-10T10:02:12+07:00","Liputan6.com, Jakarta - Memasuki tahun perdagangan 2026, Otoritas Jasa Keuangan (OJK) menetapkan arah kebijakan strategis yang komprehensif bagi pasar modal Indonesia.
Dalam agenda besar tahun ini, OJK menitikberatkan fokusnya pada tiga pilar fundamental, yakni peningkatan integritas pasar, pendalaman likuiditas perdagangan, serta akselerasi ekonomi hijau melalui penguatan ekosistem Bursa Karbon agar memiliki kredibilitas berstandar internasional.
Ketua Dewan Komisioner OJK Mahendra Siregar dalam kesempatan tersebut menegaskan komitmen lembaganya untuk terus merajut sinergitas yang solid antar-pemangku kepentingan.
Dalam pidatonya, Mahendra menekankan pentingnya peran komite gabungan dalam menjaga ekuilibrium sektor keuangan.
""Sinergi dan kolaborasi Komite Kebijakan Sektor Keuangan (KSSK) tentu menjadi prioritas utama dalam menjaga stabilitas dan meningkatkan peran sektor keuangan mendorong pertumbuhan perekonomian nasional,"" ujar Mahendra, dikutip dari Antara, Sabtu (10/1/2026).","Liputan6.com, Jakarta - Memasuki tahun perdagangan 2026, Otoritas Jasa Keuangan (OJK) menetapkan arah kebijakan strategis yang komprehensif bagi pasar modal Indonesia.

Dalam agenda besar tahun ini, OJK menitikberatkan fokusnya pada tiga pilar fundamental, yakni peningkatan integritas pasar, pendalaman likuiditas perdagangan, serta akselerasi ekonomi hijau melalui penguatan ekosistem Bursa Karbon agar memiliki kredibilitas berstandar internasional.

Penegasan mengenai peta jalan ini disampaikan di hadapan jajaran pejabat Kementerian Keuangan, manajemen Bursa Efek Indonesia (BEI), Self-Regulatory Organization (SRO), serta anggota DPR RI dalam momentum Seremoni Pembukaan Perdagangan BEI Tahun 2026.

Advertisement

Langkah strategis ini diambil sebagai respons atas dinamika ekonomi global yang menuntut pasar keuangan domestik untuk tidak hanya tumbuh secara kuantitas, tetapi juga memiliki fondasi yang kokoh dan berkelanjutan.

Ketua Dewan Komisioner OJK Mahendra Siregar dalam kesempatan tersebut menegaskan komitmen lembaganya untuk terus merajut sinergitas yang solid antar-pemangku kepentingan. Hal ini dinilai krusial untuk memastikan pasar modal Indonesia mampu menjadi motor penggerak ekonomi yang inklusif.

Menurut Mahendra, kerja sama lintas sektor tidak bisa ditawar lagi demi menjaga daya tahan ekonomi nasional di tengah ketidakpastian global.

Dalam pidatonya, Mahendra menekankan pentingnya peran komite gabungan dalam menjaga ekuilibrium sektor keuangan.

""Sinergi dan kolaborasi Komite Kebijakan Sektor Keuangan (KSSK) tentu menjadi prioritas utama dalam menjaga stabilitas dan meningkatkan peran sektor keuangan mendorong pertumbuhan perekonomian nasional,"" ujar Mahendra, dikutip dari Antara, Sabtu (10/1/2026).

Pernyataan ini menjadi sinyal kuat bahwa kebijakan pasar modal di tahun 2026 akan sangat selaras dengan kebijakan fiskal dan moneter makroekonomi untuk menciptakan iklim investasi yang kondusif bagi seluruh pelaku pasar.","Integritas, Likuiditas dan Ekonomi Hijau jadi Prioritas Pasar Modal Indonesia pada 2026","https://cdn0-production-images-kly.akamaized.net/65iqrPbgqdTq4pGf8ieROKSmG9Y=/1200x675/smart/filters:quality(75):strip_icc():format(jpeg)/kly-media-production/medias/1043411/original/005540900_1446622303-20151104-OJK-AY-4.jpg","https://www.liputan6.com/news/read/6254426/integritas-likuiditas-dan-ekonomi-hijau-jadi-prioritas-pasar-modal-indonesia-pada-2026","247","true","true","true","2026-01-10T03:27:49.586734+00:00","","https://www.liputan6.com/"
"Khaalish Azzah Luthfiyyah, Diterbitkan Januari, Benedikta Desideria, Tim Redaksi","bts, jam, meal, wajib, jung, kook, makan, metode, uk, dijalani, wawancara, diet, day, one, omad","id","Diet One Meal a Day atau OMAD yang dijalani Jung Kook BTS menarik perhatian. Apa manfaat, cara kerja, dan risikonya bagi kesehatan.","2026-01-10T10:00:20+07:00","Liputan6.com, Jakarta - One Meal a Day (OMAD) adalah metode diet yang kini semakin populer.
Diet ini mengatur seseorang untuk berpuasa selama 23 jam dan hanya makan dalam satu waktu selama satu jam setiap hari.
Menariknya, pola makan ini juga dijalani oleh Jung Kook, member grup K-pop BTS, setelah menyelesaikan wajib militernya.
Dalam sebuah wawancara bersama Rolling Stone UK, Jung Kook mengungkapkan bahwa ia kini menjalani rutinitas diet yang lebih terkontrol dibanding sebelumnya.
Baginya OMAD bukan sekadar metode penurunan berat badan, tetapi juga menjadi prinsip hidup sehat dan disiplin diri.","Liputan6.com, Jakarta - One Meal a Day (OMAD) adalah metode diet yang kini semakin populer. Diet ini mengatur seseorang untuk berpuasa selama 23 jam dan hanya makan dalam satu waktu selama satu jam setiap hari.

Menariknya, pola makan ini juga dijalani oleh Jung Kook, member grup K-pop BTS, setelah menyelesaikan wajib militernya. Dalam sebuah wawancara bersama Rolling Stone UK, Jung Kook mengungkapkan bahwa ia kini menjalani rutinitas diet yang lebih terkontrol dibanding sebelumnya.

Ia hanya makan satu kali sehari dan justru sangat menantikan momen tersebut. Baginya OMAD bukan sekadar metode penurunan berat badan, tetapi juga menjadi prinsip hidup sehat dan disiplin diri.

Advertisement

Fenomena ini membuat banyak penggemar dan masyarakat umum mulai penasaran, apa sebenarnya OMAD, bagaimana cara kerjanya, serta apa manfaat dan risikonya bagi kesehatan?","Apa Itu One Meal a Day? Diet yang Tengah Dijalani Jung Kook BTS","https://cdn0-production-images-kly.akamaized.net/Qf4tVmO-046E2nxuOx8qKWRirN4=/1200x675/smart/filters:quality(75):strip_icc():format(jpeg)/kly-media-production/medias/4659931/original/091620700_1700718204-F_YRTdTaIAAPvSp.jpg","https://www.liputan6.com/health/read/6254296/apa-itu-one-meal-a-day-diet-yang-tengah-dijalani-jung-kook-bts","126","true","true","true","2026-01-10T03:27:51.211183+00:00","","https://www.liputan6.com/"
"Septian Deny, Diterbitkan Januari, Tim Redaksi","moda, pilar, perilaku, kecelakaan, mobilitas, terlibat, rawan, sepeda, standar, motor, kendaraan, waspada, peran","id","sepeda motor menjadi moda yang paling berisiko bahkan tercatat sebagai kendaraan yang paling banyak terlibat kecelakaan","2026-01-10T10:00:15+07:00","Liputan6.com, Jakarta - Sepeda motor menjadi tulang punggung mobilitas masyarakat Indonesia, terutama bagi kelompok usia produktif, yang mengutamakan efisiensi waktu dan biaya yang terjangkau.
Namun, di balik perannya tersebut, sepeda motor juga menjadi moda yang paling berisiko bahkan tercatat sebagai kendaraan yang paling banyak terlibat kecelakaan, dengan kontribusi mencapai 80 persen dari total insiden kecelakaan di jalan raya.
Data secara konsisten menunjukkan bahwa sebagian besar korban meninggal adalah pengendara sepeda motor.
Pilar 3 mengatur aspek teknologi dan standar kendaraan, sementara perilaku pengguna jalan ditekankan dalam Pilar 4 melalui edukasi dan penegakan hukum.
Dalam konteks dominasi sepeda motor, penguatan perilaku berkendara harus berjalan seiring dengan penerapan kendaraan berkeselamatan agar setiap pilar dapat dijalankan secara efektif sesuai mandatnya.","Liputan6.com, Jakarta - Sepeda motor menjadi tulang punggung mobilitas masyarakat Indonesia, terutama bagi kelompok usia produktif, yang mengutamakan efisiensi waktu dan biaya yang terjangkau. Namun, di balik perannya tersebut, sepeda motor juga menjadi moda yang paling berisiko bahkan tercatat sebagai kendaraan yang paling banyak terlibat kecelakaan, dengan kontribusi mencapai 80 persen dari total insiden kecelakaan di jalan raya.

Indonesia masih kehilangan sekitar tiga nyawa setiap jam akibat kecelakaan lalu lintas. Data secara konsisten menunjukkan bahwa sebagian besar korban meninggal adalah pengendara sepeda motor.

""Dominasi sepeda motor sebagai moda transportasi utama ini tidak hanya mencerminkan realitas mobilitas masyarakat, tetapi juga menyingkap tantangan sistemik—mulai dari standar keselamatan kendaraan, kualitas infrastruktur jalan, hingga perilaku pengguna jalan,"" jelas Ketua Dewan Pengawas Road Safety Association (RSA) Indonesia, Rio Octaviano, Sabtu (10/1/2025).

Advertisement

Kondisi ini menjadi keprihatinan nasional yang menuntut penanganan serius dan kolaboratif. Indonesia telah memiliki lima pilar keselamatan jalan, namun implementasinya masih belum berjalan seimbang.

Pilar 3 mengatur aspek teknologi dan standar kendaraan, sementara perilaku pengguna jalan ditekankan dalam Pilar 4 melalui edukasi dan penegakan hukum. Kedua pilar ini memiliki peran yang sama penting dan tidak dapat saling menggantikan.

Dalam konteks dominasi sepeda motor, penguatan perilaku berkendara harus berjalan seiring dengan penerapan kendaraan berkeselamatan agar setiap pilar dapat dijalankan secara efektif sesuai mandatnya.

“Oleh karena itu, sangat penting agar setiap pilar dibedakan secara jelas peran dan tanggung jawabnya, tanpa saling menyalahkan atau menumpukan beban pada satu pendekatan saja. Kejelasan ini justru diperlukan agar seluruh pilar dapat dijalankan secara beriringan, konsisten, dan saling menguatkan,” tegasnya.","Waspada, Sepeda Motor Paling Rawan Terlibat Kecelakaan Jalan Raya","https://cdn0-production-images-kly.akamaized.net/F8l2OUcyxBTAdTzwHUWTgzB08Ew=/1200x675/smart/filters:quality(75):strip_icc():format(jpeg)/kly-media-production/medias/4797068/original/007275100_1712476132-20240407-Pemudik_Bermotor-HER_4.jpg","https://www.liputan6.com/bisnis/read/6254454/waspada-sepeda-motor-paling-rawan-terlibat-kecelakaan-jalan-raya","250","true","true","true","2026-01-10T03:27:52.486879+00:00","","https://www.liputan6.com/"
"Arief Rahman H, Diterbitkan Januari, Tim Redaksi","percepat, pertamina, energi, hilirisasi, batu, bara, pemanfaatan, id, pengganti, sepakat, sng, memperkuat, lpg, mind","id","Kementerian ESDM memproyeksikan konsumsi LPG nasional akan mencapai 10 juta metrik ton (MT) pada 2026, sementara produksi domestik baru mencapai 1,3–1,4 juta MT.","2026-01-10T10:12:04+07:00","Liputan6.com, Jakarta - PT Pertamina (Persero) bersama Holding Industri Pertambangan Indonesia MIND ID sepakat mempercepat hilirisasi batu bara menjadi produk energi alternatif pengganti LPG.
Melalui teknologi proses gasifikasi, batu bara akan diubah menjadi Synthetic Natural Gas (SNG), selanjutnya diproses pemurnian dan didehidrasi menjadi Dimethyl Ether (DME), sebagai energi alternatif pengganti LPG.
Kerja sama ini ditandai dengan penandatanganan kerja sama strategis antara Pertamina dan MIND ID yang disaksikan oleh Chief Technology Officer (CTO) BPI Danantara Sigit Puji Santoso, Jumat (9/1/2026).
Chief Technology Officer Danantara Indonesia Sigit P. Santosa, menyampaikan bahwa kerja sama antara Pertamina dan MIND ID mencerminkan pendekatan terintegrasi dalam pembangunan sistem energi nasional.
Inisiatif ini menjadi wujud nyata peran aktif kolaborasi BUMN Energi dan Pertambangan dalam menjalankan mandat yang diberikan pemerintah guna mendukung agenda hilirisasi dan industrialisasi melalui pemanfaatan teknologi gasifikasi batu bara.","Liputan6.com, Jakarta - PT Pertamina (Persero) bersama Holding Industri Pertambangan Indonesia MIND ID sepakat mempercepat hilirisasi batu bara menjadi produk energi alternatif pengganti LPG. Melalui teknologi proses gasifikasi, batu bara akan diubah menjadi Synthetic Natural Gas (SNG), selanjutnya diproses pemurnian dan didehidrasi menjadi Dimethyl Ether (DME), sebagai energi alternatif pengganti LPG.

Kementerian ESDM memproyeksikan konsumsi LPG nasional akan mencapai 10 juta metrik ton (MT) pada 2026, sementara produksi domestik baru mencapai 1,3–1,4 juta MT.

Sinergi Pertamina - MIND ID melalui pemanfaatan Coal to DME dan Coal to SNG menjadi solusi untuk menutup defisit tersebut menggunakan kekayaan alam domestik, sebagai upaya untuk memperkuat ketahanan dan kemandirian sektor energi nasional.

Advertisement

Langkah ini bertujuan memperkuat ketahanan dan kemandirian energi nasional. Kerja sama ini ditandai dengan penandatanganan kerja sama strategis antara Pertamina dan MIND ID yang disaksikan oleh Chief Technology Officer (CTO) BPI Danantara Sigit Puji Santoso, Jumat (9/1/2026).

Chief Technology Officer Danantara Indonesia Sigit P. Santosa, menyampaikan bahwa kerja sama antara Pertamina dan MIND ID mencerminkan pendekatan terintegrasi dalam pembangunan sistem energi nasional. Sebagai negara besar Indonesia sangat membutuhkan diversifikasi energi yang mampu menopang pembangunan.

“Kolaborasi dan sinergi antar-BUMN strategis dapat memperkuat fondasi energi nasional. Hilirisasi berbasis teknologi menjadi instrumen penting untuk mengoptimalkan pemanfaatan sumber daya domestik sekaligus membangun sistem energi yang lebih tangguh, efisien, dan berorientasi jangka panjang,” ujar Sigit.

Dalam kolaborasi ini Pertamina memainkan peran sebagai offtaker dan agregator infrastruktur distribusi.

Dengan jaringan distribusi yang dimiliki, Pertamina memastikan hasil hilirisasi batu bara, seperti Dimethyl Ether (DME), Synthetic Natural Gas (SNG), dan metanol—dapat terserap dan tersalurkan secara efektif kepada masyarakat maupun industri sebagai substitusi energi yang didapatkan melalui impor.

Inisiatif ini menjadi wujud nyata peran aktif kolaborasi BUMN Energi dan Pertambangan dalam menjalankan mandat yang diberikan pemerintah guna mendukung agenda hilirisasi dan industrialisasi melalui pemanfaatan teknologi gasifikasi batu bara.","Pertamina dan Mind ID Sepakat Percepat Hilirisasi Batu Bara Jadi Alternatif Pengganti LPG","https://cdn1-production-images-kly.akamaized.net/wuZqAFk-hHDWCiwgZGZ1S8LsoJ0=/1200x675/smart/filters:quality(75):strip_icc():format(jpeg)/kly-media-production/medias/5468766/original/005136900_1768014767-Mindid_dan_pertamina.jpg","https://www.liputan6.com/bisnis/read/6254505/pertamina-dan-mind-id-sepakat-percepat-hilirisasi-batu-bara-jadi-alternatif-pengganti-lpg","298","true","true","true","2026-01-10T03:27:54.099137+00:00","","https://www.liputan6.com/"
"Diterbitkan Januari, Hendro, Devira Prastiwi, Tim Redaksi","jari, ruangan, kejanggalan, kematian, daru, rusak, penghentian, penyelidikan, tutup, penjelasan, tertutup, sidik, arya","id","Berita daerah terbaru seputar peristiwa, kriminal, hukum, pemerintahan, pembangunan hingga keunikan pelosok regional Indonesia - Regional Liputan6.com",,"Liputan6.com, Jakarta - Di balik keputusan kepolisian menghentikan penyelidikan kematian Arya Daru, tersisa tanda tanya besar yang hingga kini belum terjawab.
Kematian Arya Daru yang sejak awal menyisakan misteri kini resmi dihentikan penyelidikannya oleh kepolisian.
Salah satu kejanggalan yang kembali diungkap adalah temuan sidik jari di lokasi kejadian.
Namun, hanya satu yang berhasil diidentifikasi sebagai milik Arya Daru, sementara tiga lainnya disebut rusak akibat faktor cuaca.
Bagaimana mungkin sidik jari di ruangan tertutup dan ber-AC rusak karena cuaca?,"" ujar Ketua Tim Hukum Keluarga Almarhum Arya Daru Pangayunan (ADP), Nicolay Aprilindo.","Liputan6.com, Jakarta - Di balik keputusan kepolisian menghentikan penyelidikan kematian Arya Daru, tersisa tanda tanya besar yang hingga kini belum terjawab.

Bagi keluarga, penutupan perkara justru membuka kembali luka lama sekaligus memunculkan sederet kejanggalan yang mereka nilai tidak pernah diusut secara tuntas.

Kematian Arya Daru yang sejak awal menyisakan misteri kini resmi dihentikan penyelidikannya oleh kepolisian. Kepastian itu diketahui setelah istri almarhum, Meta Puspitari, menerima Surat Pemberitahuan Penghentian Penyelidikan (SP3) pada 7 Januari 2026.

Advertisement

Namun, yang menjadi sorotan, surat tersebut bertanggal 6 Januari 2026, sementara penetapan penghentian penyelidikan disebut telah dilakukan sejak 12 Desember 2025.

Keputusan ini sontak menuai kekecewaan mendalam dari pihak keluarga. Mereka menilai, banyak fakta penting yang hingga kini belum mendapatkan penjelasan logis dari aparat penegak hukum.

Salah satu kejanggalan yang kembali diungkap adalah temuan sidik jari di lokasi kejadian. Dalam audiensi dengan penyidik Polda Metro Jaya pada November 2025, keluarga mendapat penjelasan bahwa terdapat empat sidik jari di tempat kejadian perkara. Namun, hanya satu yang berhasil diidentifikasi sebagai milik Arya Daru, sementara tiga lainnya disebut rusak akibat faktor cuaca.

Penjelasan tersebut dinilai janggal oleh keluarga. Pasalnya, sidik jari itu ditemukan di dalam kamar tertutup yang dilengkapi pendingin ruangan atau AC. Menurut keluarga, kondisi tersebut seharusnya meminimalkan kemungkinan rusaknya sidik jari akibat cuaca.

""Kami mempertanyakan logika dari penjelasan itu. Bagaimana mungkin sidik jari di ruangan tertutup dan ber-AC rusak karena cuaca?,"" ujar Ketua Tim Hukum Keluarga Almarhum Arya Daru Pangayunan (ADP), Nicolay Aprilindo.","Polisi Tutup Kasus Kematian Arya Daru, Keluarga Ungkap Banyak Kejanggalan","https://preview-kly.akamaized.net/og/new_liputan6.com.jpg","https://www.liputan6.com/regional/read/6254490/polisi-tutup-kasus-kematian-arya-daru-keluarga-ungkap-banyak-kejanggalan","237","true","true","true","2026-01-10T03:27:54.002471+00:00","","https://www.liputan6.com/"
"Eka Hakim, Diterbitkan Januari, Nasrul Faiz, Tim Redaksi","cpns, r, tipu, gadungan, diringkus, sulsel, sulawesi, rp, tindak, pidsus, ratusan, am, pelaku, jaksa, ngaku, kejati","id","Kejaksaan Tinggi Sulawesi Selatan (Kejati Sulsel) menangkap seorang jaksa gadungan AM alias Pung bersama seorang PPPK Paruh Waktu Balai Penataan Bangunan, Prasarana, dan Kawasan Sulawesi Selatan (BPBPK Sulsel).","2026-01-10T09:30:10+07:00","Liputan6.com, Jakarta - Kejaksaan Tinggi Sulawesi Selatan (Kejati Sulsel) menangkap seorang jaksa gadungan berinisial AM alias Pung bersama seorang PPPK Paruh Waktu Balai Penataan Bangunan, Prasarana, dan Kawasan Sulawesi Selatan (BPBPK Sulsel) berinisial R dalam Operasi Tangkap Tangan (OTT), pada Jumat, 9 Januari 2026.
Penangkapan ini merupakan tindak lanjut dari laporan masyarakat terkait dugaan praktik penipuan oleh oknum yang mengatasnamakan jaksa Kejati Sulsel dan menjanjikan kemudahan pengurusan perkara hingga penerimaan CPNS.
AdvertisementR meyakinkan korban bahwa AM merupakan jaksa aktif Kejati Sulsel yang mampu menghentikan penanganan perkara korupsi yang tengah ditangani Bidang Tindak Pidana Khusus (Pidsus).
AM bahkan sempat menghubungi sejumlah pihak melalui aplikasi WhatsApp terkait perkara yang masih dalam tahap penyidikan Tim Pidsus Kejati Sulsel.
Selain mengurus perkara, AM juga menawarkan jasa kepada IB, anak dari IS, dengan janji meluluskan sebagai CPNS Kejaksaan RI formasi Jaksa.","Liputan6.com, Jakarta - Kejaksaan Tinggi Sulawesi Selatan (Kejati Sulsel) menangkap seorang jaksa gadungan berinisial AM alias Pung bersama seorang PPPK Paruh Waktu Balai Penataan Bangunan, Prasarana, dan Kawasan Sulawesi Selatan (BPBPK Sulsel) berinisial R dalam Operasi Tangkap Tangan (OTT), pada Jumat, 9 Januari 2026.

Penangkapan ini merupakan tindak lanjut dari laporan masyarakat terkait dugaan praktik penipuan oleh oknum yang mengatasnamakan jaksa Kejati Sulsel dan menjanjikan kemudahan pengurusan perkara hingga penerimaan CPNS.

Kasus bermula pada Mei 2025, pascakonferensi pers dugaan korupsi perjalanan dinas fiktif periode 2022–2023 di Balai Penyediaan Perumahan Sulawesi III. Saat itu, AM bersama R mendatangi rumah korban IS di Jalan Andi Djemma, Makassar.

Advertisement

R meyakinkan korban bahwa AM merupakan jaksa aktif Kejati Sulsel yang mampu menghentikan penanganan perkara korupsi yang tengah ditangani Bidang Tindak Pidana Khusus (Pidsus). Atas klaim tersebut, pelaku meminta imbalan Rp 45 juta, yang dibayarkan bertahap melalui transfer bank dan tunai.

Tak hanya itu, pelaku juga meminta korban mengaburkan harta kekayaan dengan memindahkan dana ke rekening AM dan melakukan penarikan tunai sebagai upaya menghambat proses penyidikan. AM bahkan sempat menghubungi sejumlah pihak melalui aplikasi WhatsApp terkait perkara yang masih dalam tahap penyidikan Tim Pidsus Kejati Sulsel.

Selain mengurus perkara, AM juga menawarkan jasa kepada IB, anak dari IS, dengan janji meluluskan sebagai CPNS Kejaksaan RI formasi Jaksa. Untuk meyakinkan korban, AM meminta uang secara bertahap sejak Juni hingga Oktober 2025 dengan total mencapai Rp 170 juta.

Pelaku juga memungut biaya tambahan, antara lain Rp 5 juta untuk pembuatan seragam dinas, Rp 5 juta untuk tiket pesawat dan akomodasi hotel ke Jakarta, hingga Rp 10 juta uang kedukaan dengan dalih anak pelaku meninggal dunia.","Jaksa Gadungan di Sulsel Diringkus usai Tipu Warga Ratusan Juta, Ngaku Bisa Urus Perkara dan CPNS","https://cdn0-production-images-kly.akamaized.net/ZSaWNNv5B59PSBY1UnmQwh6OTd8=/1200x675/smart/filters:quality(75):strip_icc():format(jpeg)/kly-media-production/medias/5468745/original/022161300_1768012978-Jaksa_Gadungan_dan_PPPK.jpg","https://www.liputan6.com/regional/read/6254489/jaksa-gadungan-di-sulsel-diringkus-usai-tipu-warga-ratusan-juta-ngaku-bisa-urus-perkara-dan-cpns","269","true","true","true","2026-01-10T03:27:54.036085+00:00","","https://www.liputan6.com/"
"Agustina Melani, Diterbitkan Januari, Tim Redaksi","2025, sepekan, bei, emisi, 1, sukuk, rp, pencatatan, 3, ida, wali, berkelanjutan, obligasi, tercatat","id","Berikut pencatatan obligasi dan sukuk di Bursa Efek Indonesia (BEI) pada 5-9 Januari 2026.","2026-01-10T09:42:10+07:00","Liputan6.com, Jakarta - Bursa Efek Indonesia (BEI) menyampaikan ada tiga pencatatan obligasi dan satu sukuk di BEI pada 5-9 Januari 2026.
Hasil pemeringkatan PT Pemeringkat Efek Indonesia (Pefindo) untuk obligasi dan sukuk itu adalah idA- dan idA- sy dengan wali amanat PT Bank Pembangunan Daerah Jawa Barat dan Banten Tbk.
Hasil pemeringkatan dari Pefindo untuk obligasi tersebut adalah idA+ dengan wali amanat PT Bank Rakyat Indonesia (Persero) Tbk.
Total emisi obligasi dan sukuk yang sudah tercatat sepanjang tahun 2026 adalah 4 emisi dari 3 emiten senilai Rp 216,97 triliun.
Dengan pencatatan tersebut maka total emisi obligasi dan sukuk yang tercatat di BEI berjumlah 662 emisi dengan nilai nominal outstanding sebesar Rp 539,79 triliun dan USD134,010595 juta, diterbitkan oleh 136 emiten.","Liputan6.com, Jakarta - Bursa Efek Indonesia (BEI) menyampaikan ada tiga pencatatan obligasi dan satu sukuk di BEI pada 5-9 Januari 2026.

Mengutip data BEI, ditulis Sabtu, (10/1/2026), pada Rabu, 7 Januari 2026, obligasi berkelanjutan I Eagle High Plantations tahap III tahun 2025 dan sukuk mudharabah berkelanjutan I Eagle High Plantations tahap II tahun 2025 oleh PT Eagle High Plantations masing-masing Rp 210 miliar dan Rp 290 miliar tercatat di BEI. Hasil pemeringkatan PT Pemeringkat Efek Indonesia (Pefindo) untuk obligasi dan sukuk itu adalah idA- dan idA- sy dengan wali amanat PT Bank Pembangunan Daerah Jawa Barat dan Banten Tbk.

Pada hari yang sama, obligasi berkelanjutan V Summarecon Agung Tahap I Tahun 2025 oleh PT Summarecon Agung Tbk (SMRA) tercatat di BEI dengan nilai Rp 351,96 miliar. Hasil pemeringkatan dari Pefindo untuk obligasi tersebut adalah idA+ dengan wali amanat PT Bank Rakyat Indonesia (Persero) Tbk.

Advertisement

Selanjutnya obligasi berkelanjutan I Energi Mega Persada Tahap I Tahun 2025 oleh PT Energi Mega Persada Tbk mulai tercatat di BEI pada hari yang sama dengan nilai Rp 50 miliar.

Hasil pemeringkatan dari PEFINDO untuk obligasi tersebut adalah idA+ (Single A Plus) dengan Wali Amanat PT Bank Rakyat Indonesia (Persero) Tbk.

Total emisi obligasi dan sukuk yang sudah tercatat sepanjang tahun 2026 adalah 4 emisi dari 3 emiten senilai Rp 216,97 triliun.

Dengan pencatatan tersebut maka total emisi obligasi dan sukuk yang tercatat di BEI berjumlah 662 emisi dengan nilai nominal outstanding sebesar Rp 539,79 triliun dan USD134,010595 juta, diterbitkan oleh 136 emiten. Surat Berharga Negara (SBN) tercatat di BEI berjumlah 190 seri dengan nilai nominal Rp 6.484,29 triliun dan USD352,10 juta. EBA sebanyak 6 emisi senilai Rp 3,99 triliun.","Bursa Sepekan: Pencatatan 3 Obligasi dan 1 Sukuk","https://cdn0-production-images-kly.akamaized.net/gE6YVpvdVYnAg4e7lXW613yWLlE=/1200x675/smart/filters:quality(75):strip_icc():format(jpeg)/kly-media-production/medias/5184178/original/018769500_1744269681-20250410-IHSG-AFP_2.jpg","https://www.liputan6.com/saham/read/6254484/bursa-sepekan-pencatatan-3-obligasi-dan-1-sukuk","275","true","true","true","2026-01-10T03:27:53.808785+00:00","","https://www.liputan6.com/"
"Arthur Gideon, Diterbitkan Januari, Tim Redaksi","ubsdikutip, ubs, pegadaian, 10, galeri24, gram, 05, rp, 15000, emas, 2026, sahabat, daftar, dijual","id","Harga emas Pegadaian hari ini 10 Januari 2026 kompak naik. Simak rincian harga emas batangan hari ini di sini.","2026-01-10T09:30:35+07:00","‎Dikutip dari laman resmi Sahabat Pegadaian, Sabtu (10/1/2026), harga jual emas Galeri24 naik Rp 8.000 dari awalnya Rp 2.588.000 per gram menjadi Rp 2.596.000 per gram.
Hal yang sama juga terjadi pada harga emas UBS yang mengalami lonjakan Rp 15.000 dari semula Rp 2.637.000 per gram menjadi Rp 2.652.000 per gram.
Sedangkan emas UBS dijual dengan kepungan 0,5 gram hingga 500 gram.
Berikut daftar lengkap harga emas Pegadaian hari ini:Galeri240,5 gram: Rp 1.362.000‎1 gram: Rp 2.596.000.
‎2 gram: Rp 5.114.000‎5 gram: Rp 12.692.000‎10 gram: Rp 25.316.000‎25 gram: Rp 63.134.000‎50 gram: Rp 126.170.000‎100 gram: Rp 252.214.000‎250 gram: Rp 628.986.000‎500 gram: Rp 1.257.971.000‎1.000 gram: Rp 2.515.940.000UBS","Liputan6.com, Jakarta - Harga emas yang dijual oleh PT Pegadaian (Persero) kembali menguat pada perdagangan Sabtu ini. Penguatan harga emas Pegadaian ini untuk dua produk yaitu buatan Galeri24 dan UBS.

‎Dikutip dari laman resmi Sahabat Pegadaian, Sabtu (10/1/2026), harga jual emas Galeri24 naik Rp 8.000 dari awalnya Rp 2.588.000 per gram menjadi Rp 2.596.000 per gram.

Hal yang sama juga terjadi pada harga emas UBS yang mengalami lonjakan Rp 15.000 dari semula Rp 2.637.000 per gram menjadi Rp 2.652.000 per gram.

Advertisement

Emas Galeri24 dijual dengan kepingan 0,5 gram hingga 1.000 gram atau 1 kilogram. Sedangkan emas UBS dijual dengan kepungan 0,5 gram hingga 500 gram.

Berikut daftar lengkap harga emas Pegadaian hari ini:

Galeri24

0,5 gram: Rp 1.362.000

‎1 gram: Rp 2.596.000.

‎2 gram: Rp 5.114.000

‎5 gram: Rp 12.692.000

‎10 gram: Rp 25.316.000

‎25 gram: Rp 63.134.000

‎50 gram: Rp 126.170.000

‎100 gram: Rp 252.214.000

‎250 gram: Rp 628.986.000

‎500 gram: Rp 1.257.971.000

‎1.000 gram: Rp 2.515.940.000

UBS","Daftar Harga Emas Pegadaian 10 Januari 2026, Ada yang Naik Rp 15.000!","https://cdn1-production-images-kly.akamaized.net/FKvhpXR6yVoUnH__M6QuITLoXx0=/1200x675/smart/filters:quality(75):strip_icc():format(jpeg)/kly-media-production/medias/4837497/original/097905500_1716195905-Harga_emas_cetak_rekor_tertinggi-ANGGA_1.jpg","https://www.liputan6.com/bisnis/read/6254472/daftar-harga-emas-pegadaian-10-januari-2026-ada-yang-naik-rp-15000","160","true","true","true","2026-01-10T03:27:56.684314+00:00","","https://www.liputan6.com/"
"Bayu Kurniawan Santoso","puji, persita, energi, skor, cetak, fc, carlos, borneo, babak, kalahkan, kemenangan, klub, pena, 20","id","Pelatih Persita Tangerang, Carlos Pena memuji performa dominan timnya usai mengalahkan Borneo FC 2-0 di Stadion Indomilk Arena, Tangerang, Jumat (9/1/2026). Kemenangan bersejarah yang juga memastikan raihan poin terbaik Persita di putaran pertama.","2025-09-27T09:45:04+07:00","Carlos Pena Puji Persita Usai Cetak Sejarah Kalahkan Borneo FCBola 10 jam yang laluPelatih Persita Tangerang, Carlos Pena, menyampaikan apresiasi tinggi kepada seluruh elemen klub setelah timnya meraih kemenangan bersejarah atas Borneo FC 2-0 di Stadion Indomilk Arena, Tangerang, Jumat (9/1/2026), dalam lanjutan BRI Super League musim ini.
Persita sukses mengalahkan Borneo FC dengan skor 2-0, hasil yang menjadi kemenangan pertama sepanjang sejarah klub atas Pesut Etam.
Juga, menurut saya, ini adalah jumlah poin terbaik dalam putaran pertama dalam sejarah,"" ujar Carlos Pena dalam konferensi pers usai pertandingan.
Menilai jalannya pertandingan, Carlos Pena menyebut Persita tampil dominan sejak awal laga.
Menurut Carlos Pena, Persita tidak memilih bertahani bertahan setelah unggul.","Carlos Pena Puji Persita Usai Cetak Sejarah Kalahkan Borneo FC

Bola 10 jam yang lalu

Pelatih Persita Tangerang, Carlos Pena, menyampaikan apresiasi tinggi kepada seluruh elemen klub setelah timnya meraih kemenangan bersejarah atas Borneo FC 2-0 di Stadion Indomilk Arena, Tangerang, Jumat (9/1/2026), dalam lanjutan BRI Super League musim ini. Persita sukses mengalahkan Borneo FC dengan skor 2-0, hasil yang menjadi kemenangan pertama sepanjang sejarah klub atas Pesut Etam. Selain itu, tiga poin tersebut juga memastikan Persita mencatatkan raihan poin terbaik mereka di putaran pertama kompetisi. ""Hari ini adalah kemenangan pertama melawan Borneo FC dalam sejarah Persita. Juga, menurut saya, ini adalah jumlah poin terbaik dalam putaran pertama dalam sejarah,"" ujar Carlos Pena dalam konferensi pers usai pertandingan. Pelatih asal Spanyol tersebut menegaskan kemenangan ini bukan hanya milik para pemain di lapangan, tetapi juga buah kerja keras banyak pihak yang selama ini bekerja di balik layar klub. ""Ini tentang orang-orang yang bekerja sangat keras di belakang layar. Banyak orang yang bekerja untuk klub ini. Saya sangat senang terutama untuk mereka,"" katanya. Menilai jalannya pertandingan, Carlos Pena menyebut Persita tampil dominan sejak awal laga. Energi tinggi yang ditunjukkan pemain dinilainya menjadi kunci untuk mengendalikan permainan. ""Saya pikir ini adalah penampilan yang sangat baik dan dominan dari tim saya. Kami memulai pertandingan dengan energi yang sangat besar dan mencetak gol. Ketika mencetak gol, segalanya menjadi lebih mudah,"" jelasnya. Menurut Carlos Pena, Persita tidak memilih bertahani bertahan setelah unggul. Tim tetap bermain agresif dan menciptakan banyak peluang, khususnya di babak pertama. ""Kami tidak bertahan. Tim terus menyerang dan memiliki banyak peluang di babak pertama. Saya pikir skor di babak pertama masih kurang,"" ujarnya. Pada babak kedua, masuknya pemain cadangan dengan energi baru turut membantu Persita menjaga intensitas permainan hingga memastikan kemenangan 2-0. ""Dengan energi dari pemain pengganti dan komitmen semua orang, kami berhasil menutup pertandingan dengan skor 2-0, hasil yang sangat pantas kami dapatkan,"" pungkas Carlos Pena. Kemenangan ini semakin mempertegas progres Persita di bawah arahan Carlos Pena, sekaligus menjadi modal penting untuk menghadapi paruh kedua kompetisi dengan kepercayaan diri tinggi.","Carlos Pena Puji Persita Usai Cetak Sejarah Kalahkan Borneo FC","https://cdn0-production-images-kly.akamaized.net/UIX4HFdIqaxxTG9NUlRqn8wV8e0=/1280x720/smart/filters:quality(75):strip_icc()/kly-media-production/thumbnails/5468720/original/050769300_1767981322-carlos-pena-menang-0a1a5f.jpg","https://enamplus.liputan6.com/bola/read/6254427/carlos-pena-puji-persita-usai-cetak-sejarah-kalahkan-borneo-fc","338","true","true","true","2026-01-10T03:27:56.492874+00:00","","https://www.liputan6.com/"
"Bayu Kurniawan Santoso","united, realistis, bicara, klasemen, terpeleset, fc, laga, borneo, fabio, lefundes, mencetak, malik, kompetisi, menutup","id","Pelatih Borneo FC, Fabio Lefundes mengakui timnya tampil jauh dari harapan dan tidak layak meraih hasil positif, meski masih optimistis bersaing di papan atas klasemen BRI Super League musim ini.","2025-09-27T09:45:04+07:00","Borneo FC Terpeleset, Fabio Lefundes Bicara Realistis soal KlasemenBola 11 jam yang laluPelatih Borneo FC, Fabio Lefundes, melontarkan evaluasi jujur terhadap performa timnya usai kalah dari Persita Tangerang 2-0 dalam lanjutan laga BRI Super League 2025/2026.
""Jujur saja, hari ini kami sama sekali tidak layak dengan pertandingan ini,"" ujar Fabio Lefundes dalam sesi konferensi pers setelah laga.
Fabio mengakui target pribadinya adalah membawa Borneo FC menutup putaran pertama kompetisi di papan atas klasemen.
Dalam kesempatan tersebut, Fabio juga menyinggung beberapa mantan anak asuhnya yang kini mencetak gol ke gawang Borneo FC.
Menatap sisa musim, Fabio menegaskan Borneo FC masih memiliki 16 pertandingan tersisa untuk memperbaiki posisi.","Borneo FC Terpeleset, Fabio Lefundes Bicara Realistis soal Klasemen

Bola 11 jam yang lalu

Pelatih Borneo FC, Fabio Lefundes, melontarkan evaluasi jujur terhadap performa timnya usai kalah dari Persita Tangerang 2-0 dalam lanjutan laga BRI Super League 2025/2026. Pelatih asal Brasil tersebut menilai anak asuhnya sama sekali tidak pantas mendapatkan hasil positif di laga yang dimainkan di Stadion Indomilk Arena, Tangerang, Jumat (9/1/2026) sore WIB. ""Jujur saja, hari ini kami sama sekali tidak layak dengan pertandingan ini,"" ujar Fabio Lefundes dalam sesi konferensi pers setelah laga. Meski begitu, Fabio menegaskan persaingan di papan klasemen masih terbuka. Ia menyebut sejumlah tim pesaing seperti Persib Bandung, Persija Jakarta, hingga Malut United masih berada dalam jarak poin yang memungkinkan perubahan posisi. ""Kalau bicara klasemen, semuanya masih terbuka. Persib, Persija, dan Malut United juga ada di bawah kami. Banyak hal masih bisa terjadi,"" jelasnya. Fabio mengakui target pribadinya adalah membawa Borneo FC menutup putaran pertama kompetisi di papan atas klasemen. Namun, ia menekankan target tersebut harus dibuktikan lewat performa di lapangan. ""Kalau saya harus memilih, saya ingin menutup putaran pertama di papan atas. Tapi itu harus dibuktikan di pertandingan-pertandingan ke depan,"" tegasnya. Dalam kesempatan tersebut, Fabio juga menyinggung beberapa mantan anak asuhnya yang kini mencetak gol ke gawang Borneo FC. Salah satunya adalah Javlon, yang menurut Fabio pernah ia beri kepercayaan bermain di posisi berbeda. ""Soal Javlon, dari satu sisi saya sedih karena dia mencetak gol ke gawang Borneo. Tapi di sisi lain saya juga senang. Artinya, kesempatan yang pernah saya berikan sekarang terlihat hasilnya,"" ujarnya. Fabio turut mengaitkan situasi tersebut dengan pengalaman serupa ketika Malik Risaldi mencetak gol di menit akhir saat menghadapi Persebaya. Ia menyebut telah mengikuti perjalanan karier Malik sejak terdegradasi bersama Persela Lamongan hingga berkembang di Madura United. ""Itulah sepak bola. Saya pertama kali melihat Malik saat dia degradasi bersama Persela, lalu saya bawa ke Madura United,"" kata Fabio. Menatap sisa musim, Fabio menegaskan Borneo FC masih memiliki 16 pertandingan tersisa untuk memperbaiki posisi. Ia mengingatkan pentingnya menjaga konsistensi dan mental juara jika ingin bersaing hingga akhir kompetisi. ""Seperti yang dikatakan Muhammad Sihran, kita harus tegakkan kepala. Masih ada 16 pertandingan lagi,"" ucapnya. Fabio menutup dengan pesan tegas soal ambisi juara. Menurutnya, keberuntungan tidak bisa dijadikan sandaran utama dalam perjalanan panjang sebuah kompetisi. ""Kalau kita ingin juara, jangan kasih kendor. Kita mungkin bisa beruntung satu atau dua kali, tapi tidak mungkin beruntung 16 kali,"" pungkasnya.","Borneo FC Terpeleset, Fabio Lefundes Bicara Realistis soal Klasemen","https://cdn0-production-images-kly.akamaized.net/zWdKtDC8OPUqT83LuC3MabmKz28=/1280x720/smart/filters:quality(75):strip_icc()/kly-media-production/thumbnails/5468719/original/078539900_1767979388-soal-persaingan-papan-atas-fed1e8.jpg","https://enamplus.liputan6.com/bola/read/6254424/borneo-fc-terpeleset-fabio-lefundes-bicara-realistis-soal-klasemen","395","true","true","true","2026-01-10T03:27:56.532932+00:00","","https://www.liputan6.com/"
"Bayu Kurniawan Santoso","menit, persita, fc, situasi, kebobolan, pergantian, sulit, borneo, fabio, lefundes, menurutnya, bangkit","id","Pelatih Borneo FC, Fabio Lefundes mengakui Persita Tangerang layak menang setelah timnya kebobolan cepat dan gagal memaksimalkan peluang pada laga lanjutan BRI Super League 2025/2026, Jumat (9/1/2026) sore WIB di Stadion Indomilk Arena, Tangerang.","2025-09-27T09:45:04+07:00","Kebobolan Menit Awal, Fabio Lefundes Nilai Borneo FC Sulit BangkitBola 11 jam yang laluPelatih Borneo FC, Fabio Lefundes, mengakui Persita Tangerang tampil lebih efektif dan layak meraih kemenangan pada laga lanjutan BRI Super League 2025/2026 yang dimainkan di Stadion Indomilk Arena, Tangerang, Jumat (9/1/2026) sore WIB.
Kami kebobolan di menit ketiga dan itu membuat kami sulit untuk bangkit,"" ujar Fabio Lefundes dalam sesi konferensi pers usai pertandingan.
Setelah tertinggal 0-1, Borneo FC sebenarnya sempat mendapatkan peluang emas untuk menyamakan kedudukan.
Pada babak kedua, Borneo FC mencoba melakukan perubahan dengan memasukkan pemain pengganti.
Terkait kepemimpinan wasit, Fabio Lefundes memilih untuk tidak memperpanjang pembahasan.","Kebobolan Menit Awal, Fabio Lefundes Nilai Borneo FC Sulit Bangkit

Bola 11 jam yang lalu

Pelatih Borneo FC, Fabio Lefundes, mengakui Persita Tangerang tampil lebih efektif dan layak meraih kemenangan pada laga lanjutan BRI Super League 2025/2026 yang dimainkan di Stadion Indomilk Arena, Tangerang, Jumat (9/1/2026) sore WIB. Menurutnya, gol cepat yang tercipta di awal pertandingan membuat timnya berada dalam situasi sulit. ""Kami datang ke sini untuk mencari tiga poin. Tapi secara jujur, hasil ini sangat layak untuk mereka. Kami kebobolan di menit ketiga dan itu membuat kami sulit untuk bangkit,"" ujar Fabio Lefundes dalam sesi konferensi pers usai pertandingan. Setelah tertinggal 0-1, Borneo FC sebenarnya sempat mendapatkan peluang emas untuk menyamakan kedudukan. Namun, kesempatan tersebut gagal dimaksimalkan oleh para pemain Pesut Etam. ""Ketika Persita unggul 1-0, kami punya satu peluang yang sangat bagus, tetapi gagal dimanfaatkan. Setelah itu pertandingan berjalan dengan banyak transisi,"" jelas pelatih asal Brasil tersebut. Fabio juga menyoroti ancaman Persita dari situasi bola mati. Menurutnya, kekuatan set piece lawan menjadi salah satu faktor utama yang menyulitkan timnya sepanjang laga. ""Banyak bola mati dan set piece mereka sangat berbahaya. Mereka sangat bagus dalam situasi itu,"" kata Fabio. Pada babak kedua, Borneo FC mencoba melakukan perubahan dengan memasukkan pemain pengganti. Namun, rencana tersebut tidak berjalan sesuai harapan, terlebih setelah adanya pemain yang mengalami cedera. ""Kami melakukan satu pergantian di awal babak kedua untuk mencoba sesuatu yang berbeda. Tapi setelah beberapa menit, kondisi tim turun lagi. Lalu di pertengahan babak kedua kami melakukan dua pergantian, namun tiba-tiba ada pemain cedera sehingga harus melakukan tiga pergantian. Efeknya justru negatif,"" ujarnya. Fabio menambahkan, dalam 15 menit terakhir, anak asuhnya telah berupaya maksimal untuk mengejar ketertinggalan. Namun, waktu yang tersisa tidak cukup untuk mengubah hasil pertandingan. ""Ada sisa waktu sekitar 15 menit dan kami sudah melakukan yang terbaik. Tapi tidak ada hasil, meski ada tambahan waktu,"" tutur Fabio. Terkait kepemimpinan wasit, Fabio Lefundes memilih untuk tidak memperpanjang pembahasan. Meski demikian, ia sempat menyinggung penugasan perangkat pertandingan yang menurutnya terbilang jarang terjadi. ""Saya tidak mau membicarakan wasit. Saya sudah tahu bagaimana dia memimpin pertandingan saat saya berada di Korea. Tapi yang aneh, dia memimpin pertandingan kami di sini dan juga akan memimpin laga Persib melawan Persija hari Minggu. Hal seperti ini jarang saya lihat,"" ucapnya. Kekalahan ini menjadi bahan evaluasi penting bagi Borneo FC dalam upaya mereka bersaing di papan atas BRI Super League 2025/2026, sementara Persita terus menunjukkan konsistensi berkat efektivitas permainan dan keunggulan dalam situasi bola mati.","Kebobolan Menit Awal, Fabio Lefundes Nilai Borneo FC Sulit Bangkit","https://cdn1-production-images-kly.akamaized.net/R7xgMW6iN2cep61A_NOWG89K1gE=/1280x720/smart/filters:quality(75):strip_icc()/kly-media-production/thumbnails/5468709/original/090910600_1767974458-fabio-lefundes-soal-match-f7496d.jpg","https://enamplus.liputan6.com/bola/read/6254402/kebobolan-menit-awal-fabio-lefundes-nilai-borneo-fc-sulit-bangkit","406","true","true","true","2026-01-10T03:27:56.607193+00:00","","https://www.liputan6.com/"
"Muhammad Daffa Satrio","persib, tegaskan, poin, maksimal, persija, bandung, mauricio, el, super, laga, latihan, raih, kontra, souza","id","Pelatih Persija Jakarta, Mauricio Souza, menegaskan timnya akan meraih tiga poin di laga El Clasico Indonesia melawan Persib Bandung, Minggu (11/1/2026) di GBLA, menegaskan tekad Macan Kemayoran untuk menang dalam duel sengit BRI Super League 2025/2026.","2025-09-27T09:45:04+07:00","El Clasico Indonesia, Mauricio Souza Tegaskan Persija Jakarta Raih 3 Poin di Laga Kontra Persib!
Bola 12 jam yang laluPelatih Persija Jakarta, Mauricio Souza, menegaskan tekad timnya untuk meraih kemenangan saat menghadapi Persib Bandung dalam laga pekan ke-17 BRI Super League 2025/2026.
Kami datang ke Bandung untuk menang dan meraih tiga poin,"" tegas Mauricio Souza di sela latihan Persija, Jumat (9/1/2026) di Depok.
Latihan Persija terlihat penuh energi, dengan skema taktik yang dirancang khusus untuk menghadapi Persib.
Dengan motivasi tinggi dan strategi matang, Mauricio Souza percaya Persija mampu meninggalkan Bandung dengan hasil maksimal, membuktikan ambisi tim untuk menang di laga adu gengsi lawan Maung Bandung.","El Clasico Indonesia, Mauricio Souza Tegaskan Persija Jakarta Raih 3 Poin di Laga Kontra Persib!

Bola 12 jam yang lalu

Pelatih Persija Jakarta, Mauricio Souza, menegaskan tekad timnya untuk meraih kemenangan saat menghadapi Persib Bandung dalam laga pekan ke-17 BRI Super League 2025/2026. Pertandingan ini digelar di Stadion Gelora Bandung Lautan Api (GBLA), Minggu (11/1/2026) sore WIB. ""Laga ini bukan sekadar pertandingan, tapi adu gengsi. Kami datang ke Bandung untuk menang dan meraih tiga poin,"" tegas Mauricio Souza di sela latihan Persija, Jumat (9/1/2026) di Depok. Mauricio menekankan bahwa seluruh pemain, mulai dari skuad muda hingga pemain asing, telah mempersiapkan diri secara maksimal. Fokus utama adalah disiplin, kerja sama tim, dan menjaga mental tetap kuat di lapangan. Latihan Persija terlihat penuh energi, dengan skema taktik yang dirancang khusus untuk menghadapi Persib. Mauricio terus memberi arahan agar tim mampu mengantisipasi kekuatan lawan sekaligus memaksimalkan peluang yang ada. Ratusan The Jakmania hadir di latihan untuk memberikan dukungan langsung kepada tim. Kehadiran suporter fanatik ini dianggap sebagai motivasi tambahan bagi para pemain untuk tampil maksimal di laga klasik ini. Mauricio Souza menekankan pentingnya memenangkan duel ini tidak hanya untuk tiga poin, tetapi juga untuk membangun kepercayaan diri tim dan memutus tren negatif Persija saat menghadapi Persib di musim-musim sebelumnya. Persija berharap kemenangan di laga El Clasico Indonesia ini bisa memperkuat posisi mereka di papan atas BRI Super League sekaligus memupuk semangat juara Macan Kemayoran. Dengan motivasi tinggi dan strategi matang, Mauricio Souza percaya Persija mampu meninggalkan Bandung dengan hasil maksimal, membuktikan ambisi tim untuk menang di laga adu gengsi lawan Maung Bandung.","El Clasico Indonesia, Mauricio Souza Tegaskan Persija Jakarta Raih 3 Poin di Laga Kontra Persib!","https://cdn1-production-images-kly.akamaized.net/ap29u_CpiARKM1akpoJI2-aemWc=/640x320/smart/filters:quality(75):strip_icc()/kly-media-production/medias/5468700/original/050834300_1767973305-jakmania_4.jpg","https://enamplus.liputan6.com/bola/read/6254396/el-clasico-indonesia-mauricio-souza-tegaskan-persija-jakarta-raih-3-poin-di-laga-kontra-persib","259","true","true","true","2026-01-10T03:27:56.319124+00:00","","https://www.liputan6.com/"
"Muhammad Daffa Satrio","persib, sangar, ridho, sambutan, jakmania, berapiapi, persija, gengsi, bandung, rizky, suporter, vs, laga, latihan, jelang","id","Rizky Ridho menyambut ratusan The Jakmania dengan sambutan berapi-api saat latihan Persija Jakarta di Depok, Jumat (9/1/2026), memberi motivasi tambahan bagi tim sebelum menghadapi Persib Bandung di BRI Super League 2025/2026 dan menegaskan tekad Macan Kemayoran memutus rekor negatif lawan Maung Bandung.","2025-09-27T09:45:04+07:00","Rizky Ridho Berikan Sambutan Berapi-api di Depan The Jakmania Jelang Laga Gengsi Vs PersibBola 12 jam yang laluRibuan The Jakmania mendatangi Persija Training Ground, Depok, Jumat (9/1/2026), untuk memberikan dukungan penuh jelang laga sengit kontra Persib Bandung di BRI Super League 2025/2026.
Latihan Persija makin bersemangat saat Rizky Ridho, bek andalan tim, memberikan sambutan berapi-api di depan para suporter.
Media officer Persija, Kukuh Wahyudi, menilai sambutan Rizky Ridho sebagai tradisi positif sebelum lawan Persib.
Persija akan menghadapi Persib Bandung di Stadion Gelora Bandung Lautan Api (GBLA), Minggu (11/1/2026) sore WIB.
Sambutan berapi-api Rizky Ridho diharapkan memicu tim memutus rekor negatif melawan Maung Bandung.","Sangar! Rizky Ridho Berikan Sambutan Berapi-api di Depan The Jakmania Jelang Laga Gengsi Vs Persib

Bola 12 jam yang lalu

Ribuan The Jakmania mendatangi Persija Training Ground, Depok, Jumat (9/1/2026), untuk memberikan dukungan penuh jelang laga sengit kontra Persib Bandung di BRI Super League 2025/2026. Latihan Persija makin bersemangat saat Rizky Ridho, bek andalan tim, memberikan sambutan berapi-api di depan para suporter. Ia mengobarkan semangat rekan-rekannya dan menekankan pentingnya harga diri bagi tim dan pendukung. ""Teman-teman, ini bukan sekadar pertandingan! Kita harus tunjukkan kemampuan terbaik dan buat The Jakmania bangga!"" teriak Rizky Ridho, disambut sorak-sorai meriah dari para suporter. Sambutan Rizky disambut tepuk tangan dan chants dari The Jakmania, membuat atmosfer latihan penuh energi. Kehadirannya juga memotivasi pemain muda dan pemain asing di skuad Macan Kemayoran. Media officer Persija, Kukuh Wahyudi, menilai sambutan Rizky Ridho sebagai tradisi positif sebelum lawan Persib. ""Pidato Rizky memberikan suntikan semangat yang luar biasa bagi tim dan pelatih,"" ujarnya. Pelatih Mauricio Souza juga terlihat makin bersemangat setelah mendengar pidato motivasi Rizky. Ia bahkan sempat menanyakan ke manajemen kapan The Jakmania akan hadir di latihan. Persija akan menghadapi Persib Bandung di Stadion Gelora Bandung Lautan Api (GBLA), Minggu (11/1/2026) sore WIB. Sambutan berapi-api Rizky Ridho diharapkan memicu tim memutus rekor negatif melawan Maung Bandung.","Sangar! Rizky Ridho Berikan Sambutan Berapi-api di Depan The Jakmania Jelang Laga Gengsi Vs Persib","https://cdn1-production-images-kly.akamaized.net/Qun4fCtcz0ZGgwz5cSf3WrhEjhU=/640x320/smart/filters:quality(75):strip_icc()/kly-media-production/medias/5468697/original/031839300_1767972340-jakmania_3.jpg","https://enamplus.liputan6.com/bola/read/6254394/sangar-rizky-ridho-berikan-sambutan-berapi-api-di-depan-the-jakmania-jelang-laga-gengsi-vs-persib","208","true","true","true","2026-01-10T03:27:57.839786+00:00","","https://www.liputan6.com/"
"Maulandy Rizky Bayu Kencana, Diterbitkan Januari, Septian Deny, Tim Redaksi","364, 2025, belanja, 45, transaksi, rp, daring, harbolnas, mendag, lokal, pelaku, triliun, catat","id","Harbolnas membuktikan efektifnya kolaborasi pemerintah dengan asosiasi niaga elektronik (e-commerce) dalam memperkuat ekosistem perdagangan digital.","2026-01-05T14:00:10+07:00","Liputan6.com, Jakarta - Program belanja daring Hari Belanja Online Nasional atau Harbolnas 2025 yang berlangsung pada 10-16 Desember 2025 mencatatkan total transaksi Rp 36,4 triliun.
Harbolnas 2025 juga mencatatkan kenaikan transaksi hingga 17 persen dibandingkan Harbolnas 2024 yang mencatatkan Rp 31,2 triliun.
Lebih lanjut, Mendag juga menyoroti kontribusi transaksi produk lokal dalam Harbolnas 2025.
Produk lokal mencatatkan transaksi dengan kontribusi sebesar 45,6 persen dari total transaksi, atau setara Rp 16,6 triliun.
Pemerintah akan terus mendorong pelaku usaha mikro, kecil, dan menengah (UMKM) untuk memanfaatkan momentum belanja daring seperti ini,"" tuturnya.","Liputan6.com, Jakarta - Program belanja daring Hari Belanja Online Nasional atau Harbolnas 2025 yang berlangsung pada 10-16 Desember 2025 mencatatkan total transaksi Rp 36,4 triliun. Jumlah itu melampaui target yang ditetapkan sebesar Rp 33–34 triliun.

Harbolnas 2025 juga mencatatkan kenaikan transaksi hingga 17 persen dibandingkan Harbolnas 2024 yang mencatatkan Rp 31,2 triliun. Pada penyelenggaraan tahun ini, lebih dari 1.300 pelaku usaha turut berpartisipasi dalam Harbolnas. Para pelaku usaha ini terdiri atas pedagang (merchant), ritel daring, hingga penyedia layanan lokapasar (marketplace).

Menteri Perdagangan (Mendag) Budi Santoso menilai, Harbolnas membuktikan efektifnya kolaborasi pemerintah dengan asosiasi niaga elektronik (e-commerce) dalam memperkuat ekosistem perdagangan digital. Ia juga menyatakan, Harbolnas turut menjadi instrumen strategis dalam mendorong pertumbuhan ekonomi nasional.

Advertisement

""Harbolnas berhasil membuktikan perayaan belanja dapat menjadi momentum strategis, yaitu sebagai stimulus dalam meningkatkan daya beli masyarakat jelang akhir tahun,"" kata Mendag, Senin (5/1/2026).

Lebih lanjut, Mendag juga menyoroti kontribusi transaksi produk lokal dalam Harbolnas 2025. Produk lokal mencatatkan transaksi dengan kontribusi sebesar 45,6 persen dari total transaksi, atau setara Rp 16,6 triliun.

Transaksi produk lokal ini meningkat 3 persen, atau sebesar Rp500 miliar bila dibandingkan dengan 2024.Tiga kategori produk lokal yang paling banyak diminati oleh konsumen selama periode Harbolnas adalah fesyen dan pakaian olahraga, produk perawatan diri (personal care), serta produk makanan dan minuman.

""Capaian tersebut menunjukkan penguatan preferensi masyarakat terhadap produk dalam negeri di platform perdagangan digital. Pemerintah akan terus mendorong pelaku usaha mikro, kecil, dan menengah (UMKM) untuk memanfaatkan momentum belanja daring seperti ini,"" tuturnya.","Harbolnas 2025 Catat Transaksi Rp 36,4 Triliun, 45% dari Produk Lokal","https://cdn1-production-images-kly.akamaized.net/BDizlA9rNSwKxh_vGwKdtHTDqcs=/1200x675/smart/filters:quality(75):strip_icc():format(jpeg)/kly-media-production/medias/5402440/original/080099900_1762247242-Menteri_Perdagangan_Budi_Santoso.jpg","https://www.liputan6.com/bisnis/read/6250663/harbolnas-2025-catat-transaksi-rp-364-triliun-45-dari-produk-lokal","243","true","true","true","2026-01-10T03:27:59.184617+00:00","","https://www.liputan6.com/"
"Umi Zakiyatun Khasanah, Diterbitkan Desember, Wuri Anggarini, Tim Redaksi","mikrofon, remote, berkualitas, online, profesional, 5, tersedia, rekomendasi, webcam, rotasi, tajam, resolusi, meeting","id","Meeting online makin lancar dan profesional dengan rekomendasi 5 webcam beresolusi tajam dan mikrofon jernih untuk kerja, kuliah, atau konten.","2025-12-30T08:00:00+07:00","Liputan6.com, Jakarta - Bagi pekerja remote, pelajar, atau content creator, kualitas gambar dan suara saat meeting online bukan lagi sekadar pelengkap.
Webcam yang tajam dan mikrofon yang jernih bisa membuat komunikasi lebih nyaman dan profesional.
Kini, berbagai pilihan webcam tersedia dengan fitur lengkap, mulai dari resolusi 1080P Full HD hingga 2K, dilengkapi mikrofon bawaan dan kemampuan rotasi yang fleksibel.
Berikut rekomendasi 5 webcam berkualitas yang bisa membuat meeting online lebih profesional.","Liputan6.com, Jakarta - Bagi pekerja remote, pelajar, atau content creator, kualitas gambar dan suara saat meeting online bukan lagi sekadar pelengkap. Webcam yang tajam dan mikrofon yang jernih bisa membuat komunikasi lebih nyaman dan profesional.

Kini, berbagai pilihan webcam tersedia dengan fitur lengkap, mulai dari resolusi 1080P Full HD hingga 2K, dilengkapi mikrofon bawaan dan kemampuan rotasi yang fleksibel. Berikut rekomendasi 5 webcam berkualitas yang bisa membuat meeting online lebih profesional.","Meeting Online Makin Profesional dengan 5 Webcam Berkualitas","https://cdn0-production-images-kly.akamaized.net/kdi6MimIWdl4HkogNNRsXJkGHr8=/1200x675/smart/filters:quality(75):strip_icc():format(jpeg)/kly-media-production/medias/5440993/original/051183300_1765449665-pexels-thirdman-7651922.jpg","https://www.liputan6.com/lifestyle/read/6234216/meeting-online-makin-profesional-dengan-5-webcam-berkualitas","71","true","true","true","2026-01-10T03:27:59.248913+00:00","","https://www.liputan6.com/"
"Umi Zakiyatun Khasanah, Diterbitkan Desember, Wuri Anggarini, Tim Redaksi","kopi, penyeduhan, seleratak, rekomendasinya, ngopi, pecinta, penikmat, mesin, multifungsi, otomatis, nikmat, praktis, simak, ringkas","id","Pecinta kopi? Ini rekomendasi mesin kopi multifungsi yang bikin kamu bisa seduh espresso, latte, hingga cold brew dengan praktis di rumah.","2025-12-29T08:00:00+07:00","Liputan6.com, Jakarta - Bagi para penikmat kopi, menikmati cita rasa kopi ala kafe kini bisa dilakukan di rumah sendiri.
Mesin kopi multifungsi hadir dengan berbagai fitur praktis, mulai dari espresso, latte, hingga cold brew, yang memudahkan setiap penyeduhan sesuai selera.
Tak hanya menghadirkan rasa kopi yang nikmat, beberapa mesin kopi juga dilengkapi teknologi hemat energi, milk frother otomatis, dan desain ringkas yang mudah ditempatkan di dapur manapun.
Dengan mesin kopi ini, momen ngopi setiap hari pun bisa lebih menyenangkan dan praktis.","Liputan6.com, Jakarta - Bagi para penikmat kopi, menikmati cita rasa kopi ala kafe kini bisa dilakukan di rumah sendiri. Mesin kopi multifungsi hadir dengan berbagai fitur praktis, mulai dari espresso, latte, hingga cold brew, yang memudahkan setiap penyeduhan sesuai selera.

Tak hanya menghadirkan rasa kopi yang nikmat, beberapa mesin kopi juga dilengkapi teknologi hemat energi, milk frother otomatis, dan desain ringkas yang mudah ditempatkan di dapur manapun. Dengan mesin kopi ini, momen ngopi setiap hari pun bisa lebih menyenangkan dan praktis.","Mesin Kopi Multifungsi untuk Pecinta Kopi: Simak Rekomendasinya!","https://cdn1-production-images-kly.akamaized.net/NA5MoNuJdUNDbRM9pGM72UPIGHA=/1200x675/smart/filters:quality(75):strip_icc():format(jpeg)/kly-media-production/medias/5440955/original/025438100_1765448041-pexels-chevanon-302894.jpg","https://www.liputan6.com/lifestyle/read/6234206/mesin-kopi-multifungsi-untuk-pecinta-kopi-simak-rekomendasinya","81","true","true","true","2026-01-10T03:27:59.218289+00:00","","https://www.liputan6.com/"
"Umi Zakiyatun Khasanah, Diterbitkan Desember, Wuri Anggarini, Tim Redaksi","summer, spring, bebas, bikin, favorit, kabin, apel, parfum, botol, segar, aroma, wangi, bau, 3, perjalanan, spion, tahan","id","Rekomendasi parfum mobil favorit dengan wangi tahan lama, tidak menyengat, dan efektif mengusir bau tak sedap agar kabin selalu segar saat berkendara.","2025-12-25T08:00:00+07:00","Bagi banyak pengendara, aroma di dalam mobil bisa sangat memengaruhi mood selama perjalanan.
Summer Spring Botol Apel hadir sebagai pilihan pewangi mobil yang tak hanya menawarkan wangi tahan lama, tetapi juga tampilan botol yang estetik.
Desain berbentuk apel dengan sentuhan kayu membuatnya terlihat manis digantung di spion tengah, sekaligus mempercantik interior kabin tanpa terlihat berlebihan.
Pilihan aroma yang beragam ini membuat pengguna lebih leluasa menciptakan suasana kabin sesuai mood, entah untuk perjalanan santai, rutinitas harian, hingga perjalanan jauh bersama keluarga.
Bagi kamu yang ingin kabin selalu terasa segar sekaligus tampil lebih estetik, Summer Spring Botol Apel bisa jadi pilihan yang patut dipertimbangkan.","Bagi banyak pengendara, aroma di dalam mobil bisa sangat memengaruhi mood selama perjalanan. Summer Spring Botol Apel hadir sebagai pilihan pewangi mobil yang tak hanya menawarkan wangi tahan lama, tetapi juga tampilan botol yang estetik. Desain berbentuk apel dengan sentuhan kayu membuatnya terlihat manis digantung di spion tengah, sekaligus mempercantik interior kabin tanpa terlihat berlebihan.

Soal aroma, produk dari Summerscent Indonesia ini menawarkan hingga 11 varian wangi yang bisa disesuaikan dengan selera, mulai dari yang segar seperti Lemongrass, Lemon, dan Ocean Fresh, hingga aroma manis dan hangat seperti Vanilla, Grape, dan Black Coffee. Pilihan aroma yang beragam ini membuat pengguna lebih leluasa menciptakan suasana kabin sesuai mood, entah untuk perjalanan santai, rutinitas harian, hingga perjalanan jauh bersama keluarga.

Menariknya, parfum mobil ini juga dirancang agar tidak menyengat dan minim risiko rasa mual. Cara penggunaannya pun praktis, cukup dikocok perlahan hingga tutup kayu lembap, lalu digantung di spion. Bagi kamu yang ingin kabin selalu terasa segar sekaligus tampil lebih estetik, Summer Spring Botol Apel bisa jadi pilihan yang patut dipertimbangkan.","3 Parfum Mobil Favorit yang Bikin Kabin Wangi Tahan Lama dan Bebas Bau","https://cdn1-production-images-kly.akamaized.net/NtcyiiIIHrTS3_ltggCxGwCRl-w=/1200x675/smart/filters:quality(75):strip_icc():format(jpeg)/kly-media-production/medias/5436532/original/045182500_1765177568-pexels-maksgelatin-4824424.jpg","https://www.liputan6.com/lifestyle/read/6231326/3-parfum-mobil-favorit-yang-bikin-kabin-wangi-tahan-lama-dan-bebas-bau","169","true","true","true","2026-01-10T03:27:58.200857+00:00","","https://www.liputan6.com/"
"Umi Zakiyatun Khasanah, Diterbitkan Desember, Wuri Anggarini, Tim Redaksi","cooling, 5, patut, usia, laptop, abaikan, suhu, pad, panas, kenyamanan, dipertimbangkan, adem, performa, berlebih","id","Rekomendasi cooling pad laptop terbaik untuk menjaga suhu tetap stabil saat kerja, belajar, hingga gaming, dengan desain ergonomis dan kipas bertenaga.","2025-12-22T08:00:00+07:00","Liputan6.com, Jakarta - Panas berlebih pada laptop bukan sekadar soal kenyamanan, tapi juga bisa berdampak pada performa hingga usia perangkat.
Aktivitas seperti bekerja seharian, belajar online, hingga bermain game dalam waktu lama membuat suhu laptop rentan meningkat.
Agar tetap adem dan performa stabil, penggunaan cooling pad menjadi solusi praktis yang patut dipertimbangkan.
Dengan beragam pilihan kipas, tingkat ketinggian yang bisa disesuaikan, hingga desain ergonomis, cooling pad kini tak hanya membantu pendinginan, tapi juga menunjang kenyamanan penggunaan.
Berikut ini 5 rekomendasi cooling pad laptop yang patut dipertimbangkan agar laptop tetap adem dan performa tetap optimal.","Liputan6.com, Jakarta - Panas berlebih pada laptop bukan sekadar soal kenyamanan, tapi juga bisa berdampak pada performa hingga usia perangkat. Aktivitas seperti bekerja seharian, belajar online, hingga bermain game dalam waktu lama membuat suhu laptop rentan meningkat.

Agar tetap adem dan performa stabil, penggunaan cooling pad menjadi solusi praktis yang patut dipertimbangkan. Dengan beragam pilihan kipas, tingkat ketinggian yang bisa disesuaikan, hingga desain ergonomis, cooling pad kini tak hanya membantu pendinginan, tapi juga menunjang kenyamanan penggunaan. Berikut ini 5 rekomendasi cooling pad laptop yang patut dipertimbangkan agar laptop tetap adem dan performa tetap optimal.","Jangan Abaikan Panas Berlebih, Ini 5 Cooling Pad Laptop yang Patut Dipertimbangkan","https://cdn0-production-images-kly.akamaized.net/YXyCZMzFuD-Dr3C3jr9nNiGRGeY=/1200x675/smart/filters:quality(75):strip_icc():format(jpeg)/kly-media-production/medias/5436514/original/029918400_1765176856-pexels-ken-tomita-127057-389818.jpg","https://www.liputan6.com/tekno/read/6231312/jangan-abaikan-panas-berlebih-ini-5-cooling-pad-laptop-yang-patut-dipertimbangkan","94","true","true","true","2026-01-10T03:28:02.208760+00:00","","https://www.liputan6.com/"
"Dwi Zain Musofa, Diterbitkan Desember, Tim Redaksi","memori, tantangan, diprediksi, 10, laptop, gadget, perangkat, tinggisebagai, tunda, langka, tablet, signifikan, ram, menengah","id","Bersiaplah menghadapi lonjakan harga! Jangan tunda beli 10 laptop RAM besar ini karena diprediksi akan naik harga dan langka di tahun depan. Simak daftarnya sekarang!","2025-12-16T17:15:30+07:00","Laptop dan gadget lainnya, seperti ponsel pintar dan tablet, diprediksi akan mengalami kenaikan harga signifikan mulai akhir tahun 2025 hingga 2026.
Peningkatan ini terutama disebabkan oleh lonjakan permintaan Random Access Memory (RAM) yang belum pernah terjadi sebelumnya, khususnya untuk mendukung pengembangan kecerdasan buatan (AI).
Para ahli industri, termasuk analis dari Counterpoint Research dan IDC, telah mengeluarkan peringatan serius mengenai dampak krisis pasokan RAM ini.
Sebagai respons terhadap kenaikan harga memori, dilansir dari Notebookcheck (15/12) beberapa produsen besar seperti Dell dan Lenovo berpeluang besar akan membatasi konfigurasi RAM pada laptop kelas menengah mereka menjadi hanya 8GB DDR5.
Hal ini menjadikan pembelian laptop dengan RAM besar (16GB atau lebih) sebagai investasi yang bijak sebelum opsi tersebut menjadi lebih langka dan mahal di segmen menengah.","Liputan6.com, Jakarta - Industri teknologi global tengah menghadapi tantangan besar yang berpotensi mengubah lanskap harga gadget secara drastis. Laptop dan gadget lainnya, seperti ponsel pintar dan tablet, diprediksi akan mengalami kenaikan harga signifikan mulai akhir tahun 2025 hingga 2026. Peningkatan ini terutama disebabkan oleh lonjakan permintaan Random Access Memory (RAM) yang belum pernah terjadi sebelumnya, khususnya untuk mendukung pengembangan kecerdasan buatan (AI).

Para ahli industri, termasuk analis dari Counterpoint Research dan IDC, telah mengeluarkan peringatan serius mengenai dampak krisis pasokan RAM ini. Kenaikan biaya komponen memori diperkirakan akan berimbas langsung pada harga jual akhir perangkat elektronik. Oleh karena itu, bagi konsumen yang berencana membeli perangkat baru, saat ini adalah waktu yang tepat untuk bertindak sebelum harga melonjak lebih tinggi.

Sebagai respons terhadap kenaikan harga memori, dilansir dari Notebookcheck (15/12) beberapa produsen besar seperti Dell dan Lenovo berpeluang besar akan membatasi konfigurasi RAM pada laptop kelas menengah mereka menjadi hanya 8GB DDR5. Hal ini menjadikan pembelian laptop dengan RAM besar (16GB atau lebih) sebagai investasi yang bijak sebelum opsi tersebut menjadi lebih langka dan mahal di segmen menengah.","Jangan Tunda Beli! 10 Laptop RAM Besar Ini Diprediksi Naik Harga dan Langka di Tahun Depan","https://cdn0-production-images-kly.akamaized.net/QdXthMMYOVlmKWVoWB1rMnKZfps=/1200x675/smart/filters:quality(75):strip_icc():format(jpeg)/kly-media-production/medias/1429293/original/037383000_1481114577-20161207--Laptop-Acer-Seharga-20-Juta-Jakarta-Angga-Yuniar-01.jpg","https://www.liputan6.com/tekno/read/6237804/jangan-tunda-beli-10-laptop-ram-besar-ini-diprediksi-naik-harga-dan-langka-di-tahun-depan","177","true","true","true","2026-01-10T03:28:02.547147+00:00","","https://www.liputan6.com/"
"M Altaf Jauhar, Diterbitkan Januari, Ratnaning Asih, Tim Redaksi","paksa, seventeen, utuh, jujur, terjagalagu, situasi, takut, sulit, ifan, terbarunya, beda, perasaan, single, pendengar, rindu, ajak","id","Ifan Seventeen menyebut lagu ini lahir dari pengamatan terhadap banyak kisah nyata di sekitarnya.","2026-01-10T09:00:00+07:00","Liputan6.com, Jakarta - Ifan Seventeen kembali menyapa penikmat musik Tanah Air dengan single terbarunya bertajuk ""Jangan Paksa Rindu (Beda)"".
Sebuah lagu yang menyoroti dinamika hubungan, tentang perasaan yang tak lagi sejalan meski kebersamaan masih terjaga.
Lagu ciptaan Ifan Seventeen dan Opik Kurdi ini menceritakan situasi ketika dua insan masih bertahan bukan karena cinta yang utuh, melainkan karena kebiasaan yang sulit dilepaskan.
Diakui Ifan Seventeen, lagu ini lahir dari pengamatan terhadap banyak kisah nyata di sekitarnya.
Dalam proses kreatifnya, ia mencoba menuangkan kegelisahan emosional yang kerap dialami pasangan yang takut melepaskan, meski hati sudah tidak lagi nyaman.","Liputan6.com, Jakarta - Ifan Seventeen kembali menyapa penikmat musik Tanah Air dengan single terbarunya bertajuk ""Jangan Paksa Rindu (Beda)"". Sebuah lagu yang menyoroti dinamika hubungan, tentang perasaan yang tak lagi sejalan meski kebersamaan masih terjaga.

Lagu ciptaan Ifan Seventeen dan Opik Kurdi ini menceritakan situasi ketika dua insan masih bertahan bukan karena cinta yang utuh, melainkan karena kebiasaan yang sulit dilepaskan. Kondisi itu yang membuat hubungan berjalan di tempat, tanpa kejujuran terhadap perasaan yang sebenarnya telah berubah.

Diakui Ifan Seventeen, lagu ini lahir dari pengamatan terhadap banyak kisah nyata di sekitarnya. Dalam proses kreatifnya, ia mencoba menuangkan kegelisahan emosional yang kerap dialami pasangan yang takut melepaskan, meski hati sudah tidak lagi nyaman.","Ifan Seventeen Ajak Pendengar Jujur pada Perasaan Lewat Single Jangan Paksa Rindu (Beda)","https://cdn0-production-images-kly.akamaized.net/zc8PC8v_OwqmwcRi5MkNVRGt2FE=/0x156:933x682/1200x675/filters:quality(75):strip_icc():format(jpeg)/kly-media-production/medias/5468230/original/056102000_1767944931-ifan_2.jpeg","https://www.liputan6.com/showbiz/read/6254049/ifan-seventeen-ajak-pendengar-jujur-pada-perasaan-lewat-single-jangan-paksa-rindu-beda","112","true","true","true","2026-01-10T03:28:01.422247+00:00","","https://www.liputan6.com/"
"Devira Prastiwi, Diterbitkan Januari, Winda Nelfira, Tim News, Rizqi Tri Novitasari, Tim Redaksi","korupsi, yaqut, ragunan, transportasi, pemprov, pandji, news, dugaan, setu, babakan, top, liputan6com, dki, monorel, materi, gembira, bangun, publik","id","Wakil Gubernur (Wagub) DKI Jakarta Rano Karno mengungkapkan rencana pembangunan monorel hingga ke Kawasan Taman Marga Satwa Ragunan (TMR). Itulah top 3 news hari ini.","2026-01-10T08:30:20+07:00","Liputan6.com, Jakarta - Wakil Gubernur (Wagub) DKI Jakarta Rano Karno mengungkapkan rencana pembangunan monorel hingga ke Kawasan Taman Marga Satwa Ragunan (TMR).
Menurut Rano Karno, pembangunan monorel diambil sebagai upaya membenahi akses transportasi publik di kawasan tersebut.
Adanya monorel diharapkan dapat menjadi akses transportasi publik yang memudahkan warga yang ingin berkunjung ke TMR.
Penyidikan kasus dugaan korupsi terkait penentuan kuota dan penyelenggaraan ibadah haji di Kementerian Agama tahun 2023–2024 terus bergulir meski Yaqut telah menjadi tersangka.
Berikut deretan berita terpopuler di kanal News Liputan6.com sepanjang Jumat 9 Januari 2026:","Liputan6.com, Jakarta - Wakil Gubernur (Wagub) DKI Jakarta Rano Karno mengungkapkan rencana pembangunan monorel hingga ke Kawasan Taman Marga Satwa Ragunan (TMR). Itulah top 3 news hari ini.

Menurut Rano Karno, pembangunan monorel diambil sebagai upaya membenahi akses transportasi publik di kawasan tersebut.

Adanya monorel diharapkan dapat menjadi akses transportasi publik yang memudahkan warga yang ingin berkunjung ke TMR. Dia menyebut rencana ini masuk dalam bagian revitalisasi kawasan.

Advertisement

Sementara itu, Komisi Pemberantasan Korupsi (KPK) menetapkan mantan Menteri Agama Yaqut Cholil Qoumas sebagai tersangka dugaan tindak pidana korupsi kuota haji. Penetapan tersangka ini dibenarkan oleh Juru Bicara (Jubir) KPK Budi Prasetyo.

Penyidikan kasus dugaan korupsi terkait penentuan kuota dan penyelenggaraan ibadah haji di Kementerian Agama tahun 2023–2024 terus bergulir meski Yaqut telah menjadi tersangka.

Berita terpopuler lainnya di kanal News Liputan6.com adalah terkait Komika Indonesia Pandji Pragiwaksono kembali menjadi sorotan publik setelah dua laporan polisi diterima terhadapnya terkait materi lawakan yang dinilai kontroversial dan memicu kegaduhan.

Laporan terbaru Pandji diajukan ke Polda Metro Jaya pada Kamis 8 Januari 2026 oleh perwakilan Angkatan Muda Nahdlatul Ulama (AMNU) di Aliansi Muda Muhammadiyah (AMM) atas dugaan pencemaran nama baik, penghasutan, serta penistaan agama dalam materi stand-up comedy acara Mens Rea yang dibawakannya.

Namun sebelumnya, Pandji juga pernah dilaporkan ke polisi. Polemik ini bermula dari materi lawas milik Pandji yang kembali viral, khususnya jokes mengenai tradisi Rambu Solo, upacara adat Tana Toraja yang sakral.

Berikut deretan berita terpopuler di kanal News Liputan6.com sepanjang Jumat 9 Januari 2026:","Top 3 News: Kabar Gembira, Pemprov DKI Bakal Bangun Monorel di Ragunan hingga Setu Babakan","https://cdn1-production-images-kly.akamaized.net/w0ahzLGlu8eFXBks-QuI6tWl2XQ=/1200x675/smart/filters:quality(75):strip_icc():format(jpeg)/kly-media-production/medias/5452137/original/065439400_1766386827-Rano.jpg","https://www.liputan6.com/news/read/6254471/top-3-news-kabar-gembira-pemprov-dki-bakal-bangun-monorel-di-ragunan-hingga-setu-babakan","243","true","true","true","2026-01-10T03:28:02.420785+00:00","","https://www.liputan6.com/"
"Shani Ramadhan Rasyid, Diterbitkan Januari, Tyas Titi Kinapti, Tim Redaksi","gula, bawang, bikin, cabai, 7, garam, makan, selera, nipis, menggugah, kesegarannya, sambal, putih, kangkung, jeruk, pedas","id","Ingin menyajikan hidangan pelengkap yang pedas dan segar? Simak 7 cara bikin sambal kangkung pedas dengan berbagai variasi yang dijamin bikin ketagihan.","2026-01-10T08:02:03+07:00","Resep sambal kangkung jeruk nipis menawarkan sensasi rasa yang sangat segar, menjadikannya pilihan ideal untuk disantap saat cuaca panas.
Kombinasi pedas dari cabai dan asam dari jeruk nipis memberikan sentuhan unik yang berbeda dari variasi sambal kangkung lainnya.
Untuk sambalnya, siapkan 5 cabai merah, 2 siung bawang putih, 1 buah jeruk nipis, serta garam dan gula secukupnya.
Selanjutnya, haluskan cabai dan bawang putih, kemudian bumbui dengan garam dan gula.
Setelah itu, peras jeruk nipis ke dalam sambal, aduk rata, dan campurkan langsung dengan kangkung rebus.","Resep sambal kangkung jeruk nipis menawarkan sensasi rasa yang sangat segar, menjadikannya pilihan ideal untuk disantap saat cuaca panas. Kombinasi pedas dari cabai dan asam dari jeruk nipis memberikan sentuhan unik yang berbeda dari variasi sambal kangkung lainnya. Kesegarannya dijamin akan membangkitkan selera makan Anda.

Bahan utama yang dibutuhkan hanyalah 1 ikat kangkung. Untuk sambalnya, siapkan 5 cabai merah, 2 siung bawang putih, 1 buah jeruk nipis, serta garam dan gula secukupnya. Bahan-bahan ini sangat mudah didapatkan dan proses pembuatannya pun tidak rumit.

Langkah pertama adalah merebus kangkung sebentar lalu tiriskan. Selanjutnya, haluskan cabai dan bawang putih, kemudian bumbui dengan garam dan gula. Setelah itu, peras jeruk nipis ke dalam sambal, aduk rata, dan campurkan langsung dengan kangkung rebus. Sajikan segera untuk menikmati kesegarannya.","7 Cara Bikin Sambal Kangkung Pedas, Menggugah Selera Makan","https://cdn0-production-images-kly.akamaized.net/TeMnPRCHuAf6Parcscugu2qmzOA=/1200x675/smart/filters:quality(75):strip_icc():format(jpeg)/kly-media-production/medias/5465182/original/074939500_1767760893-resep_kangkung1.jpg","https://www.liputan6.com/lifestyle/read/6253176/7-cara-bikin-sambal-kangkung-pedas-menggugah-selera-makan","124","true","true","true","2026-01-10T03:28:02.512618+00:00","","https://www.liputan6.com/"
"Layli Maghfirah, Diterbitkan Januari, Tim Redaksi","sisi, series, terungkap, darma, baby, status, sepenuhnya, episode, sulit, sinopsis, susan, kebohongan, james, sugar, runtuh, sekejapsituasi","id","Sinopsis episode terakhir Series Sugar Baby: Darma hadapi konsekuensi, Susan kembali ke James, dan konflik mencapai klimaksnya di Vidio.","2026-01-10T08:00:00+07:00","Di episode terakhir, perselingkuhan Darma akhirnya terungkap sepenuhnya.
Darma diusir dari rumah dan harus menghadapi gugatan cerai yang mengakhiri pernikahan mereka.
Situasi ini memaksa Darma menghadapi konsekuensi nyata dari pilihan-pilihan yang ia ambil demi cinta, status, dan ambisi.
Di sisi lain, James kembali mengambil kendali penuh kekuasaan dan pengaruhnya membuat Susan tidak punya banyak pilihan selain kembali ke dalam lingkaran hidup James.
Episode ini menyoroti bagaimana relasi yang dibangun atas ketergantungan dan kepentingan selalu berakhir dengan kehilangan kebebasan.","Di episode terakhir, perselingkuhan Darma akhirnya terungkap sepenuhnya. Rahmi tidak lagi memberi ruang untuk penjelasan. Darma diusir dari rumah dan harus menghadapi gugatan cerai yang mengakhiri pernikahan mereka. Kehidupan yang selama ini ia jaga dengan kebohongan runtuh dalam sekejap.

Situasi ini memaksa Darma menghadapi konsekuensi nyata dari pilihan-pilihan yang ia ambil demi cinta, status, dan ambisi.

Di sisi lain, James kembali mengambil kendali penuh kekuasaan dan pengaruhnya membuat Susan tidak punya banyak pilihan selain kembali ke dalam lingkaran hidup James. Hubungan yang sempat memberi harapan bagi Susan kini berubah menjadi jerat yang sulit dilepaskan.

Episode ini menyoroti bagaimana relasi yang dibangun atas ketergantungan dan kepentingan selalu berakhir dengan kehilangan kebebasan.","Sinopsis Episode Terakhir Series Sugar Baby: Akhir Kebohongan dan Pilihan Hidup Darma","https://cdn0-production-images-kly.akamaized.net/xahuWSUB2RricLURROcy1FfTh-Q=/1200x675/smart/filters:quality(75):strip_icc():format(jpeg)/kly-media-production/medias/5433720/original/055469800_1764867669-Poster___Apple_Artwork_-_VOS_Sugar_Baby_-_Poster_KeduaLandscape.jpg","https://www.liputan6.com/on-off/read/6253970/sinopsis-episode-terakhir-series-sugar-baby-akhir-kebohongan-dan-pilihan-hidup-darma","110","true","true","true","2026-01-10T03:28:05.018305+00:00","","https://www.liputan6.com/"
"Rinjani Nur Anisa, Diterbitkan Januari, Wayan Diananto, Tim Redaksi","via, 10, ketegangan, indosiar, saksikan, terduga, nyata, kisah, sensasi, rasakan, menikmatinya, 0830, sarat, liputan6com, streaming, tautan, ftv, live","id","Saksikan FTV Kisah Nyata Pagi di Indosiar, Sabtu 10 Januari Via Live Streaming Pukul 08.30 WIB","2026-01-10T07:45:00+07:00","Liputan6.com, Jakarta - Ikuti cerita yang sarat dengan kejutan tak terduga dalam FTV Kisah Nyata, hanya di Indosiar!
Tonton setiap hari mulai pukul 08.30 WIB dan rasakan ketegangan serta sensasi dari Kisah Nyata secara eksklusif di Indosiar.
Anda juga dapat menikmatinya secara daring melalui tautan ini.","Liputan6.com, Jakarta - Ikuti cerita yang sarat dengan kejutan tak terduga dalam FTV Kisah Nyata, hanya di Indosiar!

Tonton setiap hari mulai pukul 08.30 WIB dan rasakan ketegangan serta sensasi dari Kisah Nyata secara eksklusif di Indosiar.

Anda juga dapat menikmatinya secara daring melalui tautan ini.","Saksikan FTV Kisah Nyata Pagi di Indosiar, Sabtu 10 Januari Via Live Streaming Pukul 08.30 WIB","https://cdn1-production-images-kly.akamaized.net/SIjCMN_XEjywk7vrqQ1nDtZHyO8=/1200x675/smart/filters:quality(75):strip_icc():format(jpeg)/kly-media-production/medias/4829165/original/007723300_1715494441-Screenshot_2024-05-12_131307.jpg","https://www.liputan6.com/showbiz/read/6251077/saksikan-ftv-kisah-nyata-pagi-di-indosiar-sabtu-10-januari-via-live-streaming-pukul-0830-wib","46","true","true","true","2026-01-10T03:28:05.583907+00:00","","https://www.liputan6.com/"
"Wuri Anggarini, Diterbitkan Januari, Tim Redaksi","mandiri, 2025, ekosistem, kur, kerakyatan, 4099, pembiayaan, produksi, rp, penyaluran, umkm, salurkan, triliun, perkuat, pelaku","id","Penyaluran KUR bank dengan logo pita emas itu juga menjadi selaras dengan fokus pemerintah untuk membangun ekonomi kerakyatan.","2026-01-10T07:19:07+07:00","Penyaluran KUR bank dengan logo pita emas itu juga menjadi selaras dengan fokus pemerintah untuk membangun ekonomi kerakyatan.
Hal ini terefleksikan dari penyaluran KUR sepanjang 2025 yang didominasi oleh sektor produksi sebesar 61,54 persen atau senilai Rp 25,13 triliun.
Secara rinci, sektor pertanian sebagai pilar ketahanan pangan nasional menyerap pembiayaan sebesar Rp 12,75 triliun atau setara 31,23 persen dari total penyaluran KUR Bank Mandiri.
Selanjutnya, sektor jasa produksi tercatat sebesar Rp 8,76 triliun atau 21,45 persen, sektor industri pengolahan Rp 3,03 triliun atau 7,43 persen, serta sektor perikanan sebesar Rp 562 miliar atau 1,38 persen.
Akselerasi Dukungan Pemerintah di 2026Ke depan, Bank Mandiri siap mendukung upaya pemerintah dalam mengakselerasi penyaluran KUR pada tahun 2026.","Penyaluran KUR bank dengan logo pita emas itu juga menjadi selaras dengan fokus pemerintah untuk membangun ekonomi kerakyatan. Hal ini terefleksikan dari penyaluran KUR sepanjang 2025 yang didominasi oleh sektor produksi sebesar 61,54 persen atau senilai Rp 25,13 triliun.

Secara rinci, sektor pertanian sebagai pilar ketahanan pangan nasional menyerap pembiayaan sebesar Rp 12,75 triliun atau setara 31,23 persen dari total penyaluran KUR Bank Mandiri. Selanjutnya, sektor jasa produksi tercatat sebesar Rp 8,76 triliun atau 21,45 persen, sektor industri pengolahan Rp 3,03 triliun atau 7,43 persen, serta sektor perikanan sebesar Rp 562 miliar atau 1,38 persen.

“Melalui skema pembiayaan yang berkelanjutan ini, kami berkomitmen untuk berperan aktif dalam mendorong pergerakan perekonomian nasional, khususnya pada sektor produksi,” kata Riduan.

Lebih lanjut, dalam upaya menjaga kualitas penyaluran KUR, Bank Mandiri menerapkan pendekatan pembiayaan berbasis ekosistem yang terintegrasi dengan nasabah turunan wholesale, khususnya pada sektor-sektor produksi unggulan di berbagai daerah. Melalui strategi closed-loop, sinergi antara nasabah wholesale, pelaku UMKM, dan mitra usaha dalam satu rantai nilai terus dioptimalkan guna meningkatkan efisiensi dan keberlanjutan bisnis.

Selain itu, Bank Mandiri konsisten melayani kebutuhan transaksi harian dan pembayaran angsuran debitur KUR melalui Mandiri Agen (Agen Laku Pandai Mitra Bank Mandiri) yang tersebar di berbagai ekosistem bisnis pelaku UMKM. Program ini turut dibarengi dengan edukasi layanan keuangan dan literasi digital agar pelaku usaha dapat mengelola keuangan secara inklusif dan modern.

Akselerasi Dukungan Pemerintah di 2026

Ke depan, Bank Mandiri siap mendukung upaya pemerintah dalam mengakselerasi penyaluran KUR pada tahun 2026. Komitmen tersebut dijalankan melalui penguatan strategi pembiayaan berbasis ekosistem, lewat sinergi antar Mandiri Group yang terintegrasi.

Riduan menilai, program yang diorkestrasi oleh pemerintah ini diyakini dapat memberikan nilai tambah bagi kinerja perseroan. Dengan pertumbuhan bisnis yang sejalan dengan penguatan sektor riil, Bank Mandiri diharapkan dapat terus meningkatkan daya saing, memperkuat fundamental usaha, serta tumbuh secara berkelanjutan sebagai bank nasional yang unggul.

“Melalui kolaborasi yang erat dengan pemerintah serta dukungan ekosistem yang terdigitalisasi, kami memastikan penyaluran KUR dapat dilakukan secara tepat sasaran dan memberikan dampak nyata bagi masyarakat. UMKM yang tangguh akan menciptakan lapangan kerja yang lebih luas dan menjadi fondasi bagi ketahanan pangan serta kesejahteraan nasional,” pungkas Riduan.","Perkuat Ekonomi Kerakyatan, Bank Mandiri Salurkan KUR Rp 40,99 Triliun Sepanjang 2025","https://cdn0-production-images-kly.akamaized.net/0ACRc5P3leRSLorHAnqWsE50-ws=/1200x675/smart/filters:quality(75):strip_icc():format(jpeg)/kly-media-production/medias/5468729/original/071807900_1768004347-1ae9849d-52dc-464c-97da-7bef537c3ef4.jpeg","https://www.liputan6.com/bisnis/read/6254460/perkuat-ekonomi-kerakyatan-bank-mandiri-salurkan-kur-rp-4099-triliun-sepanjang-2025","350","true","true","true","2026-01-10T03:28:05.817479+00:00","","https://www.liputan6.com/"
"Haniah Nabilah, Diterbitkan Januari, Arthur Gideon, Tim Redaksi","buka, scarlett, yaituhrgamaster, tugas, terkaitmemiliki, wajahnya, tubuh, terbaru, pengalaman, liputan6com, karier, membuka, tambahmahir, kuat, kecantikan, lowongan","id","Brand kecantikan ternama, Scarlett Indonesia, mencari talenta kreatif untuk mengisi beberapa posisi. Terbuka bagi lulusan S1.","2026-01-10T07:00:59+07:00","Liputan6.com, Jakarta - Scarlett Indonesia, brand kecantikan lokal yang berdiri sejak 2017 dan dikenal luas melalui produk perawatan tubuh dan wajahnya, membuka peluang karier bagi talenta muda Indonesia.
Perusahaan yang memiliki jutaan pengikut di media sosial dan jaringan distribusi online maupun offline ini tengah membuka lowongan kerja dengan mencari kandidat terbaik untuk mengisi beberapa posisi yaitu:HRGAMaster BrandSales OfflineBerikut rinciannya dikutip dari Liputan6.com, Sabtu (10/1/2026):HRGAKualifikasi:AdvertisementGelar Sarjana dari jurusan terkaitMemiliki pengalaman minimal 1 tahun di bidang Operasi SDM (lulusan baru dengan pengalaman magang dipersilakan!)
Pengalaman kerja sebelumnya di perusahaan FMCG akan menjadi nilai tambah.
Mahir dalam Microsoft Office & Google SuitesMenunjukkan perhatian yang kuat terhadap detail dan akurasi dalam tugas administratif dan pengarsipan dokumenTerorganisir dengan baik, disiplin, dan mampu mengelola dokumentasi dan catatan secara sistematisMemiliki keterampilan interpersonal dan komunikasi yang kuat, dengan sikap kerja yang profesional dan kolaboratifTanggung Jawab:","Liputan6.com, Jakarta - Scarlett Indonesia, brand kecantikan lokal yang berdiri sejak 2017 dan dikenal luas melalui produk perawatan tubuh dan wajahnya, membuka peluang karier bagi talenta muda Indonesia. Perusahaan yang memiliki jutaan pengikut di media sosial dan jaringan distribusi online maupun offline ini tengah membuka lowongan kerja dengan mencari kandidat terbaik untuk mengisi beberapa posisi yaitu:

HRGA

Master Brand

Sales Offline

Berikut rinciannya dikutip dari Liputan6.com, Sabtu (10/1/2026):

HRGA

Kualifikasi:

Advertisement

Gelar Sarjana dari jurusan terkait

Memiliki pengalaman minimal 1 tahun di bidang Operasi SDM (lulusan baru dengan pengalaman magang dipersilakan!)

Pengalaman kerja sebelumnya di perusahaan FMCG akan menjadi nilai tambah.

Mahir dalam Microsoft Office & Google Suites

Menunjukkan perhatian yang kuat terhadap detail dan akurasi dalam tugas administratif dan pengarsipan dokumen

Terorganisir dengan baik, disiplin, dan mampu mengelola dokumentasi dan catatan secara sistematis

Memiliki keterampilan interpersonal dan komunikasi yang kuat, dengan sikap kerja yang profesional dan kolaboratif

Tanggung Jawab:","Scarlett Indonesia Buka Lowongan Kerja Terbaru, Kesempatan Karier di Industri Kecantikan!","https://cdn0-production-images-kly.akamaized.net/XiMjbUEdyB-E9pB9jSubqSfyAns=/1200x675/smart/filters:quality(75):strip_icc():format(jpeg)/kly-media-production/medias/4731628/original/023919200_1706752454-we-are-hiring-digital-collage.jpg","https://www.liputan6.com/bisnis/read/6251338/scarlett-indonesia-buka-lowongan-kerja-terbaru-kesempatan-karier-di-industri-kecantikan","150","true","true","true","2026-01-10T03:28:05.884511+00:00","","https://www.liputan6.com/"
"Wayan Diananto, Diterbitkan Januari, Ratnaning Asih, Tim Redaksi","taskya, ziudith, michelle, main, urutan, random, menyenangkan, namya, lawan, syuting, dewanto, roban, alas","id","Ada catatan seru dari lokasi syuting film Alas Roban yang dibagikan Taskya Namya. Salah satunya membahas Michelle Ziudith yang random tapi menyenangkan.","2026-01-10T07:00:00+07:00","Liputan6.com, Jakarta - Ada sejumlah catatan seru dari lokasi syuting film Alas Roban karya sineas Hadrah Daeng Ratu yang dibagikan Taskya Namya.
Salah satunya, membahas Michelle Ziudith.
Alas Roban menandai reuni Taskya Namya dan Michelle Ziudith setelah 12 tahun berpisah.
Ada tiga bintang utama film Alas Roban yakni Michelle Ziudith, Rio Dewanto, dan Taskya Namya.
“Michelle Ziudith adalah partner main yang menyenangkan tapi dia terlalu random yang membuat aku kadang pusing.","Liputan6.com, Jakarta - Ada sejumlah catatan seru dari lokasi syuting film Alas Roban karya sineas Hadrah Daeng Ratu yang dibagikan Taskya Namya. Salah satunya, membahas Michelle Ziudith. Alas Roban menandai reuni Taskya Namya dan Michelle Ziudith setelah 12 tahun berpisah.

Terang-terangan, ia menyebut Michelle Ziudith pribadi random. Ada tiga bintang utama film Alas Roban yakni Michelle Ziudith, Rio Dewanto, dan Taskya Namya. Michelle Ziudith disebut sebagai yang paling random di lokasi syuting. Setelahnya, Taskya Namya.

Rio Dewanto berada di urutan terakhir. “Michelle Ziudith adalah partner main yang menyenangkan tapi dia terlalu random yang membuat aku kadang pusing. Namun kita bisa menyelesaikan kepusingan itu bersama-sama,” katanya, lalu tertawa.","Syuting Film Alas Roban, Taskya Namya Akui Michelle Ziudith Lawan Main Menyenangkan Tapi Random","https://cdn1-production-images-kly.akamaized.net/SzRuh5oZmfRCmglcsx352VbFi6o=/0x568:2561x2012/1200x675/filters:quality(75):strip_icc():format(jpeg)/kly-media-production/medias/5468561/original/093549200_1767956787-IMG_9975-02.jpeg","https://www.liputan6.com/showbiz/read/6254271/syuting-film-alas-roban-taskya-namya-akui-michelle-ziudith-lawan-main-menyenangkan-tapi-random","107","true","true","true","2026-01-10T03:28:05.796356+00:00","","https://www.liputan6.com/"
"Achmad Yani Yustiawan, Diterbitkan Januari, Harley Ikhsan, Tim Redaksi","siaga, buka, united, transfer, bergabung, enrique, paris, manajer, pelatih, cristiano, manchester, psg, mengincar, dilaporkan, meraih, ronaldo","id","Sosok pelatih ini sebelumnya tidak masuk dalam daftar kandidat Manchester United, karena perannya di PSG masih sangat dibutuhkan.","2026-01-10T08:00:10+07:00","Liputan6.com, Jakarta - Manchester United dikabarkan tengah mengincar manajer Paris Saint Germain (PSG) Luis Enrique.
Tawaran MU berpotensi diterima, karena Enrique mungkin akan segera bebas transfer setelah klub Prancis itu, dilaporkan tidak akan memperpanjang kontraknya.
Enrique dilaporkan telah memberi tahu para petinggi PSG bahwa ia akan pergi pada musim panas ketika kontraknya berakhir - membuatnya berada di pasar bebas transfer tepat ketika Manchester United mengincar manajer baru.
Pelatih asal Spanyol ini telah meraih kesuksesan besar di Paris dan musim lalu meraih treble, yang berpuncak pada kemenangan dominan di final Liga Champions.
Itu adalah trofi yang paling didambakan oleh pemilik PSG asal Qatar dan Enrique memberikannya dengan gaya yang luar biasa.","Liputan6.com, Jakarta - Manchester United dikabarkan tengah mengincar manajer Paris Saint Germain (PSG) Luis Enrique. Tawaran MU berpotensi diterima, karena Enrique mungkin akan segera bebas transfer setelah klub Prancis itu, dilaporkan tidak akan memperpanjang kontraknya.

Enrique dilaporkan telah memberi tahu para petinggi PSG bahwa ia akan pergi pada musim panas ketika kontraknya berakhir - membuatnya berada di pasar bebas transfer tepat ketika Manchester United mengincar manajer baru.

Pelatih asal Spanyol ini telah meraih kesuksesan besar di Paris dan musim lalu meraih treble, yang berpuncak pada kemenangan dominan di final Liga Champions. Itu adalah trofi yang paling didambakan oleh pemilik PSG asal Qatar dan Enrique memberikannya dengan gaya yang luar biasa.","Manchester United Siaga Tinggi, Pelatih Pilihan Cristiano Ronaldo Buka Peluang Bergabung","https://cdn0-production-images-kly.akamaized.net/hBbwow47LYQgNVqUPJKmixeqGbo=/1200x675/smart/filters:quality(75):strip_icc():format(jpeg)/kly-media-production/medias/5468205/original/044133700_1767943936-skuad_manchester_united_burnley_MU_ap_ian_hodgson.jpg","https://www.liputan6.com/bola/read/6254336/manchester-united-siaga-tinggi-pelatih-pilihan-cristiano-ronaldo-buka-peluang-bergabung","110","true","true","true","2026-01-10T03:28:08.210081+00:00","","https://www.liputan6.com/"
"Theresia Melinda Indrasari, Diterbitkan Januari, Harley Ikhsan, Tim Redaksi","pantai, rb, united, gading, transfer, senilai, kocek, liverpool, gaet, rogoh, talenta, manchester, yan, teamtalk, leipzig, klub, tercatat, muda","id","Manchester United dan Liverpool baka dipaksa mengeluarkan dana besar jika ingin mewujudkan kepindahan talenta muda asa Pantai Gading, Yan Diomande dari Leipzig.","2026-01-10T07:00:07+07:00","Liputan6.com, Jakarta - Manchester United dan Liverpool harus siap merogoh kocek dalam-dalam demi memburu talenta muda idaman asal Pantai Gading, Yan Diomande.
Laporan TEAMtalk mengungkap RB Leipzig enggan menjual pesepak bola berusia 19 tahun di bursa transfer Januari 2026, dan dibutuhkan tawaran senilai dua kali lipat dari harga normal demi meluluhkan hati klub Jerman.
Sebagaimana diketahui, nama Diomande memang belakangan sering dikaitkan dengan sejumlah klub besar Liga Inggris.
Hal itu menyusul penampilannya yang ciamik untuk Leipzig, dengan dia tercatat telah menyumbang 7 gol ditambah 4 assists dalam 16 penampilan sejauh musim ini.","Liputan6.com, Jakarta - Manchester United dan Liverpool harus siap merogoh kocek dalam-dalam demi memburu talenta muda idaman asal Pantai Gading, Yan Diomande.

Laporan TEAMtalk mengungkap RB Leipzig enggan menjual pesepak bola berusia 19 tahun di bursa transfer Januari 2026, dan dibutuhkan tawaran senilai dua kali lipat dari harga normal demi meluluhkan hati klub Jerman.

Sebagaimana diketahui, nama Diomande memang belakangan sering dikaitkan dengan sejumlah klub besar Liga Inggris. Hal itu menyusul penampilannya yang ciamik untuk Leipzig, dengan dia tercatat telah menyumbang 7 gol ditambah 4 assists dalam 16 penampilan sejauh musim ini.","Manchester United dan Liverpool Dipaksa Rogoh Kocek Dalam demi Gaet Talenta Muda Pantai Gading","https://cdn0-production-images-kly.akamaized.net/f39FinUAwEetrI3cA1YrPSDobFo=/1200x675/smart/filters:quality(75):strip_icc():format(jpeg)/kly-media-production/medias/5456041/original/096111300_1766791562-000_87YQ87L.jpg","https://www.liputan6.com/bola/read/6254028/manchester-united-dan-liverpool-dipaksa-rogoh-kocek-dalam-demi-gaet-talenta-muda-pantai-gading","92","true","true","true","2026-01-10T03:28:08.213655+00:00","","https://www.liputan6.com/"
"Richard Andreas Luturmas, Diterbitkan Januari, Tim Redaksi","ruben, united, situasi, wacana, ole, sosok, aneh, shearer, manchester, solskjaer, klub, menilai, gunnar","id","Alan Shearer memperingatkan Manchester United agar berhati-hati jika menunjuk Ole Gunnar Solskjaer sebagai manajer interim usai pemecatan Ruben Amorim.","2026-01-10T05:43:05+07:00","Liputan6.com, Jakarta - Wacana pergantian manajer kembali menyelimuti Manchester United setelah klub memutuskan berpisah dengan Ruben Amorim.
Di tengah situasi tersebut, nama Ole Gunnar Solskjaer kembali mencuat sebagai kandidat kuat untuk mengisi posisi interim.
Kabar ini memunculkan reaksi beragam, termasuk dari kalangan mantan pemain dan pengamat sepak bola Inggris.
Salah satu suara paling lantang datang dari Alan Shearer, yang menilai langkah tersebut berpotensi membawa risiko besar.
Shearer menilai kondisi internal Manchester United saat ini terlalu kompleks untuk diselesaikan hanya dengan menunjuk kembali sosok yang pernah diberhentikan klub.","Liputan6.com, Jakarta - Wacana pergantian manajer kembali menyelimuti Manchester United setelah klub memutuskan berpisah dengan Ruben Amorim. Di tengah situasi tersebut, nama Ole Gunnar Solskjaer kembali mencuat sebagai kandidat kuat untuk mengisi posisi interim.

Kabar ini memunculkan reaksi beragam, termasuk dari kalangan mantan pemain dan pengamat sepak bola Inggris. Salah satu suara paling lantang datang dari Alan Shearer, yang menilai langkah tersebut berpotensi membawa risiko besar.

Shearer menilai kondisi internal Manchester United saat ini terlalu kompleks untuk diselesaikan hanya dengan menunjuk kembali sosok yang pernah diberhentikan klub.","Ole Gunnar Solskjaer Kembali ke Manchester United? Bakal Sangat Aneh!","https://cdn1-production-images-kly.akamaized.net/eXxoZ0bAWebxlHIn6ejz3k94IW0=/1200x675/smart/filters:quality(75):strip_icc():format(jpeg)/kly-media-production/medias/4750214/original/089264800_1708596991-000_9T26WD.jpg","https://www.liputan6.com/bola/read/6254446/ole-gunnar-solskjaer-kembali-ke-manchester-united-bakal-sangat-aneh","87","true","true","true","2026-01-10T03:28:08.011449+00:00","","https://www.liputan6.com/"
"Achmad Yani Yustiawan, Diterbitkan Januari, Harley Ikhsan, Tim Redaksi","ruben, united, gabung, alami, setan, reuni, canggung, pelatih, interim, fletcher, pemecatan, manchester, solskjaer, pertemuan, klub, negatif","id","Mantan penyerang dan pelatih Manchester United, Solskjaer, dikaitkan dengan kemungkinan menggantikan Ruben Amorim, yang dipecat awal pekan lalu","2026-01-09T19:00:17+07:00","Liputan6.com, Jakarta - Ole Gunnar Solskjaer kemungkinan besar bakal jadi manajer interim Manchester United.
Setelah pemecatan Ruben Amorim, Darren Fletcher mengambil alih sementara United sambil mencari pelatih kepala interim hingga akhir musim 2025/26.
Beberapa nama masuk dalam daftar kandidat untuk posisi tersebut, termasuk mantan pelatih kepala Chelsea, Enzo Maresca, dan bos Crystal Palace, Oliver Glasner.
Sementara itu, Solskjaer, yang melatih klub antara tahun 2018 dan 2021, dilaporkan telah melakukan pembicaraan untuk kembali ke Setan Merah.
Michael Carrick dan Fletcher juga telah mengadakan pertemuan dengan manajemen klub.","Liputan6.com, Jakarta - Ole Gunnar Solskjaer kemungkinan besar bakal jadi manajer interim Manchester United. Setelah pemecatan Ruben Amorim, Darren Fletcher mengambil alih sementara United sambil mencari pelatih kepala interim hingga akhir musim 2025/26.

Beberapa nama masuk dalam daftar kandidat untuk posisi tersebut, termasuk mantan pelatih kepala Chelsea, Enzo Maresca, dan bos Crystal Palace, Oliver Glasner.

Sementara itu, Solskjaer, yang melatih klub antara tahun 2018 dan 2021, dilaporkan telah melakukan pembicaraan untuk kembali ke Setan Merah. Michael Carrick dan Fletcher juga telah mengadakan pertemuan dengan manajemen klub.","Solskjaer Bakal Alami Reuni Canggung Jika Gabung Manchester United Lagi, Beri Komentar Negatif","https://cdn1-production-images-kly.akamaized.net/nEohBtuD6VH9JwFBQsCEvU-GXqY=/1200x675/smart/filters:quality(75):strip_icc():format(jpeg)/kly-media-production/medias/3606969/original/017990200_1634627349-000_9PT9AA.jpg","https://www.liputan6.com/bola/read/6253680/solskjaer-bakal-alami-reuni-canggung-jika-gabung-manchester-united-lagi-beri-komentar-negatif","86","true","true","true","2026-01-10T03:28:08.115510+00:00","","https://www.liputan6.com/"
"Theresia Melinda Indrasari, Diterbitkan Januari, Harley Ikhsan, Tim Redaksi","sepaham, ruben, united, transfer, bongkar, wilcox, portugal, setan, buru, anyar, pelatih, utamanya, manchester, romano, kriteria, fabrizio, taktik","id","Manchester United kabarnya sudah memiliki kriteria utama pelatih baru untuk menggantikan Ruben Amorim.","2026-01-09T18:00:13+07:00","Liputan6.com, Jakarta - Pakar transfer Fabrizio Romano membongkar kriteria pelatih baru yang diinginkan Manchester United pada musim panas 2026.
Sebagaimana diketahui, Setan Merah pada awal pekan ini membuat manuver mengejutkan dengan memecat juru taktik Ruben Amorim tak lama selepas hasil imbang melawan Leeds United di Liga Inggris.
Pria asal Portugal dikatakan sempat mengalami ketegangan dengan Direktur Sepak Bola Jason Wilcox lantaran disebut tidak sepaham soal taktik di bursa transfer Januari.","Liputan6.com, Jakarta - Pakar transfer Fabrizio Romano membongkar kriteria pelatih baru yang diinginkan Manchester United pada musim panas 2026.

Sebagaimana diketahui, Setan Merah pada awal pekan ini membuat manuver mengejutkan dengan memecat juru taktik Ruben Amorim tak lama selepas hasil imbang melawan Leeds United di Liga Inggris.

Pria asal Portugal dikatakan sempat mengalami ketegangan dengan Direktur Sepak Bola Jason Wilcox lantaran disebut tidak sepaham soal taktik di bursa transfer Januari.","Manchester United Buru Pelatih Anyar, Fabrizio Romano Bongkar Kriteria Utamanya","https://cdn0-production-images-kly.akamaized.net/so8Q7R-7bP0mg-tNwWGvo-_mjW8=/1200x675/smart/filters:quality(75):strip_icc():format(jpeg)/kly-media-production/medias/1776134/original/064656500_1511191072-000_DV1962250.jpg","https://www.liputan6.com/bola/read/6254111/manchester-united-buru-pelatih-anyar-fabrizio-romano-bongkar-kriteria-utamanya","70","true","true","true","2026-01-10T03:28:07.115699+00:00","","https://www.liputan6.com/"
"Dimas Ardi Prasetya, Diterbitkan Januari, Tim Redaksi","merah, united, dikorbankan, transfer, top, setan, manuver, penyerang, panas, incar, zidane, xavi, manchester, barcola, trafford, zinedine, klub, bradley","id","Manchester United dilaporkan mengincar Bradley Barcola dari PSG dan siap melepas Marcus Rashford pada bursa transfer musim panas 2026.","2026-01-09T15:23:00+07:00","Liputan6.com, Jakarta - Manchester United kembali menjadi sorotan di bursa transfer, meski situasi internal klub masih jauh dari kata stabil.
Setan Merah disebut sedang menyiapkan langkah besar yang bisa mengubah peta kekuatan lini serang mereka musim depan.
Saat ini Man United memang tengah disibukkan dengan ketidakpastian soal kursi manajer.
Usai mendepak Ruben Amorim, sejumlah nama telah dikaitkan dengan Setan Merah, mulai dari Ole Gunnar Solskjer, Zinedine Zidane, hingga Xavi Hernandez.
Klub Old Trafford itu dilaporkan tak ingin tertinggal dari para rival dalam perburuan pemain top Eropa.","Liputan6.com, Jakarta - Manchester United kembali menjadi sorotan di bursa transfer, meski situasi internal klub masih jauh dari kata stabil. Setan Merah disebut sedang menyiapkan langkah besar yang bisa mengubah peta kekuatan lini serang mereka musim depan.

Saat ini Man United memang tengah disibukkan dengan ketidakpastian soal kursi manajer. Usai mendepak Ruben Amorim, sejumlah nama telah dikaitkan dengan Setan Merah, mulai dari Ole Gunnar Solskjer, Zinedine Zidane, hingga Xavi Hernandez.

Meski demikian aktivitas transfer di belakang laar disebut tetap berjalan agresif. Klub Old Trafford itu dilaporkan tak ingin tertinggal dari para rival dalam perburuan pemain top Eropa.","Manuver Panas Manchester United: Incar Bradley Barcola, Penyerang Ini Bakal Dikorbankan","https://cdn0-production-images-kly.akamaized.net/AjfzFyEKpbzNkVQVnDqG-iGBySQ=/1200x675/smart/filters:quality(75):strip_icc():format(jpeg)/kly-media-production/medias/5118640/original/076361800_1738547202-mu-29_d6cb389.jpg","https://www.liputan6.com/bola/read/6254102/manuver-panas-manchester-united-incar-bradley-barcola-penyerang-ini-bakal-dikorbankan","97","true","true","true","2026-01-10T03:28:11.326543+00:00","","https://www.liputan6.com/"
"Theresia Melinda Indrasari, Diterbitkan Januari, Edu Krisnadefa, Tim Redaksi","ruben, united, portugal, sengit, wilcox, setan, liverpool, gaet, liga, pelatih, sosok, reds, rencana, manchester, ulung, taktik, timnya, ganggu","id","Liverpool hendak mengganggu rencana Manchester United menggaet pelatih Crystal Palace, Oliver Glasner, sebagai juru taktik baru klub.","2026-01-09T14:57:40+07:00","Liputan6.com, Jakarta - Liverpool kembali menjadi pesaing sengit Manchester United dalam perburuan sosok idaman.
Bukan lagi pemain, The Reds kali ini mengganggu upaya Setan Merah dalam proses pencarian pelatih baru.
Sebagaimana diketahui, MU resmi memecat juru taktik mereka Ruben Amorim pada awal pekan ini, tak lama setelah hasil imbang timnya melawan Leeds United di Liga Inggris.
Laporan yang beredar jelang pemecatan menyebut ada ketegangan antara arsitek asal Portugal dengan Direktur Sepak Bola Jason Wilcox.","Liputan6.com, Jakarta - Liverpool kembali menjadi pesaing sengit Manchester United dalam perburuan sosok idaman. Bukan lagi pemain, The Reds kali ini mengganggu upaya Setan Merah dalam proses pencarian pelatih baru.

Sebagaimana diketahui, MU resmi memecat juru taktik mereka Ruben Amorim pada awal pekan ini, tak lama setelah hasil imbang timnya melawan Leeds United di Liga Inggris.

Laporan yang beredar jelang pemecatan menyebut ada ketegangan antara arsitek asal Portugal dengan Direktur Sepak Bola Jason Wilcox.","Liverpool Ganggu Rencana Manchester United Gaet Pelatih Ulung Liga Inggris","https://cdn0-production-images-kly.akamaized.net/PxFSGUAutJzCcmSbHiU09H2GNmY=/1200x675/smart/filters:quality(75):strip_icc():format(jpeg)/kly-media-production/medias/5447773/original/000391200_1765963172-Oliver_Glasner_.jpg","https://www.liputan6.com/bola/read/6253963/liverpool-ganggu-rencana-manchester-united-gaet-pelatih-ulung-liga-inggris","74","true","true","true","2026-01-10T03:28:11.186389+00:00","","https://www.liputan6.com/"
"Dimas Ardi Prasetya, Diterbitkan Januari, Tim Redaksi","united, eks, menggaet, tekanan, pelatih, xavi, manchester, spekulasi, klub, barcelona, traffordxavi, unitedkursi","id","Xavi Hernandez belum melatih lagi sejak pergi dari Barcelona. Fabrizio Romano buka suara soal peluangnya menangani Manchester United.","2026-01-09T14:35:33+07:00","Liputan6.com, Jakarta - Xavi Hernandez hingga kini masih berstatus tanpa klub sejak meninggalkan Barcelona pada Mei 2024.
Nama pelatih asal Spanyol itu pun kembali mencuat di tengah gejolak yang terjadi di Manchester United.
Kursi pelatih Setan Merah lowong pada awal pekan ini setelah Ruben Amorim resmi didepak.
Xavi disebut-sebut masuk dalam radar Manchester United karena rekam jejaknya di Barcelona.
Ia dinilai mampu mengembalikan arah klub di tengah tekanan besar dan ekspektasi tinggi.","Liputan6.com, Jakarta - Xavi Hernandez hingga kini masih berstatus tanpa klub sejak meninggalkan Barcelona pada Mei 2024. Nama pelatih asal Spanyol itu pun kembali mencuat di tengah gejolak yang terjadi di Manchester United.

Kursi pelatih Setan Merah lowong pada awal pekan ini setelah Ruben Amorim resmi didepak. Situasi tersebut langsung memunculkan spekulasi mengenai sosok yang akan dipercaya memimpin proyek baru di Old Trafford.

Xavi disebut-sebut masuk dalam radar Manchester United karena rekam jejaknya di Barcelona. Ia dinilai mampu mengembalikan arah klub di tengah tekanan besar dan ekspektasi tinggi.","Manchester United Punya Peluang Besar Untuk Menggaet Eks Pelatih Barcelona Ini","https://cdn0-production-images-kly.akamaized.net/hBbwow47LYQgNVqUPJKmixeqGbo=/1200x675/smart/filters:quality(75):strip_icc():format(jpeg)/kly-media-production/medias/5468205/original/044133700_1767943936-skuad_manchester_united_burnley_MU_ap_ian_hodgson.jpg","https://www.liputan6.com/bola/read/6254026/manchester-united-punya-peluang-besar-untuk-menggaet-eks-pelatih-barcelona-ini","88","true","true","true","2026-01-10T03:28:11.119624+00:00","","https://www.liputan6.com/"
"Ahmad Khuzaifi, Diterbitkan Januari, Devira Prastiwi, Tim Redaksi","penataan, rth, perbanyak, jaktim, taman, kejar, mengejar, muka, gapura, target, vertikal, garden, hijau, pramono, rain, tinjau","id","Gubernur DKI Jakarta Pramono Anung menyatakan, Taman Gapura Muka di Cakung merupakan bentuk komitmen penambahan ruang terbuka hijau yang akan dilengkapi fasilitas pendukung.","2026-01-10T09:02:08+07:00","Hal ini tercermin saat melakukan peninjauan langsung ke Taman Gapura Muka yang berlokasi di wilayah Cakung, Jakarta Timur.
ruang terbuka ini bukan sekadar penambahan estetika kota semata, melainkan wujud nyata dari komitmen Gubernur untuk mengejar target pemenuhan Ruang Terbuka Hijau (RTH) yang ideal bagi warga Jakarta.
Maka semua ruang-ruang yang seperti ini, kita gunakan, kita manfaatkan selain untuk kita tanam menjadi 'vertical garden' (taman vertikal) atau 'rain garden' (taman hujan) dan sebagainya,” katanya, dikutip dari Antara, Sabtu (10/1/2026).
Pramono mendorong agar konsep penghijauan tidak terpaku pada metode konvensional, melainkan mengadopsi pendekatan modern seperti taman vertikal yang efisien ruang maupun taman hujan (rain garden) yang berfungsi sebagai daerah resapan air.
26 Tahun 2007 tentang Penataan Ruang yang mensyaratkan minimal 30 persen wilayah kota dialokasikan sebagai RTH.","Liputan6.com, Jakarta - Gubernur DKI Jakarta Pramono Anung Wibowo kembali menegaskan langkah strategis pemerintah provinsi dalam membenahi tata ruang ibu kota melalui optimalisasi lahan-lahan potensial menjadi area hijau yang produktif.

Hal ini tercermin saat melakukan peninjauan langsung ke Taman Gapura Muka yang berlokasi di wilayah Cakung, Jakarta Timur.

ruang terbuka ini bukan sekadar penambahan estetika kota semata, melainkan wujud nyata dari komitmen Gubernur untuk mengejar target pemenuhan Ruang Terbuka Hijau (RTH) yang ideal bagi warga Jakarta.

Advertisement

“Saya memang mencanangkan untuk membuat Jakarta lebih hijau, lebih nyaman. Maka semua ruang-ruang yang seperti ini, kita gunakan, kita manfaatkan selain untuk kita tanam menjadi 'vertical garden' (taman vertikal) atau 'rain garden' (taman hujan) dan sebagainya,” katanya, dikutip dari Antara, Sabtu (10/1/2026).

Dalam kunjungannya, Pramono menyoroti pentingnya transformasi fungsi lahan agar tidak hanya menjadi ruang pasif, tetapi juga memberikan dampak ekologis dan sosial yang signifikan.

Ia menekankan, setiap jengkal lahan yang tersedia, termasuk area di bawah infrastruktur besar, memiliki potensi untuk disulap menjadi paru-paru kota baru yang menyejukkan.

Visi ini sejalan dengan keinginan untuk menciptakan Jakarta yang lebih manusiawi, di mana warganya memiliki akses mudah terhadap udara bersih dan ruang interaksi yang layak.

Pramono mendorong agar konsep penghijauan tidak terpaku pada metode konvensional, melainkan mengadopsi pendekatan modern seperti taman vertikal yang efisien ruang maupun taman hujan (rain garden) yang berfungsi sebagai daerah resapan air.

Upaya ini menjadi sangat krusial mengingat data penelusuran menunjukkan bahwa luas RTH di Jakarta saat ini masih berada di angka yang memprihatinkan, yakni sekitar 6,48 persen dari total wilayah kota, atau setara dengan 33,34 juta meter persegi.

Angka ini masih jauh dari amanat Undang-Undang No. 26 Tahun 2007 tentang Penataan Ruang yang mensyaratkan minimal 30 persen wilayah kota dialokasikan sebagai RTH.

""Oleh karena itu, peresmian dan penataan Taman Gapura Muka ini menjadi salah satu kepingan puzzle penting dalam upaya besar mengejar ketertinggalan tersebut, sekaligus membuktikan bahwa pemerintah daerah terus bergerak proaktif dalam menciptakan keseimbangan antara pembangunan fisik dan kelestarian lingkungan hidup di tengah padatnya metropolitan,"" terang Pramono.","Tinjau Langsung Taman Gapura Muka di Cakung Jaktim, Pramono Kejar Target Perbanyak Ruang Terbuka Hijau","https://cdn0-production-images-kly.akamaized.net/txbxUMr5EMKAsu3AepByc1gvbj4=/1200x675/smart/filters:quality(75):strip_icc():format(jpeg)/kly-media-production/medias/5375892/original/089800500_1759985632-Pramono_Anung_soal_DBH_Dipangkas.jpeg","https://www.liputan6.com/news/read/6254430/tinjau-langsung-taman-gapura-muka-di-cakung-jaktim-pramono-kejar-target-perbanyak-ruang-terbuka-hijau","328","true","true","true","2026-01-10T03:28:11.322672+00:00","","https://www.liputan6.com/"
"Nikmah Laily Hawa, Diterbitkan Januari, Devira Prastiwi, Tim Redaksi","dampaknya, peringatan, gerakan, pemkot, serentak, 10, menghadirkan, penanaman, pohon, liputan6com, hijau, tangerang, menakar","id","Gerakan Satu Juta Pohon yang melibatkan Pemkot Tangerang dan KAI Group sebagai upaya jangka panjang memulihkan ekosistem dan menghadirkan kota yang lebih hijau.","2026-01-10T06:30:09+07:00","Liputan6.com, Jakarta - Peringatan Hari Lingkungan Hidup Indonesia dan Hari Gerakan Satu Juta Pohon setiap tahunnya pada 10 Januari bukan sekadar seremonial tahunan semata.
Hal ini terlihat pada upaya penanaman pohon serentak yang dilakukan di berbagai daerah, sebagai bukti kepedulian untuk menghadirkan kembali Ruang Terbuka Hijau (RTH).
AdvertisementPada tahun lalu, gerakan penanaman sejuta pohon dilaksanakan di berbagai daerah di Indonesia.
Pemerintah Kota (Pemkot) Tangerang, Banten dan Kereta Api Indonesia (KAI) Group juga turut menjadi bagian dari aksi pemulihan melalui gerakan berkelanjutan ini.
Sementara itu, KAI Group juga melakukan penanaman pohon serentak di berbagai area kerja, meliputi Daerah Operasi, Divisi Regional, Balai Yasa, dan Anak Perusahaan.","Liputan6.com, Jakarta - Peringatan Hari Lingkungan Hidup Indonesia dan Hari Gerakan Satu Juta Pohon setiap tahunnya pada 10 Januari bukan sekadar seremonial tahunan semata.

Upaya menghadirkan kembali tutupan hijau menunjukkan perkembangan yang positif.

Hal ini terlihat pada upaya penanaman pohon serentak yang dilakukan di berbagai daerah, sebagai bukti kepedulian untuk menghadirkan kembali Ruang Terbuka Hijau (RTH).

Advertisement

Pada tahun lalu, gerakan penanaman sejuta pohon dilaksanakan di berbagai daerah di Indonesia.

Kegiatan tersebut berhasil dilakukan dengan melibatkan berbagai lapisan, mulai dari warga, pemerintah, komunitas, hingga Badan Usaha Milik Negara (BUMN).

Pemerintah Kota (Pemkot) Tangerang, Banten dan Kereta Api Indonesia (KAI) Group juga turut menjadi bagian dari aksi pemulihan melalui gerakan berkelanjutan ini.

Kepala Bidang Pertamanan dan Dekorasi Kota Tangerang Indri Suryani menyebutkan, menanam pohon merupakan investasi untuk masa depan yang lebih baik.

""Menanam pohon bukan hanya tentang menjaga keseimbangan alam. Tetapi, juga investasi jangka panjang untuk masa depan yang lebih hijau, sehat dan lestari,"" tutur Indri, dilansir Liputan6.com dari laman resmi Pemerintah Kota (Pemkot) Tangerang www.tangerangkota.go.id, Sabtu (10/1/2026).

Sementara itu, KAI Group juga melakukan penanaman pohon serentak di berbagai area kerja, meliputi Daerah Operasi, Divisi Regional, Balai Yasa, dan Anak Perusahaan.

Berikut beberapa data terkait penanaman pohon pada peringatan Hari Lingkungan Hidup Indonesia tahun 2025, sebagai aksi konkret mitigasi lingkungan tahun 2026 yang dikutip Liputan6.com dari berbagai sumber:","Hari Gerakan Satu Juta Pohon 10 Januari: Menakar Dampaknya bagi Lingkungan Hidup","https://cdn1-production-images-kly.akamaized.net/7MjNw50RyX_tYJSy4DtczCQH728=/0x0:4032x2268/1200x675/filters:quality(75):strip_icc():format(jpeg):watermark(kly-media-production/assets/images/watermarks/liputan6/watermark-color-landscape-new.png,1100,20,0)/kly-media-production/medias/5088571/original/038112000_1736490390-d94b728f-c8d8-43ad-9b8b-3c9a84c2dd23.jpg","https://www.liputan6.com/news/read/6253949/hari-gerakan-satu-juta-pohon-10-januari-menakar-dampaknya-bagi-lingkungan-hidup","217","true","true","true","2026-01-10T03:28:11.221844+00:00","","https://www.liputan6.com/"
"Meila Alfauzi Sukmawan, Diterbitkan Januari, Devira Prastiwi, Tim Redaksi","sustainability, pengolahan, energi, terkelola, waste, keberlanjutan, implementasi, psel, pemilahan, eko, listrik, to, sampah, kunci, indef, tangga","id","Institute for Development of Economics and Finance (Indef) menilai pemilahan sampah menjadi faktor utama agar program Pengolahan Sampah Menjadi Energi Listrik (PSEL) dapat berjalan efektif dan berkelanjutan di Indonesia.","2026-01-09T20:20:06+07:00","Liputan6.com, Jakarta - Pengamat Ekonomi Eko Listiyanto dari Institute for Development of Economics and Finance (Indef) menjelaskan kunci utama agar implementasi 'Waste to Energy' atau Pengolahan Sampah Menjadi Energi Listrik (PSEL) dapat berjalan secara berkelanjutan dengan melakukan pemilahan sampah mulai dari tingkat rumah tangga hinga tempat penampungan sampah.
""PSEL ini menurut saya mendukung keberlanjutan atau sustainability begitu.
Menurutnya, perlu untuk memulai edukasi sampah di Indonesia, termasuk bagaimana memilah sampah dengan baik seperti di negara-negara maju lainnya pemilahan sampah sudah menjadi budaya dan perilaku masyarakatnya.
Jadi mungkin nanti ke depan harus ada, menurut saya, harus ada strategi juga bagaimana proses pemilahan sampah itu harus dimulai dari rumah tangga begitu sehingga dalam proses PSEL ini benar-benar terkelola,"" kata Eko.
""Hal kecil seperti ini akan sangat membantu proses kelancaran dari implementasi PSEL,"" sambung dia.","Liputan6.com, Jakarta - Pengamat Ekonomi Eko Listiyanto dari Institute for Development of Economics and Finance (Indef) menjelaskan kunci utama agar implementasi 'Waste to Energy' atau Pengolahan Sampah Menjadi Energi Listrik (PSEL) dapat berjalan secara berkelanjutan dengan melakukan pemilahan sampah mulai dari tingkat rumah tangga hinga tempat penampungan sampah.

""PSEL ini menurut saya mendukung keberlanjutan atau sustainability begitu. Hal yang harus dipastikan bahwa kemudian jenis-jenis sampahnya sudah dipilah-pilah,"" ujar Eko melansir Antara, Jumat (9/1/2025).

Menurutnya, perlu untuk memulai edukasi sampah di Indonesia, termasuk bagaimana memilah sampah dengan baik seperti di negara-negara maju lainnya pemilahan sampah sudah menjadi budaya dan perilaku masyarakatnya.

Advertisement

""Proses ini menjadi penting, ini lebih kepada jadi pembiasaan. Jadi mungkin nanti ke depan harus ada, menurut saya, harus ada strategi juga bagaimana proses pemilahan sampah itu harus dimulai dari rumah tangga begitu sehingga dalam proses PSEL ini benar-benar terkelola,"" kata Eko.

""Hal kecil seperti ini akan sangat membantu proses kelancaran dari implementasi PSEL,"" sambung dia.","Indef: Pemilahan Kunci Keberlanjutan Program Pengolahan Sampah jadi Energi Listrik di Indonesia","https://cdn0-production-images-kly.akamaized.net/53p4XSlu82kcyHArv6qwLt2IH3o=/1200x675/smart/filters:quality(75):strip_icc():format(jpeg)/kly-media-production/medias/4535619/original/073864700_1691838254-94c5023d-3533-4296-8240-ea7f2d90238a.jpeg","https://www.liputan6.com/news/read/6253966/indef-pemilahan-kunci-keberlanjutan-program-pengolahan-sampah-jadi-energi-listrik-di-indonesia","157","true","true","true","2026-01-10T03:28:14.221627+00:00","","https://www.liputan6.com/"
"Mabruri Pudyas Salim, Diterbitkan Januari, Anugerah Ayu Sendari, Tim Redaksi","hasilkan, ton, bsf, tumpukan, rupiah, panduan, organik, nol, liputan6com, pahlawan, ternak, sampah, panen, maggot, mengubah, budidaya","id","Ingin memulai bisnis ramah lingkungan? Pelajari cara budidaya maggot BSF langkah demi langkah! Ubah sampah organik jadi pakan bernilai tinggi dan pupuk, menguntungkan sekaligus menyelamatkan lingkungan.","2026-01-09T19:15:00+07:00","Liputan6.com, Jakarta - Setiap kota besar di Indonesia umumnya menghasilkan sekitar 10 ton sampah per tahun, sebuah permasalahan yang terus meresahkan seiring dengan pertambahan jumlah penduduk.
Menurut Kementerian Lingkungan Hidup dan Kehutanan (KLHK), 60% sampah di Indonesia merupakan sampah organik yang seringkali tercampur dengan sampah anorganik.
Namun, di balik tumpukan sampah ini, ada 'pahlawan super' kecil yang siap mengubah masalah menjadi peluang.
Budidaya maggot bukan hanya untuk mengurai sampah organik, tetapi juga sebagai sumber pakan ternak yang kaya nutrisi.
Artikel ini akan membahas secara berurutan cara budidaya maggot yang efektif, mulai dari persiapan hingga pemanenan, menunjukkan bagaimana bisnis ini menjadi solusi nyata ekonomi sirkular, mengubah sampah menjadi rupiah sekaligus berkontribusi pada lingkungan yang lebih sehat.","Liputan6.com, Jakarta - Setiap kota besar di Indonesia umumnya menghasilkan sekitar 10 ton sampah per tahun, sebuah permasalahan yang terus meresahkan seiring dengan pertambahan jumlah penduduk. Menurut Kementerian Lingkungan Hidup dan Kehutanan (KLHK), 60% sampah di Indonesia merupakan sampah organik yang seringkali tercampur dengan sampah anorganik. Jika dibiarkan menumpuk, proses pembusukannya akan melepaskan metana ke atmosfer, yang mempercepat pemanasan global.

Namun, di balik tumpukan sampah ini, ada 'pahlawan super' kecil yang siap mengubah masalah menjadi peluang. Pahlawan tersebut adalah maggot, larva dari lalat Black Soldier Fly (BSF) atau Hermetia illucens. Budidaya maggot bukan hanya untuk mengurai sampah organik, tetapi juga sebagai sumber pakan ternak yang kaya nutrisi.

Maggot memiliki kandungan protein hewani yang tinggi, berkisar antara 30-45%, serta mengandung asam lemak esensial linoleat dan linolenat. Artikel ini akan membahas secara berurutan cara budidaya maggot yang efektif, mulai dari persiapan hingga pemanenan, menunjukkan bagaimana bisnis ini menjadi solusi nyata ekonomi sirkular, mengubah sampah menjadi rupiah sekaligus berkontribusi pada lingkungan yang lebih sehat.

Advertisement

Jadi simak panduan selengkapnya berikut ini, sebagaimana telah Liputan6.com rangkum dari berbagai sumber, Jumat (9/1/2026).","Modal Sampah Hasilkan Rupiah, Panduan Budidaya Maggot BSF dari Nol Hingga Panen","https://cdn1-production-images-kly.akamaized.net/9fYOxeHEOyuA135jg7B5TUiNaCU=/1200x675/smart/filters:quality(75):strip_icc():format(jpeg)/kly-media-production/medias/5311690/original/052932300_1754892480-20250811-Budidaya_Maggot-MER_6.jpg","https://www.liputan6.com/lifestyle/read/6254295/modal-sampah-hasilkan-rupiah-panduan-budidaya-maggot-bsf-dari-nol-hingga-panen","177","true","true","true","2026-01-10T03:28:14.200242+00:00","","https://www.liputan6.com/"
"Khamelia Marsha, Diterbitkan Januari, Devira Prastiwi, Tim Redaksi","yassierli, ingatkan, nusa, k3, surabaya, sehat, mendukung, perlindungan, tingkatkan, layanan, menaker, terciptanya, memperkuat, tenggara, penerapan, kinerja","id","Menaker menekankan pentingnya K3 untuk menjaga keselamatan pekerja dan membangun budaya kerja yang produktif.","2026-01-09T18:05:04+07:00","Liputan6.com, Jakarta - Menteri Ketenagakerjaan (Menaker) Yassierli menekankan bahwa penerapan kebijakan Keselamatan dan Kesehatan Kerja (K3) menjadi aspek krusial dalam menciptakan lingkungan kerja yang aman, sehat, dan produktif.
""Kementerian Ketenagakerjaan menegaskan komitmennya menghadirkan layanan K3 yang lebih dekat dengan kebutuhan publik serta mendukung terciptanya lingkungan kerja yang aman, sehat, dan produktif,"" ujar Yassierli, melansir Antara, Jumat (9/1/2026).
Salah satu langkah strategis Kemnaker dalam memperkuat K3 adalah mengaktivasi Balai K3 di sejumlah wilayah, termasuk Surabaya, Jawa Timur.
Aktivasi ini dilakukan untuk memperjelas pengelolaan aset sekaligus memperkuat layanan K3 bagi pekerja dan perusahaan di Jawa Timur, Bali, Nusa Tenggara Barat (NTB), dan Nusa Tenggara Timur (NTT).
Terhitung hari ini Balai K3 Surabaya resmi kita aktivasi,"" terang Yassierli.","Liputan6.com, Jakarta - Menteri Ketenagakerjaan (Menaker) Yassierli menekankan bahwa penerapan kebijakan Keselamatan dan Kesehatan Kerja (K3) menjadi aspek krusial dalam menciptakan lingkungan kerja yang aman, sehat, dan produktif.

Menurutnya, K3 bukan sekadar kewajiban administratif atau pemenuhan regulasi, tetapi juga menjadi strategi penting untuk meningkatkan efisiensi dan produktivitas tenaga kerja, sekaligus mendukung kelangsungan operasional perusahaan.

""Kementerian Ketenagakerjaan menegaskan komitmennya menghadirkan layanan K3 yang lebih dekat dengan kebutuhan publik serta mendukung terciptanya lingkungan kerja yang aman, sehat, dan produktif,"" ujar Yassierli, melansir Antara, Jumat (9/1/2026).

Advertisement

Implementasi K3 yang kuat diyakini mampu menjadi fondasi terciptanya budaya kerja yang manusiawi, efisien, dan berkelanjutan.

Pekerja yang memperoleh perlindungan optimal dari risiko kecelakaan kerja dan gangguan kesehatan dapat melaksanakan tugasnya dengan lebih maksimal, sementara perusahaan mendapatkan kepastian bahwa proses produksi berjalan lancar tanpa terganggu insiden kerja.

Salah satu langkah strategis Kemnaker dalam memperkuat K3 adalah mengaktivasi Balai K3 di sejumlah wilayah, termasuk Surabaya, Jawa Timur.

Aktivasi ini dilakukan untuk memperjelas pengelolaan aset sekaligus memperkuat layanan K3 bagi pekerja dan perusahaan di Jawa Timur, Bali, Nusa Tenggara Barat (NTB), dan Nusa Tenggara Timur (NTT).

""Seluruh aspek administrasi telah kita selesaikan. Terhitung hari ini Balai K3 Surabaya resmi kita aktivasi,"" terang Yassierli.","Menaker Yassierli Ingatkan Penerapan K3, Tingkatkan Perlindungan hingga Kinerja Pekerja","https://cdn0-production-images-kly.akamaized.net/3-Rh_favBiUi9WbdFkhByxHGICQ=/1200x675/smart/filters:quality(75):strip_icc():format(jpeg)/kly-media-production/medias/5455697/original/073967100_1766725361-Contoh_slogan_Keamanan_dan_Keselamatan_Kerja__K3___Gemini_AI_.jpg","https://www.liputan6.com/news/read/6254137/menaker-yassierli-ingatkan-penerapan-k3-tingkatkan-perlindungan-hingga-kinerja-pekerja","195","true","true","true","2026-01-10T03:28:13.918033+00:00","","https://www.liputan6.com/"
"Arthur Gideon, Diterbitkan Januari, Tim Redaksi","logam, geopolitik, lemah, pendorong, perkiraan, ons, payroll, mulia, emas, menguat, usd, tercatat, meningkatnya","id","Harga emas menguat dan menuju kenaikan mingguan setelah data tenaga kerja AS di bawah ekspektasi dan ketidakpastian global meningkat.","2026-01-10T08:00:41+07:00","Liputan6.com, Jakarta - Harga emas dunia menguat pada perdagangan Jumat dan berada di jalur kenaikan mingguan.
Penguatan ini terjadi seiring investor merespons data ketenagakerjaan Amerika Serikat (AS) yang lebih lemah dari perkiraan, di tengah meningkatnya ketidakpastian kebijakan dan geopolitik global.
Dikutip dari CNBC, Sabtu (10/12/2026), harga emas spot tercatat naik 0,5% ke level USD 4.496,09 per ons.
Sepanjang pekan ini, harga emas berpotensi menguat sekitar 3,9%.
Sementara itu, kontrak berjangka emas AS untuk pengiriman Februari menguat 0,5% ke posisi USD 4.483 per ons.","Liputan6.com, Jakarta - Harga emas dunia menguat pada perdagangan Jumat dan berada di jalur kenaikan mingguan. Penguatan ini terjadi seiring investor merespons data ketenagakerjaan Amerika Serikat (AS) yang lebih lemah dari perkiraan, di tengah meningkatnya ketidakpastian kebijakan dan geopolitik global.

Dikutip dari CNBC, Sabtu (10/12/2026), harga emas spot tercatat naik 0,5% ke level USD 4.496,09 per ons. Sepanjang pekan ini, harga emas berpotensi menguat sekitar 3,9%. Sebelumnya, logam mulia tersebut sempat mencetak rekor tertinggi sepanjang masa di USD 4.549,71 per ons pada 26 Desember.

Sementara itu, kontrak berjangka emas AS untuk pengiriman Februari menguat 0,5% ke posisi USD 4.483 per ons.

Advertisement

Dari sisi data ekonomi, laporan menunjukkan nonfarm payrolls AS pada Desember hanya bertambah 50.000 pekerjaan, lebih rendah dari ekspektasi pasar sebesar 60.000. Tingkat pengangguran tercatat turun ke 4,4%, di bawah perkiraan 4,5%.

“Payrolls menunjukkan lingkungan penciptaan lapangan kerja yang lemah. Potensi meningkatnya ketegangan geopolitik, harga minyak yang cenderung lebih tinggi dan bersifat inflasi, ketidakpastian, serta kebijakan The Fed yang melonggar—semuanya menjadi kombinasi positif bagi logam mulia,” ujar Global Head of Commodity Strategy TD Securities Bart Melek.","Harga Emas Dunia Menguat, Data Payroll AS dan Geopolitik Jadi Pendorong","https://cdn0-production-images-kly.akamaized.net/w2rOzNt81Hpq6w8LBpz_GNuhRnA=/1200x675/smart/filters:quality(75):strip_icc():format(jpeg)/kly-media-production/medias/4723188/original/034031500_1705921925-fotor-ai-20240122181144.jpg","https://www.liputan6.com/bisnis/read/6254464/harga-emas-dunia-menguat-data-payroll-as-dan-geopolitik-jadi-pendorong","178","true","true","true","2026-01-10T03:28:12.344220+00:00","","https://www.liputan6.com/"
"Arthur Gideon, Diterbitkan Januari, Tim Redaksi","9, 2432000, buyback, antam, tbk, tambang, gram, aneka, rp, emas, tertinggi, 2026","id","Harga emas Antam pada perdagangan Jumat ini naik di bawah Rp 10.000. Hal yang sama juga terjadi dengan harga buyback. Cek rinciannya di sini.","2026-01-09T09:20:59+07:00","Liputan6.com, Jakarta - Harga emas batangan yang dijual oleh PT Aneka Tambang Tbk (Antam) atau harga emas Antam hari ini, Jumat (9/1/2026) kembali naik.
Harga emas Antam pada hari ini naik Rp 7.000 menjadi Rp Rp 2.577.000 per gram.
Sedangkan harga buyback emas Antam juga naik tetapi dengan nilai lebih kecil yaitu Rp 6.000 menjadi Rp 2.432.000.
Informasi mengenai harga emas Antam ini bersumber dari situs resmi Logam Mulia, unit bisnis PT Aneka Tambang Tbk.
Berikut daftar harga emas Antam hari ini, Jumat 9 Januari 2026:","Liputan6.com, Jakarta - Harga emas batangan yang dijual oleh PT Aneka Tambang Tbk (Antam) atau harga emas Antam hari ini, Jumat (9/1/2026) kembali naik.

Harga emas Antam pada hari ini naik Rp 7.000 menjadi Rp Rp 2.577.000 per gram. Sedangkan pada perdagangan kemarin, harga emas Antam dibanderol Rp 2.570.000 per gram.

Sedangkan harga buyback emas Antam juga naik tetapi dengan nilai lebih kecil yaitu Rp 6.000 menjadi Rp 2.432.000. Harga buyback ini adalah jika Anda ingin menjual emas, Antam akan membelinya di harga Rp 2.432.000 gram.

Advertisement

Untuk diketahui, rekor tertinggi harga emas Antam sebelumnya dicetak pada perdagangan Sabtu, 27 Desember 2025. Harga emas Antam di angka Rp 2.605.000 per gram. Sedangkan harga buyback emas Antam Rp 2.464.000 per gram.

Informasi mengenai harga emas Antam ini bersumber dari situs resmi Logam Mulia, unit bisnis PT Aneka Tambang Tbk. Dengan demikian, data yang disajikan memiliki akurasi dan kredibilitas yang tinggi bagi publik.

Berikut daftar harga emas Antam hari ini, Jumat 9 Januari 2026:","Harga Emas Antam Hari ini 9 Januari 2026 Naik, Mau Jual?","https://cdn1-production-images-kly.akamaized.net/6BH2ZBGWNcV3MRiMAv84YAwRsos=/1200x675/smart/filters:quality(75):strip_icc():format(jpeg)/kly-media-production/medias/3975040/original/077790600_1648205648-20220325-Harga-emas-pegadaian-naik-ANGGA-5.jpg","https://www.liputan6.com/bisnis/read/6253754/harga-emas-antam-hari-ini-9-januari-2026-naik-mau-jual","162","true","true","true","2026-01-10T03:28:14.125929+00:00","","https://www.liputan6.com/"
"Arthur Gideon, Diterbitkan Januari, Tim Redaksi","9, kompak, ubs, pegadaian, 11000, galeri24, gram, penurunan, kuantitas, rp, buatan, emas, 2026, lengkapnya, daftar, dijual","id","Pada 9 Januari 2026, harga emas Pegadaian untuk dua jenis yaitu UBS dan Galeri24 mengalami pelemahan. Cek rincian harga emas Pegadaian di tulisan ini.","2026-01-09T08:40:04+07:00","Pelemahan harga emas Pegadaian ini untuk dua jenis produk yaitu buatan Galeri24 dan UBSUntuk diketahui, harga emas Pegadaian untuk buatan UBS dan Galeri24 telah melompat sejak 5 Januari 2026.
Dikutip dari laman resmi Sahabat Pegadaian, Jumat (9/1/2026), harga emas Pegadaian untuk dua produk yaitu buatan Galeri24 dan UBS yang kompak mengalami penurunan Rp 11.000 per gram.
Begitu pula harga emas UBS turut mengalami penurunan dengan angka serupa menjadi Rp 2.637.000 per gram dari semula Rp 2.648.000 per gram.
Berikut daftar lengkap harga emas Jumat (9/1/2026):Harga Emas Galeri240,5 gram: Rp 1.358.000‎1 gram: Rp 2.588.000.
‎2 gram: Rp 5.098.000‎5 gram: Rp 12.650.000‎10 gram: Rp 25.232.000‎25 gram: Rp 62.923.000‎50 gram: Rp 125.747.000‎100 gram: Rp 251.370.000‎250 gram: Rp 626.882.000‎500 gram: Rp 1.253.763.000‎1.000 gram: Rp 2.507.526.000UBS","Liputan6.com, Jakarta - Harga emas yang dijual oleh PT Pegadaian (Persero) kompak melemah pada perdagangan Jumat ini. Pelemahan harga emas Pegadaian ini untuk dua jenis produk yaitu buatan Galeri24 dan UBS

Untuk diketahui, harga emas Pegadaian untuk buatan UBS dan Galeri24 telah melompat sejak 5 Januari 2026.

Dikutip dari laman resmi Sahabat Pegadaian, Jumat (9/1/2026), harga emas Pegadaian untuk dua produk yaitu buatan Galeri24 dan UBS yang kompak mengalami penurunan Rp 11.000 per gram.

Advertisement

‎Harga jual emas Galeri24 turun menjadi Rp2.588.000 per gram dari awalnya Rp 2.599.000 per gram. Begitu pula harga emas UBS turut mengalami penurunan dengan angka serupa menjadi Rp 2.637.000 per gram dari semula Rp 2.648.000 per gram.

Emas Galeri24 dijual dengan kuantitas 0,5 gram hingga 1.000 gram atau 1 kilogram. Sementara emas UBS dijual dengan kuantitas 0,5 gram hingga 500 gram.

Berikut daftar lengkap harga emas Jumat (9/1/2026):

Harga Emas Galeri24

0,5 gram: Rp 1.358.000

‎1 gram: Rp 2.588.000.

‎2 gram: Rp 5.098.000

‎5 gram: Rp 12.650.000

‎10 gram: Rp 25.232.000

‎25 gram: Rp 62.923.000

‎50 gram: Rp 125.747.000

‎100 gram: Rp 251.370.000

‎250 gram: Rp 626.882.000

‎500 gram: Rp 1.253.763.000

‎1.000 gram: Rp 2.507.526.000

UBS","Harga Emas Pegadaian 9 Januari 2026 Kompak Turun Rp 11.000, Ini Daftar Lengkapnya!","https://cdn0-production-images-kly.akamaized.net/YytA--kYyVo_T3N9xxncJThU_5Q=/1200x675/smart/filters:quality(75):strip_icc():format(jpeg)/kly-media-production/medias/5219629/original/039640900_1747221144-20250514-Harga_Emas-ANG_1.jpg","https://www.liputan6.com/bisnis/read/6253692/harga-emas-pegadaian-9-januari-2026-kompak-turun-rp-11000-ini-daftar-lengkapnya","191","true","true","true","2026-01-10T03:28:16.315664+00:00","","https://www.liputan6.com/"
"Muhammad Daffa Satrio","2025, yaksa, obrolan, olahraga, liputan, menghadirkan, lapangan, peliput, jurnalis, hampa, break, timnas, sedihnya, cerita","id","Bola Break edisi kali ini mengulas cerita di balik layar para jurnalis olahraga dalam menjalani liputan sepanjang 2025. Dari dinamika di lapangan, atmosfer stadion yang emosional, hingga tantangan menangkap momen di balik pertandingan, semuanya dikupas tuntas dalam Bola Break kali ini!","2025-09-27T09:45:04+07:00","Cerita Para Peliput Timnas Indonesia Tahun 2025: Hampa, Lebih Banyak SedihnyaBola 16 jam yang laluBola Break edisi kali ini menghadirkan obrolan santai bersama para jurnalis olahraga yang sehari-hari bertugas langsung di lapangan.
Mereka berbagi cerita tentang dinamika liputan sepanjang 2025, mulai dari padatnya agenda pertandingan hingga tuntutan kerja cepat dalam menyajikan informasi ke publik.
Bagi mereka, liputan olahraga tidak hanya soal hasil akhir, tetapi bagaimana suasana stadion, ekspresi suporter, hingga momen-momen kecil di pinggir lapangan bisa bercerita lewat foto dan video.
Melalui obrolan ini, Bola Break menegaskan bahwa liputan olahraga adalah proses panjang yang sarat cerita manusia.
Di balik setiap berita, ada kerja keras, adaptasi, dan dedikasi jurnalis untuk menghadirkan informasi yang jujur, kontekstual, dan dekat dengan pembaca.","Cerita Para Peliput Timnas Indonesia Tahun 2025: Hampa, Lebih Banyak Sedihnya

Bola 16 jam yang lalu

Bola Break edisi kali ini menghadirkan obrolan santai bersama para jurnalis olahraga yang sehari-hari bertugas langsung di lapangan. Mereka berbagi cerita tentang dinamika liputan sepanjang 2025, mulai dari padatnya agenda pertandingan hingga tuntutan kerja cepat dalam menyajikan informasi ke publik. Dalam diskusi ini, Bagaskara Lazuardi dan Abdul Aziz menyoroti peran jurnalis visual dalam menangkap atmosfer dan emosi di setiap pertandingan. Bagi mereka, liputan olahraga tidak hanya soal hasil akhir, tetapi bagaimana suasana stadion, ekspresi suporter, hingga momen-momen kecil di pinggir lapangan bisa bercerita lewat foto dan video. Sementara itu, Hery Kurniawan dan Muhammad Adi Yaksa membagikan pengalaman dari sudut pandang reporter. Tekanan deadline, akses narasumber yang terbatas, hingga perubahan situasi usai pertandingan menjadi bagian dari keseharian yang harus dihadapi dengan profesionalisme dan empati. Melalui obrolan ini, Bola Break menegaskan bahwa liputan olahraga adalah proses panjang yang sarat cerita manusia. Di balik setiap berita, ada kerja keras, adaptasi, dan dedikasi jurnalis untuk menghadirkan informasi yang jujur, kontekstual, dan dekat dengan pembaca.","Cerita Para Peliput Timnas Indonesia Tahun 2025: Hampa, Lebih Banyak Sedihnya","https://cdn0-production-images-kly.akamaized.net/ZPQPNqjTmgpmEEnk6TPOhU-dilA=/640x320/smart/filters:quality(75):strip_icc()/kly-media-production/medias/5468418/original/072313600_1767949748-Landscape_Bola_Break_Di_Balik_Layar.jpg","https://enamplus.liputan6.com/bola/read/6254163/cerita-para-peliput-timnas-indonesia-tahun-2025-hampa-lebih-banyak-sedihnya","176","true","true","true","2026-01-10T03:28:16.209698+00:00","","https://www.liputan6.com/"
"Bayu Kurniawan Santoso","tembus, bonus, estafet, rp34, hitung, sea, miliar, games, ayu, medali, terkejut, emas, atlet, prabowo, martina","id","Presiden Prabowo Subianto terkejut saat menghitung medali Martina Ayu di Istana Negara, Kamis (8/1/2026). Atlet triathlon ini meraih 5 emas dan 2 perak SEA Games 2025 Thailand, membawa pulang bonus total Rp3,4 miliar.","2025-09-27T09:45:04+07:00","Prabowo Terkejut Hitung Medali Martina Ayu, Bonus SEA Games Tembus Rp3,4 MiliarBola 18 jam yang laluPrestasi luar biasa ditorehkan atlet triathlon Indonesia, Martina Ayu, pada SEA Games 2025 Thailand.
Aksinya bahkan sukses mencuri perhatian Presiden Republik Indonesia, Prabowo Subianto, saat acara penyerahan bonus atlet di Istana Negara, Jakarta, Kamis (8/1/2026).
Momen menarik pun terjadi ketika Prabowo memegang dan menghitung satu per satu medali emas yang tergantung di leher Martina.
Dalam kesempatan tersebut, Prabowo secara resmi mengumumkan peningkatan bonus bagi atlet peraih medali emas, dari sebelumnya Rp500 juta menjadi Rp1 miliar per medali.
Dengan raihan prestasi tersebut, Martina Ayu membawa pulang total bonus sebesar Rp3,4 miliar.","Prabowo Terkejut Hitung Medali Martina Ayu, Bonus SEA Games Tembus Rp3,4 Miliar

Bola 18 jam yang lalu

Prestasi luar biasa ditorehkan atlet triathlon Indonesia, Martina Ayu, pada SEA Games 2025 Thailand. Aksinya bahkan sukses mencuri perhatian Presiden Republik Indonesia, Prabowo Subianto, saat acara penyerahan bonus atlet di Istana Negara, Jakarta, Kamis (8/1/2026). Martina menjadi atlet pertama yang maju menerima bonus secara simbolis dari Presiden. Momen menarik pun terjadi ketika Prabowo memegang dan menghitung satu per satu medali emas yang tergantung di leher Martina. Atlet berusia 22 tahun itu tampil gemilang dengan mengoleksi total lima medali emas dan dua perak dari cabang Triathlon dan Duathlon. Lima emas diraih dari nomor Triathlon Individual Putri, Aquathlon Estafet Putri, Aquathlon Estafet Campuran, Duathlon Estafet Putri, serta Duathlon Estafet Campuran. ""Terima kasih, Pak,"" ucap Martina singkat sambil menyalami Presiden usai menerima penghargaan. Dalam kesempatan tersebut, Prabowo secara resmi mengumumkan peningkatan bonus bagi atlet peraih medali emas, dari sebelumnya Rp500 juta menjadi Rp1 miliar per medali. Sementara peraih perak menerima Rp315 juta, dan perunggu Rp157 juta. Untuk nomor beregu, bonus emas ditetapkan sebesar Rp500 juta per atlet. Dengan raihan prestasi tersebut, Martina Ayu membawa pulang total bonus sebesar Rp3,4 miliar. Momen ini terasa semakin istimewa karena bertepatan dengan hari ulang tahunnya yang ke-22. Martina mengaku bonus tersebut akan dimanfaatkan secara bijak. Ia berencana menggunakannya untuk investasi masa depan, mendukung peningkatan prestasi olahraga ke level yang lebih tinggi, serta membantu kedua orang tuanya. Secara keseluruhan, pemerintah menggelontorkan anggaran bonus sebesar Rp465,25 miliar untuk atlet dan pelatih SEA Games 2025. Kontingen Indonesia sendiri mengakhiri ajang dua tahunan tersebut dengan raihan 91 medali emas. Presiden Prabowo juga menegaskan bahwa keberhasilan atlet tidak lepas dari peran para ketua umum cabang olahraga dalam pembinaan jangka panjang. Ia menyampaikan apresiasi kepada seluruh pimpinan cabor yang dinilai aktif mendampingi atlet selama SEA Games berlangsung. Prestasi Martina Ayu menjadi bukti nyata bahwa regenerasi atlet Indonesia berjalan positif, sekaligus menegaskan potensi besar Indonesia di cabang olahraga endurance di level Asia Tenggara.","Prabowo Terkejut Hitung Medali Martina Ayu, Bonus SEA Games Tembus Rp3,4 Miliar","https://cdn0-production-images-kly.akamaized.net/PrgO7Qp_BufdsKtoiZvC8nvLdGI=/1280x720/smart/filters:quality(75):strip_icc()/kly-media-production/thumbnails/5468344/original/013875900_1767947829-medali-24b767.jpg","https://enamplus.liputan6.com/bola/read/6254120/prabowo-terkejut-hitung-medali-martina-ayu-bonus-sea-games-tembus-rp34-miliar","326","true","true","true","2026-01-10T03:28:15.805904+00:00","","https://www.liputan6.com/"
"Syifa Hanifah","thohir, perintah, games, tonjok, menggelegar, panglima, thailand, subianto, tni, harap, penghargaan, atlet, prabowo, podium, terhormatnews, terhormat","id","Presiden Prabowo Subianto memberikan penghargaan kepada sejumlah atlet berprestasi di Sea Games 2025 Thailand.","2025-09-27T09:45:04+07:00","Depan Panglima TNI, Menggelegar Perintah Prabowo Sampai Tonjok Podium: Harap Muncul TerhormatNews 19 jam yang laluPresiden Prabowo Subianto memberikan penghargaan kepada sejumlah atlet berprestasi di Sea Games 2025 Thailand.
Penghargaan dihadiri langsung Menteri Pemuda dan Olah Raga Erick Thohir di Istana, Kamis, 8 Januari 2026.
Prabowo berharap para atlet nasional bisa meningkatkan prestasinya pada ajang Asian Games mendatang.
Berapi-api Prabowo mengingatkan para atlet ialah lambang kebangkitan bangsa.","Depan Panglima TNI, Menggelegar Perintah Prabowo Sampai Tonjok Podium: Harap Muncul Terhormat

News 19 jam yang lalu

Presiden Prabowo Subianto memberikan penghargaan kepada sejumlah atlet berprestasi di Sea Games 2025 Thailand. Penghargaan dihadiri langsung Menteri Pemuda dan Olah Raga Erick Thohir di Istana, Kamis, 8 Januari 2026. Prabowo berharap para atlet nasional bisa meningkatkan prestasinya pada ajang Asian Games mendatang. Berapi-api Prabowo mengingatkan para atlet ialah lambang kebangkitan bangsa.","Depan Panglima TNI, Menggelegar Perintah Prabowo Sampai Tonjok Podium: Harap Muncul Terhormat","https://cdn1-production-images-kly.akamaized.net/2kOA9yRdtOKg2MWCp8tDEylLlPQ=/640x320/smart/filters:quality(75):strip_icc()/kly-media-production/thumbnails/5468334/original/031905100_1767947396-sequence-01-14d56d.jpg","https://enamplus.liputan6.com/news/read/6254114/depan-panglima-tni-menggelegar-perintah-prabowo-sampai-tonjok-podium-harap-muncul-terhormat","69","true","true","true","2026-01-10T03:28:16.125188+00:00","","https://www.liputan6.com/"
"Syifa Hanifah","lupa, tangan, 2025, pelanggaran, didit, bilang, bicara, kode, sea, thailand, istana, games, wahid, thohir, penghargaan, yenny, prabowo","id","Presiden Prabowo Subianto memberikan penghargaan kepada sejumlah atlet berprestasi di Sea Games 2025 Thailand.","2025-09-27T09:45:04+07:00","Kode Tangan Didit Bicara ke Prabowo saat Bilang 'Pelanggaran' Nama Anak Presiden Lupa DisebutNews 19 jam yang laluPresiden Prabowo Subianto memberikan penghargaan kepada sejumlah atlet berprestasi di Sea Games 2025 Thailand.
Penghargaan dihadiri langsung Menteri Pemuda dan Olah Raga Erick Thohir di Istana, Kamis, 8 Januari 2026.
Momen menarik ketika Prabowo terkejut lantaran tidak diinfokan sosok Yenny Wahid, putri Presiden Almarhum Gus Dur juga hadir di Istana.
Yenny datang sebagai Ketua Federasi Panjat Tebing dan berhasil memboyong delapan medali di Sea Games 2025 Thailand.","Kode Tangan Didit Bicara ke Prabowo saat Bilang 'Pelanggaran' Nama Anak Presiden Lupa Disebut

News 19 jam yang lalu

Presiden Prabowo Subianto memberikan penghargaan kepada sejumlah atlet berprestasi di Sea Games 2025 Thailand. Penghargaan dihadiri langsung Menteri Pemuda dan Olah Raga Erick Thohir di Istana, Kamis, 8 Januari 2026. Momen menarik ketika Prabowo terkejut lantaran tidak diinfokan sosok Yenny Wahid, putri Presiden Almarhum Gus Dur juga hadir di Istana. Yenny datang sebagai Ketua Federasi Panjat Tebing dan berhasil memboyong delapan medali di Sea Games 2025 Thailand.","Kode Tangan Didit Bicara ke Prabowo saat Bilang 'Pelanggaran' Nama Anak Presiden Lupa Disebut","https://cdn1-production-images-kly.akamaized.net/7idwhuM0hx0KBTk1aZfC8xtiKds=/1280x720/smart/filters:quality(75):strip_icc()/kly-media-production/thumbnails/5468327/original/086577600_1767947173-kode-didit-ke-prabowo-1c945e.jpg","https://enamplus.liputan6.com/news/read/6254105/kode-tangan-didit-bicara-ke-prabowo-saat-bilang-pelanggaran-nama-anak-presiden-lupa-disebut","86","true","true","true","2026-01-10T03:28:15.445696+00:00","","https://www.liputan6.com/"
"Bayu Kurniawan Santoso","2025, upah, ingatkan, sea, games, saudara, thailand, penghargaan, kasih, atlet, prabowo","id","Presiden Prabowo Subianto memberi pesan khusus kepada atlet peraih medali SEA Games 2025 Thailand di Istana Negara. Bonus disebut sebagai penghargaan negara dan diminta jadi tabungan masa depan, bukan dihabiskan. Pesan penuh makna untuk atlet Indonesia.","2025-09-27T09:45:04+07:00","Prabowo Ingatkan Atlet SEA Games 2025: Ini Penghargaan Negara, Bukan Upah!
Bola 19 jam yang laluPresiden Republik Indonesia, Prabowo Subianto, menyampaikan pesan khusus kepada atlet peraih medali SEA Games 2025 Thailand saat acara pemberian penghargaan di Istana Negara, Kamis (8/1/2026).
Prabowo menegaskan bahwa bonus yang diberikan pemerintah bukanlah bentuk upah, melainkan penghargaan negara atas pengorbanan besar yang telah dilakukan para atlet dalam mengharumkan nama Indonesia.
Ini adalah penghargaan karena untuk mencapai tingkat seperti ini, saudara mengorbankan waktu dan tenaga,"" ujar Prabowo dalam pidatonya.
Kontingen Indonesia sendiri tampil impresif pada SEA Games 2025 Thailand dengan menempati posisi kedua klasemen akhir.","Prabowo Ingatkan Atlet SEA Games 2025: Ini Penghargaan Negara, Bukan Upah!

Bola 19 jam yang lalu

Presiden Republik Indonesia, Prabowo Subianto, menyampaikan pesan khusus kepada atlet peraih medali SEA Games 2025 Thailand saat acara pemberian penghargaan di Istana Negara, Kamis (8/1/2026). Prabowo menegaskan bahwa bonus yang diberikan pemerintah bukanlah bentuk upah, melainkan penghargaan negara atas pengorbanan besar yang telah dilakukan para atlet dalam mengharumkan nama Indonesia. ""Bukan kita seolah-olah membayar upah. Tidak. Ini adalah penghargaan karena untuk mencapai tingkat seperti ini, saudara mengorbankan waktu dan tenaga,"" ujar Prabowo dalam pidatonya. Menurutnya, jalan hidup sebagai atlet bukan pilihan yang mudah. Banyak hal yang harus dikorbankan, mulai dari waktu bersama keluarga hingga kenyamanan hidup, demi prestasi di level tertinggi. ""Mungkin saudara bisa hidup lebih santai, tetapi saudara memilih latihan dan perjuangan. Ini penghargaan atas keringat dan jerih payah itu. Menjadi atlet membutuhkan mental yang khusus,"" lanjutnya. Prabowo juga menyoroti pentingnya kekuatan mental bagi atlet yang tampil di ajang internasional. Ia menilai tidak semua orang memiliki daya juang dan ketahanan psikologis untuk bertanding membawa nama bangsa. ""Menjadi atlet yang dipilih tampil di tingkat internasional itu mentalnya lebih khusus lagi. Tanpa semangat juang, tidak mungkin bisa sampai ke level tersebut,"" kata Prabowo. Dalam kesempatan itu, Prabowo mengingatkan seluruh pemangku kepentingan olahraga agar tidak berhenti pada ucapan terima kasih semata. Ia menekankan bahwa penghormatan kepada atlet harus diwujudkan secara nyata. ""Jangan hanya berterima kasih. Mudah mengucapkan terima kasih, tapi yang penting adalah benar-benar menghargai jerih payah para atlet,"" tegasnya. Presiden juga menitipkan pesan agar bonus yang diterima dimanfaatkan secara bijak sebagai bekal masa depan, baik untuk diri sendiri maupun keluarga. ""Saya titip, gunakan untuk hal-hal yang baik. Jangan dipakai untuk hal yang tidak positif. Tabung untuk masa depan, untuk orang tua, dan untuk diri saudara sendiri,"" ujarnya. Kontingen Indonesia sendiri tampil impresif pada SEA Games 2025 Thailand dengan menempati posisi kedua klasemen akhir. Tim Merah Putih mengoleksi total 91 medali emas, 112 perak, dan 130 perunggu, melampaui target yang telah ditetapkan. Prestasi tersebut sekaligus menegaskan konsistensi Indonesia sebagai salah satu kekuatan utama olahraga di kawasan Asia Tenggara.","Prabowo Ingatkan Atlet SEA Games 2025: Ini Penghargaan Negara, Bukan Upah!","https://cdn1-production-images-kly.akamaized.net/kmFzZLhoPsTYZsyW5buegbh5TpY=/1280x720/smart/filters:quality(75):strip_icc()/kly-media-production/thumbnails/5468315/original/015665100_1767946813-wejangan-wowo-35b426.jpg","https://enamplus.liputan6.com/bola/read/6254096/prabowo-ingatkan-atlet-sea-games-2025-ini-penghargaan-negara-bukan-upah","342","true","true","true","2026-01-10T03:28:17.350758+00:00","","https://www.liputan6.com/"
"Bayu Kurniawan Santoso","cair, bonus, rp1, sea, miliar, games, olahraga, peraih, perunggu, medali, serahkan, emas, atlet, prabowo, perak","id","Presiden Prabowo Subianto menyerahkan bonus atlet SEA Games 2025 di Istana Negara, Kamis (8/1/2026). Peraih emas tunggal diganjar Rp1 miliar. Total bonus Rp465,25 miliar untuk atlet dan pelatih Indonesia.","2025-09-27T09:45:04+07:00","Prabowo Serahkan Bonus Rp1 Miliar untuk Atlet Emas SEA Games 2025Bola 20 jam yang laluPemerintah Indonesia menunjukkan komitmen kuat dalam mengapresiasi prestasi olahraga nasional.
Presiden Prabowo Subianto secara langsung menyerahkan bonus kepada atlet peraih medali SEA Games 2025 Thailand dalam sebuah seremoni di Istana Negara, Kamis (8/1/2026).
Dalam kesempatan tersebut, atlet yang meraih medali emas nomor individu menerima bonus sebesar Rp1 miliar.
Selain peraih emas, pemerintah juga memberikan apresiasi kepada atlet peraih medali lainnya.
Atlet peraih perak individu mendapatkan bonus Rp315 juta, sementara peraih perunggu individu menerima Rp157 juta.","Cair! Prabowo Serahkan Bonus Rp1 Miliar untuk Atlet Emas SEA Games 2025

Bola 20 jam yang lalu

Pemerintah Indonesia menunjukkan komitmen kuat dalam mengapresiasi prestasi olahraga nasional. Presiden Prabowo Subianto secara langsung menyerahkan bonus kepada atlet peraih medali SEA Games 2025 Thailand dalam sebuah seremoni di Istana Negara, Kamis (8/1/2026). Dalam kesempatan tersebut, atlet yang meraih medali emas nomor individu menerima bonus sebesar Rp1 miliar. Nilai tersebut menjadi bonus tertinggi yang pernah diberikan pemerintah Indonesia kepada atlet dalam ajang multievent internasional. Menteri Pemuda dan Olahraga, Erick Thohir, mengungkapkan bahwa kontingen Indonesia berhasil mengoleksi total 91 medali emas, 111 perak, dan 131 perunggu pada SEA Games ke-33. Capaian tersebut melampaui target awal dan menegaskan konsistensi Indonesia sebagai kekuatan olahraga Asia Tenggara. Selain peraih emas, pemerintah juga memberikan apresiasi kepada atlet peraih medali lainnya. Atlet peraih perak individu mendapatkan bonus Rp315 juta, sementara peraih perunggu individu menerima Rp157 juta. Untuk nomor beregu, atlet peraih emas memperoleh Rp500 juta per orang. Sementara itu, peraih perak beregu menerima Rp220.500.000 per atlet dan peraih perunggu beregu diganjar Rp110.250.000 per orang. Erick Thohir menjelaskan bahwa total anggaran bonus yang disiapkan pemerintah untuk atlet dan pelatih mencapai Rp465.250.000.000. Seluruh bonus tersebut telah disalurkan melalui Bank BRI sebagai bagian dari sistem pembayaran yang transparan dan akuntabel. Dalam acara penyerahan simbolis tersebut, Presiden Prabowo didampingi sejumlah tokoh penting. Hadir antara lain putra Presiden, Didit Hediprasetyo, Ketua Umum Federasi Panjat Tebing Indonesia Yenny Wahid, jajaran menteri kabinet, Panglima TNI Jenderal Agus Subiyanto, serta Kapolri Jenderal Listyo Sigit Prabowo. Pemberian bonus ini diharapkan menjadi pemantik semangat bagi atlet nasional untuk terus berprestasi di level regional maupun internasional, sekaligus memperkuat ekosistem olahraga Indonesia yang berkelanjutan.","Cair! Prabowo Serahkan Bonus Rp1 Miliar untuk Atlet Emas SEA Games 2025","https://cdn0-production-images-kly.akamaized.net/QpQOUbSsx3H7nOlh-GS-KBP_lOU=/640x320/smart/filters:quality(75):strip_icc()/kly-media-production/thumbnails/5468227/original/023869100_1767944816-apresiasi-1m-be244d.jpg","https://enamplus.liputan6.com/bola/read/6254045/cair-prabowo-serahkan-bonus-rp1-miliar-untuk-atlet-emas-sea-games-2025","273","true","true","true","2026-01-10T03:28:17.232511+00:00","","https://www.liputan6.com/"
"Devira Prastiwi, Diterbitkan Januari, Tim Redaksi","ingatkan, diprediksi, 10, hujan, berawan, petir, tanjung, intan, intensitas, disertai, 2026, potensi, bmkg, ringan","id","Badan Meteorologi, Klimatologi, dan Geofisika (BMKG) mengingatkan terdapat potensi hujan di sejumlah kota besar Indonesia, mulai dari intensitas ringan hingga disertai petir saat akhir pekan hari ini, Sabtu (10/1/2026).","2026-01-10T08:45:05+07:00","""Potensi hujan ringan di sebagian besar Sumatera, Jawa dan Kalimantan,"" tutur Intan dalam prakiraan cuaca daring diikuti dari Jakarta, melansir Antara, Sabtu (10/1/2026).
AdvertisementTerdapat juga, lanjut dia, potensi hujan disertai petir yang harus diwaspadai warga di Bengkulu, Jambi dan Pangkalpinang.
Khusus di Pulau Jawa, dia mengingatkan terdapat potensi hujan ringan di Serang, Jakarta, Yogyakarta, Bandung serta hujan petir di Semarang dan Surabaya.
""Di Kalimantan, terdapat potensi hujan ringan di Tanjung Selor, Palangka Raya dan Banjarmasin serta hujan petir di Pontianak dan Samarinda,"" ucap Intan.
Dengan potensi hujan ringan turun di wilayah Mamuju, Kendari dan Makassar.","Liputan6.com, Jakarta - Badan Meteorologi, Klimatologi, dan Geofisika (BMKG) mengingatkan terdapat potensi hujan di sejumlah kota besar Indonesia, mulai dari intensitas ringan hingga disertai petir saat akhir pekan hari ini, Sabtu (10/1/2026).

Prakirawan BMKG Maharani Intan menjelaskan, di wilayah Sumatera sejumlah kota diprediksi mengalami cuaca berawan, yaitu Banda Aceh dan Tanjung Pinang serta hujan ringan di Medan, Pekanbaru, Padang, Palembang, dan Bandar Lampung.

""Potensi hujan ringan di sebagian besar Sumatera, Jawa dan Kalimantan,"" tutur Intan dalam prakiraan cuaca daring diikuti dari Jakarta, melansir Antara, Sabtu (10/1/2026).

Advertisement

Terdapat juga, lanjut dia, potensi hujan disertai petir yang harus diwaspadai warga di Bengkulu, Jambi dan Pangkalpinang.

Khusus di Pulau Jawa, dia mengingatkan terdapat potensi hujan ringan di Serang, Jakarta, Yogyakarta, Bandung serta hujan petir di Semarang dan Surabaya.

""Di Kalimantan, terdapat potensi hujan ringan di Tanjung Selor, Palangka Raya dan Banjarmasin serta hujan petir di Pontianak dan Samarinda,"" ucap Intan.

Sementara itu, lanjut dia, kota besar di wilayah Bali dan Nusa Tenggara diprediksi mengalami hujan mulai dari hujan ringan di Denpasar serta hujan intensitas sedang di Kupang dan Mataram.

Intan menjelaskan di wilayah Sulawesi, Kota Manado dan Gorontalo diprediksi BMKG mengalami kondisi cerah berawan dan berawan tebal serta udara kabur di Palu. Dengan potensi hujan ringan turun di wilayah Mamuju, Kendari dan Makassar.

""Di Indonesia bagian timur, Ambon dan Manokwari BMKG memprakirakan berawan, serta hujan intensitas ringan di Ternate, Sorong, Nabire, Jayapura, Jayawijaya, dan Merauke,"" tutup Intan.","BMKG Ingatkan Potensi Hujan Ringan Disertai Petir Saat Akhir Pekan Sabtu 10 Januari 2026","https://cdn0-production-images-kly.akamaized.net/HWIxGChZMUq2LsLlAYRyohSs4dQ=/1200x675/smart/filters:quality(75):strip_icc():format(jpeg)/kly-media-production/medias/3619537/original/047430600_1635758364-20211101-Cuaca_Ekstrem__BMKG_Keluarkan_Peringatan-6.JPG","https://www.liputan6.com/news/read/6254473/bmkg-ingatkan-potensi-hujan-ringan-disertai-petir-saat-akhir-pekan-sabtu-10-januari-2026","235","true","true","true","2026-01-10T03:28:18.434569+00:00","","https://www.liputan6.com/"
"Tim News, Diterbitkan Januari, Devira Prastiwi, Tim Redaksi","bencana, bailey, menghubungkan, sumatera, bnpb, jembatanjembatan, jalanjalan, hubungkan, jembatan, akses, terputus, dikebut, meter, 270","id","Kepala Pusat Data, Informasi, dan Komunikasi Kebencanaan BNPB Abdul Muhari menyebut, pemasangan 270 unit jembatan darurat bailey untuk tiga provinsi terdampak bencana di Aceh, Sumatera Utara (Sumut), dan Sumatera Barat (Sumbar) dikebut.","2026-01-10T07:35:03+07:00","Liputan6.com, Jakarta - Pemasangan 270 unit jembatan darurat bailey untuk tiga provinsi terdampak bencana di Aceh, Sumatera Utara (Sumut), dan Sumatera Barat (Sumbar) dikebut pemerintah.
Jembatan tersebut tidak hanya menghubungkan akses di jalan-jalan nasional, tetapi juga menghubungkan masyarakat ke jalan kabupaten hingga desa.
Advertisement""Untuk jembatan bailey, ini total akan dipasang 270 unit di tiga provinsi secara keseluruhan.
Dia juga memaparkan beberapa jembatan bailey yang sudah rampung dan sudah digunakan.
Salah satunya jembatan bailey Beutong Ateuh Banggalang, di Kabupaten Nagan Raya, Aceh.","Liputan6.com, Jakarta - Pemasangan 270 unit jembatan darurat bailey untuk tiga provinsi terdampak bencana di Aceh, Sumatera Utara (Sumut), dan Sumatera Barat (Sumbar) dikebut pemerintah.

Jembatan tersebut tidak hanya menghubungkan akses di jalan-jalan nasional, tetapi juga menghubungkan masyarakat ke jalan kabupaten hingga desa.

Hal tersebut disampaikan Kepala Pusat Data, Informasi, dan Komunikasi Kebencanaan Badan Nasional Penanggulangan Bencana (BNPB) Abdul Muhari (Aam) dalam konferensi pers yang digelar di Jakarta pada Jumat 9 Januari 2026.

Advertisement

""Untuk jembatan bailey, ini total akan dipasang 270 unit di tiga provinsi secara keseluruhan. Memang akan terus berproses pemasangannya. Jadi, tidak hanya akan menghubungkan jalan-jalan utama atau jalan nasional, tetapi juga masuk ke jalan-jalan kabupaten, jalan kecamatan, hingga jalan desa,"" ujar Aam.

Dia mengatakan jembatan-jembatan yang terputus akibat banjir nantinya akan terhubung oleh jembatan bailey. Agar masyarakat bise secepatnya bisa melakukan mobilitas antardaerah.

""Jadi, hampir semua nanti jembatan-jembatan yang saat ini terputus, kita akan koneksikan kembali dengan menggunakan jembatan bailey,"" kata Aam.

Dia juga memaparkan beberapa jembatan bailey yang sudah rampung dan sudah digunakan. Salah satunya jembatan bailey Beutong Ateuh Banggalang, di Kabupaten Nagan Raya, Aceh.

Jembatan ini telah diuji coba dan dilewati oleh masyarakat. Jembatan ini memiliki panjang 30 meter, lebar 4,2 meter, dan kapasitas beban maksimal 18 ton.

""Jembatan ini sudah diresmikan dan dibuka untuk umum serta diap mendukung pemulihan akses transportasi utama antarwilayah,"" terang Aam.","BNPB: Pembangunan 270 Jembatan Bailey Dikebut, Hubungkan Jalan Nasional hingga Desa","https://cdn0-production-images-kly.akamaized.net/VLxqX9WOnNoN4pq-L8P5Ga5CgG0=/1200x675/smart/filters:quality(75):strip_icc():format(jpeg)/kly-media-production/medias/5459973/original/019317500_1767184350-22009.jpg","https://www.liputan6.com/news/read/6254463/bnpb-pembangunan-270-jembatan-bailey-dikebut-hubungkan-jalan-nasional-hingga-desa","222","true","true","true","2026-01-10T03:28:18.246326+00:00","","https://www.liputan6.com/"
"Arief Rahman H, Diterbitkan Januari, Arthur Gideon, Tim Redaksi","persib, mahal, bri, miliar, persija, bandung, rp, super, vs, laga, klub, skuad, jelang","id","Persib vs Persija: Duel perebutan takhta klasemen sekaligus adu gengsi dua skuad termahal di Indonesia. Siapa yang lebih unggul di lapangan? Baca selengkapnya!","2026-01-10T09:00:54+07:00","Liputan6.com, Jakarta - BRI Super League akan menampilkan laga megah El Clasico antara Persib Bandung lawan Persija Jakarta.
Menjelang laga Persib vs Persija, mana sebetulnya klub dengan nilai pasar paling tinggi?
AdvertisementMengutip Transfermarkt, Sabtu (11/1/2026), nilai skuad Persib Bandung per 1 Januari 2026 cukup mentereng.
Menjadikan Maung Bandung masuk dalam jajaran klub paling mahal di ajang BRI Super League.
Skuad Macan Kemayoran menjadi klub yang termahal kedua di BRI Super League.","Liputan6.com, Jakarta - BRI Super League akan menampilkan laga megah El Clasico antara Persib Bandung lawan Persija Jakarta. Ini menjadi salah satu laga yang paling dinanti mengingat panjangnya rivalitas selama ini. Selain itu, pemenang laga ini akan menduduki puncak klasemen.

Pertandingan kedua rival abadi itu akan berlangsung 11 Januari 2026 di Stadion Gelora Bandung Lautan Api (GBLA), Bandung, Jawa Barat, pukul 15.30 WIB.

Menjelang laga Persib vs Persija, mana sebetulnya klub dengan nilai pasar paling tinggi?

Advertisement

Mengutip Transfermarkt, Sabtu (11/1/2026), nilai skuad Persib Bandung per 1 Januari 2026 cukup mentereng. Total nilai pasar skuad ini mencapai Rp 134,01 miliar. Menjadikan Maung Bandung masuk dalam jajaran klub paling mahal di ajang BRI Super League.

Sementara itu, Persija Jakarta punya nilai pasar Rp 114,28 miliar. Skuad Macan Kemayoran menjadi klub yang termahal kedua di BRI Super League. Selisih nilai pasar dua klub itu hanya sekitar Rp 20 miliar.","Jelang Persib vs Persija: Siapa Klub Paling Mahal?","https://cdn1-production-images-kly.akamaized.net/-NOFwqASUDtFnlJoapGHUTV78Lc=/1200x675/smart/filters:quality(75):strip_icc():format(jpeg)/kly-media-production/medias/5261424/original/075415200_1750668233-library_upload_21_2025_02_645x430_persib-1_9991aa9.jpg","https://www.liputan6.com/bisnis/read/6254470/jelang-persib-vs-persija-siapa-klub-paling-mahal","147","true","true","true","2026-01-10T03:28:18.512983+00:00","","https://www.liputan6.com/"
"Arthur Gideon, Diterbitkan Januari, Tim Redaksi","wti, west, iran, kekhawatiran, gangguan, pasokan, venezuela, menguat, potensi, pengendalian, usd, brent, ekspor","id","Harga minyak menguat seiring kekhawatiran gangguan pasokan dari Iran dan ketidakpastian ekspor minyak Venezuela.","2026-01-10T08:30:44+07:00","Liputan6.com, Jakarta - Harga minyak dunia menguat pada perdagangan Jumat, didorong kekhawatiran potensi gangguan produksi Iran serta ketidakpastian pasokan dari Venezuela.
Sementara itu, minyak mentah West Texas Intermediate (WTI) AS menguat USD 1,48 atau 2,56% menjadi USD 59,24 per barel.
Secara mingguan, Brent berpeluang naik sekitar 2,8%, sementara WTI menguat 1,5%.
Advertisement“Aksi protes di Iran tampaknya semakin menguat, sehingga memicu kekhawatiran pasar terhadap potensi gangguan pasokan,” ujar Head of Commodity Analysis Saxo Bank Ole Hansen.
Gejolak sipil di Iran, salah satu produsen minyak utama di Timur Tengah, serta kekhawatiran meluasnya dampak perang Rusia-Ukraina terhadap ekspor minyak Rusia, turut meningkatkan kekhawatiran pasar akan pasokan global.","Liputan6.com, Jakarta - Harga minyak dunia menguat pada perdagangan Jumat, didorong kekhawatiran potensi gangguan produksi Iran serta ketidakpastian pasokan dari Venezuela. Pelaku pasar mencermati perkembangan geopolitik yang dinilai berisiko terhadap pasokan global.

Dikutip dari CNBC, Sabtu (10/1/2026), harga minyak Brent naik USD 1,45 atau 2,34% ke level USD 63,44 per barel pada pukul 13.28 waktu setempat. Sementara itu, minyak mentah West Texas Intermediate (WTI) AS menguat USD 1,48 atau 2,56% menjadi USD 59,24 per barel.

Kedua acuan harga minyak tersebut juga mencatatkan kenaikan lebih dari 3% pada perdagangan Kamis, setelah sebelumnya melemah dua hari berturut-turut. Secara mingguan, Brent berpeluang naik sekitar 2,8%, sementara WTI menguat 1,5%.

Advertisement

“Aksi protes di Iran tampaknya semakin menguat, sehingga memicu kekhawatiran pasar terhadap potensi gangguan pasokan,” ujar Head of Commodity Analysis Saxo Bank Ole Hansen.

Gejolak sipil di Iran, salah satu produsen minyak utama di Timur Tengah, serta kekhawatiran meluasnya dampak perang Rusia-Ukraina terhadap ekspor minyak Rusia, turut meningkatkan kekhawatiran pasar akan pasokan global.","Harga Minyak Dunia Menguat di Tengah Pengendalian Ekspor Venezuela oleh AS","https://cdn0-production-images-kly.akamaized.net/lHHekuI3RSKBzGDFFLtVO4RIv_s=/1200x675/smart/filters:quality(75):strip_icc():format(jpeg)/kly-media-production/medias/4723197/original/079083300_1705922196-fotor-ai-20240122181351.jpg","https://www.liputan6.com/bisnis/read/6254468/harga-minyak-dunia-menguat-di-tengah-pengendalian-ekspor-venezuela-oleh-as","160","true","true","true","2026-01-10T03:28:21.032589+00:00","","https://www.liputan6.com/"
"","persib, rudal, ground, geruduk, 13, dukungan, kyiv, tewas, lukaluka, drone, ukraina, persija, wali, training, bandung, jakmania, vitali, lawan, rusia, jelang","id","Pendukung Persija Jakarta atau The Jakmania hadir langsung memenuhi Persija Training Ground, Bojong Sari, Depok, Jawa Barat, Jumat (9/1/2026). Mereka hadir untuk memberikan dukungan penuh kepada Persija Jakarta jelang lawan Persib Bandung. Suporter fanatik klub kota Jakarta itu meminta skuad Macan Kemayoran mampu mengalahkan Maung Bandung di laga lanjutan BRI Super League. Kehadiran Jakmania di Training Ground Persija tersebut sebagai bentuk motivasi dan tradisi yang sudah dilakukan sejak beberapa musim terakhir jika akan berhadapan dengan Persib. Sekadar informasi, laga kedua tim akan berlangsung di di Stadion Gelora Bandung Lautan Api (GBLA), pada Minggu 11 Januari 2025 pukul 15.30 WIB. Selain adu gengsi, laga antara Persija Jakarta dan Persib Bandung kali ini akan menentukan siapa yang duduk di puncak klasemen tengah musim BRI Super League musim 2025/2026. Untuk diketahui, saat ini kedua tim sama-sama memiliki 35 poin dari 16 pertandingan. Persija Jakarta dan Persib Bandung sama-sama berpeluang menggusur posisi Borneo FC dari puncak klasemen jika salah satu tim berhasil meraih poin penuh.","2026-01-09T20:55:00+07:00","Stasiun metro bawah tanah di Kyiv menjadi solusi utama para warga setempat untuk berlindung dari serangan drone dan rudal Rusia.
Diketahui, militer Rusia kembali membombardir ibu kota Ukraina, Kyiv.
Sedikitnya, tiga orang dinyatakan tewas dan 13 lainnya luka-luka menjadi korban serangan udara Rusia.
Hal tersebut ditegaskan, Wali Kota Kyiv, Vitali Klitschko, seperti dilansir kantor berita AFP, Jumat (9/1/2026), yang mengatakan serangan tersebut memicu kebakaran dan merusak gedung-gedung apartemen, dengan tiga orang tewas dan 13 lainnya luka-luka.
Upaya pertahanan udara Ukraina terus diaktifkan untuk menghalau serangan gabungan antara drone dan berbagai jenis rudal jelajah Rusia.","Stasiun metro bawah tanah di Kyiv menjadi solusi utama para warga setempat untuk berlindung dari serangan drone dan rudal Rusia. Stasiun ini menjadi tempat yang dirasa paling aman untuk warga Kyiv beristirahat. Diketahui, militer Rusia kembali membombardir ibu kota Ukraina, Kyiv. Sedikitnya, tiga orang dinyatakan tewas dan 13 lainnya luka-luka menjadi korban serangan udara Rusia. Hal tersebut ditegaskan, Wali Kota Kyiv, Vitali Klitschko, seperti dilansir kantor berita AFP, Jumat (9/1/2026), yang mengatakan serangan tersebut memicu kebakaran dan merusak gedung-gedung apartemen, dengan tiga orang tewas dan 13 lainnya luka-luka. Otoritas setempat mendesak warga untuk tetap berada di dalam tempat perlindungan sampai sirene serangan udara berhenti berbunyi. Angkatan udara Ukraina juga telah mengeluarkan peringatan rudal di seluruh negeri. Upaya pertahanan udara Ukraina terus diaktifkan untuk menghalau serangan gabungan antara drone dan berbagai jenis rudal jelajah Rusia.","Beri Dukungan Jelang Lawan Persib Bandung, The Jakmania Geruduk Persija Training Ground","https://cdn0-production-images-kly.akamaized.net/noVEKWyraTTe9EJtO_vcdDsynRw=/1200x675/smart/filters:quality(75):strip_icc():format(jpeg)/kly-media-production/medias/5468659/original/000968100_1767966761-The_Jakmania_Persija-14.jpg","https://www.liputan6.com/photo/read/6254353/beri-dukungan-jelang-lawan-persib-bandung-the-jakmania-geruduk-persija-training-ground","134","true","true","true","2026-01-10T03:28:20.496067+00:00","","https://www.liputan6.com/"
"","rudal, 13, sanggup, tunjukkan, kyiv, tewas, layani, puskesmas, lukaluka, drone, ukraina, pelayanan, kebayoran, wali, standar, 700, rsud, pasien, vitali, rusia","id","Pelayanan kesehatan di Puskesmas Kebayoran Lama, sempat menarik perhatian Gubernur DKI Jakarta, Pramono Anung. Dengan 41 dokter umum dan 14 dokter gigi yang dibantu sejumlah tenaga medis, Puskesmas Kebayoran Lama mampu melayani rata-rata 600 hingga 700 pasien per hari. Terdapat 15 pelayanan medis yang diberikan, termasuk untuk dewasa, lansia, anak, ibu, bersalin, layanan 24 jam, serta pengendalian penyakit. Kelengkapan fasilitas dan kualitas layanan di Puskesmas Kebayoran Lama mendapat perhatian khusus saat Gubernur DKI Jakarta Pramono Anung melakukan kunjungan. Ia menilai puskesmas tersebut telah memiliki sarana dan prasarana yang sangat memadai, bahkan mendekati standar rumah sakit umum daerah di sejumlah kota. Secara keseluruhan, Pemerintah Provinsi DKI Jakarta saat ini mengelola 44 puskesmas, 267 puskesmas pembantu, dan 31 rumah sakit. Sebagian besar fasilitas kesehatan tersebut melayani peserta BPJS Kesehatan sebagai bagian dari upaya memperluas akses layanan kesehatan bagi masyarakat.","2026-01-09T20:25:00+07:00","Stasiun metro bawah tanah di Kyiv menjadi solusi utama para warga setempat untuk berlindung dari serangan drone dan rudal Rusia.
Diketahui, militer Rusia kembali membombardir ibu kota Ukraina, Kyiv.
Sedikitnya, tiga orang dinyatakan tewas dan 13 lainnya luka-luka menjadi korban serangan udara Rusia.
Hal tersebut ditegaskan, Wali Kota Kyiv, Vitali Klitschko, seperti dilansir kantor berita AFP, Jumat (9/1/2026), yang mengatakan serangan tersebut memicu kebakaran dan merusak gedung-gedung apartemen, dengan tiga orang tewas dan 13 lainnya luka-luka.
Upaya pertahanan udara Ukraina terus diaktifkan untuk menghalau serangan gabungan antara drone dan berbagai jenis rudal jelajah Rusia.","Stasiun metro bawah tanah di Kyiv menjadi solusi utama para warga setempat untuk berlindung dari serangan drone dan rudal Rusia. Stasiun ini menjadi tempat yang dirasa paling aman untuk warga Kyiv beristirahat. Diketahui, militer Rusia kembali membombardir ibu kota Ukraina, Kyiv. Sedikitnya, tiga orang dinyatakan tewas dan 13 lainnya luka-luka menjadi korban serangan udara Rusia. Hal tersebut ditegaskan, Wali Kota Kyiv, Vitali Klitschko, seperti dilansir kantor berita AFP, Jumat (9/1/2026), yang mengatakan serangan tersebut memicu kebakaran dan merusak gedung-gedung apartemen, dengan tiga orang tewas dan 13 lainnya luka-luka. Otoritas setempat mendesak warga untuk tetap berada di dalam tempat perlindungan sampai sirene serangan udara berhenti berbunyi. Angkatan udara Ukraina juga telah mengeluarkan peringatan rudal di seluruh negeri. Upaya pertahanan udara Ukraina terus diaktifkan untuk menghalau serangan gabungan antara drone dan berbagai jenis rudal jelajah Rusia.","Tunjukkan Pelayanan Standar RSUD, Puskesmas Kebayoran Lama Sanggup Layani 600 hingga 700 Pasien per Hari","https://cdn1-production-images-kly.akamaized.net/JZor-5FHgr6haA0algZPMeBkG-0=/1200x675/smart/filters:quality(75):strip_icc():format(jpeg)/kly-media-production/medias/5468640/original/049006500_1767964837-pus2.jpg","https://www.liputan6.com/photo/read/6254339/tunjukkan-pelayanan-standar-rsud-puskesmas-kebayoran-lama-sanggup-layani-600-hingga-700-pasien-per-hari","134","true","true","true","2026-01-10T03:28:20.731390+00:00","","https://www.liputan6.com/"
"","tergusur, rudal, persita, vitali, lukaluka, 13, drone, fc, rusia, ukraina, borneo, kalah, wali, tangerang, tewas, terancam, kyiv","id","Menjamu pemuncak klasemen BRI Super League 2025/2026, Borneo FC, Persita sukses meraih poin penuh. Bertanding di Stadion Indomilk Arena, Tangerang, Banten, Jumat (9/1/2026), Pendekar Cisadane unggul dua gol tanpa balas. Tampil di hadapan pendukung sendiri, Persita langsung tampil agresif. Persita unggul lebih awal lewat gol cepat pada menit ke-3 hasil sepakan keras Javlon Guseynov dari luar kotak penalti yang memanfaatkan umpan pendek Hokky Caraka. Unggul 1-0, Persita tidak mengendurkan serangan. Sementara, Borneo FC tampil lebih agresif untuk mengejar ketinggalan gol. Hingga babak pertama usai, skor tidak berubah, Persita unggul 1-0 atas Borneo FC. Di babak kedua, Borneo FC berupaya meningkatkan intensitas serangan untuk mengejar ketinggalan. Namun, pertahanan Persita tampil solid dan mampu melancarkan tekanan. Laskar Pendekar Cisadane justru mampu memperlebar keunggulan lewat eksekusi titik putih Andreij Aleksa sekaligus membawa Persita unggul 2-0 hingga laga tuntas. Hasil pertandingan ini tidak merubah posisi Borneo FC di puncak dengan perolehan 37 poin dari 17 laga. Sementara, Persita berada di peringkat 5 klasemen sementara setelah mengumpulkan 31 nilai dalam 17 pertandingan, dan telah mencatatkan empat kemenangan beruntun.","2026-01-09T19:55:00+07:00","Stasiun metro bawah tanah di Kyiv menjadi solusi utama para warga setempat untuk berlindung dari serangan drone dan rudal Rusia.
Diketahui, militer Rusia kembali membombardir ibu kota Ukraina, Kyiv.
Sedikitnya, tiga orang dinyatakan tewas dan 13 lainnya luka-luka menjadi korban serangan udara Rusia.
Hal tersebut ditegaskan, Wali Kota Kyiv, Vitali Klitschko, seperti dilansir kantor berita AFP, Jumat (9/1/2026), yang mengatakan serangan tersebut memicu kebakaran dan merusak gedung-gedung apartemen, dengan tiga orang tewas dan 13 lainnya luka-luka.
Upaya pertahanan udara Ukraina terus diaktifkan untuk menghalau serangan gabungan antara drone dan berbagai jenis rudal jelajah Rusia.","Stasiun metro bawah tanah di Kyiv menjadi solusi utama para warga setempat untuk berlindung dari serangan drone dan rudal Rusia. Stasiun ini menjadi tempat yang dirasa paling aman untuk warga Kyiv beristirahat. Diketahui, militer Rusia kembali membombardir ibu kota Ukraina, Kyiv. Sedikitnya, tiga orang dinyatakan tewas dan 13 lainnya luka-luka menjadi korban serangan udara Rusia. Hal tersebut ditegaskan, Wali Kota Kyiv, Vitali Klitschko, seperti dilansir kantor berita AFP, Jumat (9/1/2026), yang mengatakan serangan tersebut memicu kebakaran dan merusak gedung-gedung apartemen, dengan tiga orang tewas dan 13 lainnya luka-luka. Otoritas setempat mendesak warga untuk tetap berada di dalam tempat perlindungan sampai sirene serangan udara berhenti berbunyi. Angkatan udara Ukraina juga telah mengeluarkan peringatan rudal di seluruh negeri. Upaya pertahanan udara Ukraina terus diaktifkan untuk menghalau serangan gabungan antara drone dan berbagai jenis rudal jelajah Rusia.","Kalah dari Persita Tangerang, Posisi Borneo FC Terancam Tergusur","https://cdn0-production-images-kly.akamaized.net/zfxaMC61IwXjLmt_Xk5ECQx-uFc=/1200x675/smart/filters:quality(75):strip_icc():format(jpeg)/kly-media-production/medias/5468622/original/068181200_1767963209-1.jpg","https://www.liputan6.com/photo/read/6254331/kalah-dari-persita-tangerang-posisi-borneo-fc-terancam-tergusur","134","true","true","true","2026-01-10T03:28:20.825734+00:00","","https://www.liputan6.com/"
"Rinjani Nur Anisa, Diterbitkan Januari, Wayan Diananto, Tim Redaksi","via, 10, 0700, indosiar, saksikan, terduga, nyata, kisah, sensasi, rasakan, menikmatinya, ketegangan, sarat, liputan6com, streaming, tautan, ftv, live","id","Saksikan FTV Kisah Nyata Pagi di Indosiar, Sabtu 10 Januari Via Live Streaming Pukul 07.00 WIB","2026-01-10T06:15:00+07:00","Liputan6.com, Jakarta - Ikuti cerita yang sarat dengan kejutan tak terduga dalam FTV Kisah Nyata, hanya di Indosiar!
Tonton setiap hari mulai pukul 07.00 WIB dan rasakan ketegangan serta sensasi dari Kisah Nyata secara eksklusif di Indosiar.
Anda juga dapat menikmatinya secara daring melalui tautan ini.","Liputan6.com, Jakarta - Ikuti cerita yang sarat dengan kejutan tak terduga dalam FTV Kisah Nyata, hanya di Indosiar!

Tonton setiap hari mulai pukul 07.00 WIB dan rasakan ketegangan serta sensasi dari Kisah Nyata secara eksklusif di Indosiar.

Anda juga dapat menikmatinya secara daring melalui tautan ini.","Saksikan FTV Kisah Nyata Pagi di Indosiar, Sabtu 10 Januari Via Live Streaming Pukul 07.00 WIB","https://cdn1-production-images-kly.akamaized.net/SIjCMN_XEjywk7vrqQ1nDtZHyO8=/1200x675/smart/filters:quality(75):strip_icc():format(jpeg)/kly-media-production/medias/4829165/original/007723300_1715494441-Screenshot_2024-05-12_131307.jpg","https://www.liputan6.com/showbiz/read/6251067/saksikan-ftv-kisah-nyata-pagi-di-indosiar-sabtu-10-januari-via-live-streaming-pukul-0700-wib","46","true","true","true","2026-01-10T03:28:21.085612+00:00","","https://www.liputan6.com/"
"Achmad Yani Yustiawan, Diterbitkan Januari, Harley Ikhsan, Tim Redaksi","transfer, dinilai, wirtz, terpopulernamun, liverpool, caoimhin, brentford, relatif, sosok, penjualan, merugikan, 3, kelleher, top, singkat","id","Keputusan Liverpool melepas Caoimhin Kelleher masuk jajaran top 3 berita bola terpopuler Liputan6.com selama 24 jam terakhir.","2026-01-10T10:00:33+07:00","Liputan6.com, Jakarta - Liverpool dinilai salah dalam pembelian dan penjualan pemain.
Berita aktivitas transfer Liverpool ini masuk jajaran top 3 berita bola terpopuler.
Namun, di balik mewahnya transfer tersebut, keputusan melepas Caoimhin Kelleher justru dianggap sebagai blunder paling merugikan.
Liverpool menjual Kelleher ke Brentford dengan banderol hanya 12,5 juta pounds.
Kiper asal Republik Irlandia itu justru menjelma menjadi sosok krusial bagi Brentford, klub yang merekrutnya dengan harga relatif murah pada bursa transfer musim panas lalu.","Liputan6.com, Jakarta - Liverpool dinilai salah dalam pembelian dan penjualan pemain. The Reds dilaporkan menghamburkan dana sekitar 450 juta pounds untuk mendatangkan nama-nama mahal seperti Alexander Isak, Hugo Ekitike, hingga Florian Wirtz. Berita aktivitas transfer Liverpool ini masuk jajaran top 3 berita bola terpopuler.

Namun, di balik mewahnya transfer tersebut, keputusan melepas Caoimhin Kelleher justru dianggap sebagai blunder paling merugikan. Liverpool menjual Kelleher ke Brentford dengan banderol hanya 12,5 juta pounds.

Namun, dalam waktu singkat, penjaga gawang berusia 27 tahun tersebut langsung mencuri perhatian publik Liga Inggris. Kiper asal Republik Irlandia itu justru menjelma menjadi sosok krusial bagi Brentford, klub yang merekrutnya dengan harga relatif murah pada bursa transfer musim panas lalu.","Top 3 Berita Bola: Penjualan Caoimhin Kelleher ke Brentford Dinilai Merugikan Liverpool","https://cdn1-production-images-kly.akamaized.net/mJ2oE4YiokKNVD-uDhv6Qkqn_wM=/0x0:3350x1888/1200x675/filters:quality(75):strip_icc():format(jpeg)/kly-media-production/medias/5467498/original/004703900_1767906222-AP26008727774644.jpg","https://www.liputan6.com/bola/read/6254380/top-3-berita-bola-penjualan-caoimhin-kelleher-ke-brentford-dinilai-merugikan-liverpool","112","true","true","true","2026-01-10T03:28:23.989628+00:00","","https://www.liputan6.com/"
"Harley Ikhsan, Diterbitkan Januari, Tim Redaksi","umbar, persib, semangat, ridho, krusial, persija, bandung, haye, tersaji, super, rizky, suporter, vs, laga, stadion, antusias, thom","id","Antusiasme memuncak jelang laga akbar Persib vs Persija di BRI Super League.","2026-01-10T09:00:20+07:00","Liputan6.com, Jakarta - Pertandingan yang dinanti-nantikan antara Persib Bandung dan Persija Jakarta akan segera tersaji dalam lanjutan pekan ke-17 BRI Super League 2025/2026.
Laga Persib vs Persija bertajuk El Clasico Indonesia ini dijadwalkan berlangsung pada Minggu (11/1/2026) sore, pukul 15.30 WIB, di Stadion Gelora Bandung Lautan Api (GBLA), Bandung.
Baik Persib maupun Persija sama-sama berambisi meraih kemenangan demi mengamankan posisi terbaik di akhir putaran pertama musim ini.
Jelang laga krusial ini, persiapan intensif telah dilakukan oleh kedua belah pihak, diiringi dukungan penuh dari para suporter setia.
Atmosfer pertandingan telah terasa bahkan sebelum peluit kick-off dibunyikan, menandakan betapa pentingnya laga ini bagi kedua klub dan pendukungnya.","Liputan6.com, Jakarta - Pertandingan yang dinanti-nantikan antara Persib Bandung dan Persija Jakarta akan segera tersaji dalam lanjutan pekan ke-17 BRI Super League 2025/2026. Laga Persib vs Persija bertajuk El Clasico Indonesia ini dijadwalkan berlangsung pada Minggu (11/1/2026) sore, pukul 15.30 WIB, di Stadion Gelora Bandung Lautan Api (GBLA), Bandung.

Bentrokan dua tim raksasa sepak bola Tanah Air ini diprediksi akan berjalan sengit, mengingat rivalitas panjang serta posisi krusial kedua tim di papan atas klasemen sementara. Baik Persib maupun Persija sama-sama berambisi meraih kemenangan demi mengamankan posisi terbaik di akhir putaran pertama musim ini.

Jelang laga krusial ini, persiapan intensif telah dilakukan oleh kedua belah pihak, diiringi dukungan penuh dari para suporter setia. Atmosfer pertandingan telah terasa bahkan sebelum peluit kick-off dibunyikan, menandakan betapa pentingnya laga ini bagi kedua klub dan pendukungnya.","Persib vs Persija: Thom Haye Antusias, Rizky Ridho Umbar Semangat","https://cdn0-production-images-kly.akamaized.net/NoXtc4G1ET93mcxYRUi8dkLT0js=/1200x675/smart/filters:quality(75):strip_icc():format(jpeg)/kly-media-production/medias/5468666/original/079863700_1767966763-The_Jakmania_Persija-10.jpg","https://www.liputan6.com/bola/read/6254408/persib-vs-persija-thom-haye-antusias-rizky-ridho-umbar-semangat","131","true","true","true","2026-01-10T03:28:24.111856+00:00","","https://www.liputan6.com/"
"Diterbitkan Januari, Tim Redaksi","championship, debut, pembalap, 15, firhand, 4, wsk, formula, qarrar, 2026, juli, british, kompetisi","id","Qarrar Firhand akan menjalani debut di Formula 4 pada bulan Juli 2026. Pemuda 15 tahun itu akan tampil di British F4 2026.","2026-01-10T06:00:12+07:00","Liputan6.com, Jakarta - Pembalap muda Qarrar Firhand akan mengukir sejarah sebagai pembalap Indoensia pertama yang tampil di British Formula 4 Championship 2026.
Qarrar akan menjalani debut di kompetisi tersebut pada bulan Juli mendatang.
Di musim balap British Formula 4 Championship 2026, Qarrar total akan mengikuti tiga seri.
Baru pada musim 2027, Qarrar akan ikut penuh British Formula 4 Championship 2026 yang berjumlah 15 seri.
Selama ini pemuda 15 tahun tersebut berkompetisi di berbagai kompetisi gokart di Eropa seperti seperti WSK Series, FIA Euro Karting Championship, dan ROK Cup Italia.","Liputan6.com, Jakarta - Pembalap muda Qarrar Firhand akan mengukir sejarah sebagai pembalap Indoensia pertama yang tampil di British Formula 4 Championship 2026. Qarrar akan menjalani debut di kompetisi tersebut pada bulan Juli mendatang.

Di musim balap British Formula 4 Championship 2026, Qarrar total akan mengikuti tiga seri. Baru pada musim 2027, Qarrar akan ikut penuh British Formula 4 Championship 2026 yang berjumlah 15 seri.

Membalap di F4 membuat Qarrar naik kelas. Selama ini pemuda 15 tahun tersebut berkompetisi di berbagai kompetisi gokart di Eropa seperti seperti WSK Series, FIA Euro Karting Championship, dan ROK Cup Italia.","Pembalap Indonesia Qarrar Firhand Debut di Formula 4 Juli 2026","https://cdn0-production-images-kly.akamaized.net/tACpwO21QgmHgbyhqGVN-fKqWH8=/0x203:3999x2457/1200x675/filters:quality(75):strip_icc():format(jpeg)/kly-media-production/medias/5468723/original/046906700_1767993311-20260109_201744.jpg","https://www.liputan6.com/bola/read/6254437/pembalap-indonesia-qarrar-firhand-debut-di-formula-4-juli-2026","96","true","true","true","2026-01-10T03:28:24.152078+00:00","","https://www.liputan6.com/"
"Faqih Nur Iman, Diterbitkan Januari, Teddy Tri Setio Berty, Tim Redaksi","menempuh, 35, 1954, hilang, 10, boac, kecelakaan, roma, overseas, jatuh, tewas, mediterania, pencarian, dilaporkan","id","Apa penyebab dari pesawat tersebut jatuh di laut Mediterania?","2026-01-10T06:00:00+07:00","Liputan6.com, Roma Sebanyak 35 orang dilaporkan hilang dan dikhawatirkan tewas setelah pesawat jet Comet milik British Overseas Airways Corporation (BOAC) jatuh ke Laut Mediterania pada 10 Januari 1954.
Pesawat tersebut sedang menempuh penerbangan dari S- Sebanyak 35 orang dilaporkan hilang dan dikhawatirkan tewas setelah pesawat jet Comet milik British Overseas Airways Corporation (BOAC) jatuh ke Laut Mediterania pada 10 Januari 1954.
Pesawat tersebut sedang menempuh penerbangan dari Singapura menuju London dan mengalami kecelakaan sekitar 20 menit setelah lepas landas dari Roma, Italia, pada tahap akhir perjalanannya.
Di antara para penumpang pesawat terdapat 10 anak-anak yang tengah dalam perjalanan kembali ke Inggris untuk melanjutkan sekolah setelah liburan Natal.
Pesawat pencari milik Italia dikerahkan pada pukul 12.30, disusul tiga kapal yang tiba di lokasi puing-puing pesawat menjelang malam hari.","Liputan6.com, Roma Sebanyak 35 orang dilaporkan hilang dan dikhawatirkan tewas setelah pesawat jet Comet milik British Overseas Airways Corporation (BOAC) jatuh ke Laut Mediterania pada 10 Januari 1954. Pesawat tersebut sedang menempuh penerbangan dari S- Sebanyak 35 orang dilaporkan hilang dan dikhawatirkan tewas setelah pesawat jet Comet milik British Overseas Airways Corporation (BOAC) jatuh ke Laut Mediterania pada 10 Januari 1954. Pesawat tersebut sedang menempuh penerbangan dari Singapura menuju London dan mengalami kecelakaan sekitar 20 menit setelah lepas landas dari Roma, Italia, pada tahap akhir perjalanannya.

Menurut laporan BBC, Sabtu (10/1/2026), tim penyelamat menemukan dan mengevakuasi 15 jenazah dari lokasi kejadian. Hingga operasi pencarian berlangsung, pihak berwenang menyatakan belum ada korban yang berhasil diidentifikasi.

Di antara para penumpang pesawat terdapat 10 anak-anak yang tengah dalam perjalanan kembali ke Inggris untuk melanjutkan sekolah setelah liburan Natal. Selain itu, seorang koresponden Perang Dunia II, Chester Wilmot, juga tercatat berada dalam penerbangan tersebut.

Advertisement

Seorang nelayan setempat, Giovanni di Marco, mengaku menyaksikan langsung detik-detik kecelakaan. Ia mengatakan pesawat terlihat meledak di udara sebelum jatuh ke laut di wilayah selatan Pulau Elba.

“Saya mendengar tiga ledakan yang terjadi sangat cepat, satu demi satu. Setelah itu semuanya sunyi. Beberapa mil dari tempat saya berada, saya melihat benda berwarna perak keluar dari awan dengan asap mengepul, lalu menghantam laut,” ujar Giovanni.

Benturan pesawat dengan permukaan laut disebut menimbulkan kepulan air besar. Warga sekitar berupaya membantu mengumpulkan jenazah yang ditemukan, namun keterbatasan peralatan membuat upaya penyelamatan berjalan terbatas.

Alarm bahaya dilaporkan berbunyi pada pukul 11.15 waktu setempat. Pesawat pencari milik Italia dikerahkan pada pukul 12.30, disusul tiga kapal yang tiba di lokasi puing-puing pesawat menjelang malam hari. Polisi setempat menyatakan operasi pencarian dan penyelidikan penyebab kecelakaan masih terus dilakukan.","10 Januari 1954: Pesawat BOAC Jatuh di Laut Mediterania, 35 Orang Dilaporkan Hilang","https://cdn0-production-images-kly.akamaized.net/uDyiiKgeSUOnUizDUJ9Rqbk42zU=/1200x675/smart/filters:quality(75):strip_icc():format(jpeg)/kly-media-production/medias/5468399/original/022469000_1767949285-1767946584392.jpg","https://www.liputan6.com/global/read/6254146/10-januari-1954-pesawat-boac-jatuh-di-laut-mediterania-35-orang-dilaporkan-hilang","282","true","true","true","2026-01-10T03:28:24.038499+00:00","","https://www.liputan6.com/"
"Tim Global, Diterbitkan Januari, Nasrul Faiz, Tim Redaksi","trump, miliar, 4, pasokan, urusan, venezuela, trumpdi, bertahan, bergantung, kuba","id","Presiden Amerika Serikat (AS) Donald Trump mengklaim bahwa Kuba tidak akan mampu bertahan tanpa pasokan minyak dari Venezuela.","2026-01-09T20:30:47+07:00","Liputan6.com, Jakarta - Presiden Amerika Serikat (AS) Donald Trump mengklaim bahwa Kuba tidak akan mampu bertahan tanpa pasokan minyak dari Venezuela.
“Secara total, Kuba bergantung pada Venezuela, baik untuk uang maupun untuk minyak.
Kuba memberikan perlindungan kepada Venezuela, dan Venezuela memberikan uang kepada Kuba melalui minyak,” ujar Trump, seperti dilansir Antara dari Sputnik, Jumat (9/1/2026).
Trump juga menegaskan bahwa hubungan bilateral antara Kuba dan Venezuela kini telah berakhir menyusul operasi Amerika Serikat di Venezuela.
Advertisement“Tidak, Kuba sepenuhnya bergantung pada Venezuela, baik secara finansial maupun dalam hal minyak,” ujar Trump.","Liputan6.com, Jakarta - Presiden Amerika Serikat (AS) Donald Trump mengklaim bahwa Kuba tidak akan mampu bertahan tanpa pasokan minyak dari Venezuela. Menurutnya, Kuba sangat bergantung pada Venezuela, baik dalam urusan keuangan maupun pasokan minyak.

“Secara total, Kuba bergantung pada Venezuela, baik untuk uang maupun untuk minyak. Kuba memberikan perlindungan kepada Venezuela, dan Venezuela memberikan uang kepada Kuba melalui minyak,” ujar Trump, seperti dilansir Antara dari Sputnik, Jumat (9/1/2026).

Trump juga menegaskan bahwa hubungan bilateral antara Kuba dan Venezuela kini telah berakhir menyusul operasi Amerika Serikat di Venezuela. Hal itu disampaikannya ketika ditanya apakah Kuba dapat bertahan tanpa pasokan minyak dari negara tersebut.

Advertisement

“Tidak, Kuba sepenuhnya bergantung pada Venezuela, baik secara finansial maupun dalam hal minyak,” ujar Trump.

Di sisi lain, Trump menyebut Amerika Serikat menerima minyak Venezuela dengan nilai mencapai 4 miliar dolar AS atau sekitar Rp67,4 triliun dalam satu hari.

“Minyak yang kami ambil nilainya mencapai 4 miliar dolar AS dalam satu hari, dan jumlah itu akan meningkat. Kami akan membangunnya kembali, semua perusahaan minyak besar akan masuk, mereka akan memperoleh banyak keuntungan, dan Venezuela akan mendapatkan sebagian dari uang tersebut,” kata Trump.","Trump: Kuba Bergantung pada Venezuela, Baik untuk Uang Maupun Minyak","https://cdn1-production-images-kly.akamaized.net/SBZ43AfKAKFgO3rVc2yD7GcANmA=/1200x675/smart/filters:quality(75):strip_icc():format(jpeg)/kly-media-production/medias/5462767/original/005104700_1767588776-Untitled.jpg","https://www.liputan6.com/global/read/6254309/trump-kuba-bergantung-pada-venezuela-baik-untuk-uang-maupun-minyak","185","true","true","true","2026-01-10T03:28:23.709692+00:00","","https://www.liputan6.com/"
"Tim Global, Diterbitkan Januari, Wisnoe Moerti, Tim Redaksi","tulis, tangan, bencana, vance, universal, trump, dibebaskan, nasib, prediksi, tercela, medvedev, diamdiam, mandela, venezuela, rusia, maduro, tercatat","id","Ada dua skenario yang mungkin terjadi terhadap Maduro dalam waktu dekat. Pertama, Amerika Serikat secara diam-diam membebaskan presiden Venezuela yang diculik. Kedua, Maduro akan menjadi Mandela baru dari Amerika Latin.","2026-01-09T19:31:45+07:00","Liputan6.com, Jakarta - Wakil Ketua Dewan Keamanan Rusia Dmitry Medvedev memberi pernyataan tegas, Jumat (9/1/2026).
Aksi Amerika Serikat menangkap Presiden Venezuela Nicolas Maduro adalah bencana bagi hubungan internasional.
Tentu saja ini merupakan tindakan lancang dan tercela, atau jika diungkapkan secara lebih lugas, sebuah bencana universal dalam hubungan internasional,” tulis Medvedev melalui akun Telegram-nya.
Menurut Medvedev, Wakil Presiden Amerika Serikat JD Vance atau penerus Presiden AS Donald Trump pada akhirnya akan memberikan pengampunan kepada Maduro di bawah tekanan publik.
Dia juga menilai bahwa minyak menjadi faktor utama di balik tindakan Amerika Serikat di Venezuela, namun persoalan tersebut tidak akan mudah diselesaikan.","Liputan6.com, Jakarta - Wakil Ketua Dewan Keamanan Rusia Dmitry Medvedev memberi pernyataan tegas, Jumat (9/1/2026). Aksi Amerika Serikat menangkap Presiden Venezuela Nicolas Maduro adalah bencana bagi hubungan internasional.

“Tahun ini dimulai dengan penuh gejolak. Yang terutama akan dikenang dari awal tahun ini adalah penculikan Maduro. Tentu saja ini merupakan tindakan lancang dan tercela, atau jika diungkapkan secara lebih lugas, sebuah bencana universal dalam hubungan internasional,” tulis Medvedev melalui akun Telegram-nya. Dilansir Antara.

Dia melihat ada dua skenario yang mungkin terjadi terhadap Maduro dalam waktu dekat. Pertama, Amerika Serikat secara diam-diam membebaskan presiden Venezuela yang diculik.

Advertisement

“Dengan alasan yang masuk akal, meski kemungkinannya sangat kecil,"" kata Medvedev.

Kedua, Maduro akan menjadi Mandela baru dari Amerika Latin. ”Namanya kemudian akan tercatat dalam sejarah Amerika Selatan sejajar dengan Bolivar, Miranda, dan Chavez,” tambahnya.

Menurut Medvedev, Wakil Presiden Amerika Serikat JD Vance atau penerus Presiden AS Donald Trump pada akhirnya akan memberikan pengampunan kepada Maduro di bawah tekanan publik.

Dia juga menilai bahwa minyak menjadi faktor utama di balik tindakan Amerika Serikat di Venezuela, namun persoalan tersebut tidak akan mudah diselesaikan.","Rusia Prediksi Nasib Maduro di Tangan AS: Dibebaskan Diam-Diam atau Jadi Mandela Baru","https://cdn1-production-images-kly.akamaized.net/okF1G4agoZ7clasdZI95FbPmbZA=/1200x675/smart/filters:quality(75):strip_icc():format(jpeg)/kly-media-production/medias/5461829/original/047106800_1767458658-Untitled.jpg","https://www.liputan6.com/global/read/6254293/rusia-prediksi-nasib-maduro-di-tangan-as-dibebaskan-diam-diam-atau-jadi-mandela-baru","178","true","true","true","2026-01-10T03:28:25.844675+00:00","","https://www.liputan6.com/"
"Tim Global, Diterbitkan Januari, Wisnoe Moerti, Tim Redaksi","trump, taiwan, takkan, melakukannya, ancaman, ucapnyaberbeda, xi, venezuela, times, york, rebut, maduro","id","Presiden Amerika Serikat (AS) Donald Trump sesumbar, Presiden China Xi Jinping tidak akan mencoba merebut Taiwan selama Trump masih menjabat sebagai Presiden AS.","2026-01-09T17:51:31+07:00","Liputan6.com, Jakarta - Presiden Amerika Serikat (AS) Donald Trump sesumbar, Presiden China Xi Jinping tidak akan mencoba merebut Taiwan selama Trump masih menjabat sebagai Presiden AS.
“Dia mungkin akan melakukannya setelah kita punya presiden yang berbeda, tetapi saya tidak merasa dia akan melakukannya saat saya menjadi presiden,” kata Trump kepada The New York Times sebagaimana dilaporkan Anadolu, Jumat (9/1/2026).
Saat disingung soal China memandang Taiwan sebagai ancaman separatis, Trump menjawab tegas.
Trump menggambarkan Venezuela sebagai “ancaman nyata,” dengan mengklaim bahwa Maduro telah membiarkan anggota geng masuk ke Amerika Serikat.
Berbeda dengan kondisi di Amerika Serikat, Trump turut menambahkan bahwa Beijing juga tidak menghadapi aliran narkoba yang melintasi perbatasannya.","Liputan6.com, Jakarta - Presiden Amerika Serikat (AS) Donald Trump sesumbar, Presiden China Xi Jinping tidak akan mencoba merebut Taiwan selama Trump masih menjabat sebagai Presiden AS.

“Dia mungkin akan melakukannya setelah kita punya presiden yang berbeda, tetapi saya tidak merasa dia akan melakukannya saat saya menjadi presiden,” kata Trump kepada The New York Times sebagaimana dilaporkan Anadolu, Jumat (9/1/2026). Dilansir Antara dari Anadolu.

Saat disingung soal China memandang Taiwan sebagai ancaman separatis, Trump menjawab tegas. Dia mengaku sudah menyatakan sikap konfrontasi dengan China.

Advertisement

“Saya telah menyampaikan kepadanya bahwa saya akan sangat tidak senang jika dia melakukan itu, dan saya tidak berpikir dia akan melakukannya.”

Trump menegaskan, aksi AS menangkap Presiden Venezuela Nicolas Maduro tidak sama dengan perlakuan China ke Taiwan. Trump menggambarkan Venezuela sebagai “ancaman nyata,” dengan mengklaim bahwa Maduro telah membiarkan anggota geng masuk ke Amerika Serikat.

“Anda tidak melihat orang-orang berbondong-bondong masuk ke China,” ucapnya.

Berbeda dengan kondisi di Amerika Serikat, Trump turut menambahkan bahwa Beijing juga tidak menghadapi aliran narkoba yang melintasi perbatasannya.","Trump: China Takkan Rebut Taiwan Selama Saya Jadi Presiden!","https://cdn1-production-images-kly.akamaized.net/Cx0pSZnqJt195UxdW36lZjlk63I=/1200x675/smart/filters:quality(75):strip_icc():format(jpeg)/kly-media-production/medias/5272602/original/081614300_1751589860-Untitled.jpg","https://www.liputan6.com/global/read/6254257/trump-china-takkan-rebut-taiwan-selama-saya-jadi-presiden","167","true","true","true","2026-01-10T03:28:25.931748+00:00","","https://www.liputan6.com/"
"Yoga Nugraha","membuatmu, taiwan, memainkan, tibet, strategi, game, tablet, smartphone, rezim, revolusi, reversed, dipenjara, uigur","id","Game berjudul ""Reversed Front - Bonfire"" adalah permainan strategi di smartphone dan tablet. Kamu bisa memilih karakter dari kelompok etnis seperti orang Tibet, Taiwan, dan suku Uigur untuk menggulingkan rezim komunis. Polisi Hong Kong menyebut game ini mendorong ""revolusi bersenjata"".","2025-09-27T09:45:04+07:00","Memainkan Game Ini Bisa Membuatmu Dipenjara di ChinaGlobal 18 jam yang laluGame berjudul ""Reversed Front - Bonfire"" adalah permainan strategi di smartphone dan tablet.
Kamu bisa memilih karakter dari kelompok etnis seperti orang Tibet, Taiwan, dan suku Uigur untuk menggulingkan rezim komunis.
Polisi Hong Kong menyebut game ini mendorong ""revolusi bersenjata"".","Memainkan Game Ini Bisa Membuatmu Dipenjara di China

Global 18 jam yang lalu

Game berjudul ""Reversed Front - Bonfire"" adalah permainan strategi di smartphone dan tablet. Kamu bisa memilih karakter dari kelompok etnis seperti orang Tibet, Taiwan, dan suku Uigur untuk menggulingkan rezim komunis. Polisi Hong Kong menyebut game ini mendorong ""revolusi bersenjata"".","Memainkan Game Ini Bisa Membuatmu Dipenjara di China","https://cdn1-production-images-kly.akamaized.net/uxbtTDHK9KrErPZdVO8n9tIZqfU=/1280x720/smart/filters:quality(75):strip_icc()/kly-media-production/thumbnails/5468422/original/026676700_1767949925-dw202601-memainkan-game-ini-bisa-membuatmu-dipenjara-di-china-f0c953.jpg","https://enamplus.liputan6.com/global/read/6254159/memainkan-game-ini-bisa-membuatmu-dipenjara-di-china","53","true","true","true","2026-01-10T03:28:25.083542+00:00","","https://www.liputan6.com/"
"Gilang Rahmatullah Akbar","love, exploration, are, here, 5, or, v, games, with, skyrim, their, theft, sandbox, to, video, players, best","en","The best sandbox games are not only large in size but also rich in possibilities, allowing players to create their own stories, solutions, and playstyles.","2026-01-10T10:15:40+07:00","With no fixed objectives, players are free to build, explore, survive, or simply experiment with the game’s systems.
Grand Theft Auto V (2013)Grand Theft Auto V delivers one of the most detailed and reactive sandbox worlds ever created.
Players can approach missions creatively, explore the city at their own pace, or simply experiment with the game’s physics and AI.
The Elder Scrolls V: Skyrim (2011)Skyrim is a landmark sandbox RPG that allows players to shape their own journey in a vast fantasy world.
The sense of freedom—being able to go anywhere and become anyone—makes Skyrim one of the most beloved sandbox games ever made.","1. Minecraft (2011)

Minecraft is the ultimate sandbox game and a cultural phenomenon. With no fixed objectives, players are free to build, explore, survive, or simply experiment with the game’s systems. Its block-based design allows limitless creativity, from simple shelters to massive, functional cities and machines. The game’s simplicity hides incredible depth, supported by modding, multiplayer, and community-driven content. Few games offer as much freedom or longevity as Minecraft.

2. Grand Theft Auto V (2013)

Grand Theft Auto V delivers one of the most detailed and reactive sandbox worlds ever created. The city of Los Santos feels alive, filled with activities, emergent events, and countless ways to cause chaos or follow the rules. Players can approach missions creatively, explore the city at their own pace, or simply experiment with the game’s physics and AI. Combined with GTA Online, the sandbox experience extends far beyond the single-player campaign, offering near-limitless replayability.

3. The Elder Scrolls V: Skyrim (2011)

Skyrim is a landmark sandbox RPG that allows players to shape their own journey in a vast fantasy world. From choosing factions and moral paths to ignoring the main story entirely, the game thrives on player-driven exploration. Its open-ended quest design, character progression, and modding community have kept it alive for over a decade. The sense of freedom—being able to go anywhere and become anyone—makes Skyrim one of the most beloved sandbox games ever made.","Love Exploration? Here Are 5 Best Sandbox Video Games","https://cdn0-production-images-kly.akamaized.net/YSAGdnrAMOdfkeT0he8KQ686Y_0=/1200x675/smart/filters:quality(75):strip_icc():format(jpeg)/kly-media-production/medias/5468570/original/030822100_1767957562-skyrim.jpeg","https://en.liputan6.com/techno/read/6254282/love-exploration-here-are-5-best-sandbox-video-games","232","true","true","true","2026-01-10T03:28:25.393452+00:00","","https://www.liputan6.com/"
"Gilang Rahmatullah Akbar","its, challenges, are, twice, while, dark, 5, here, aaa, aggressive, difficult, most, is, love, games, iii, souls, to, video","en","Some AAA titles dare to challenge players with demanding mechanics, minimal error tolerance, and high difficulty levels.","2026-01-10T09:15:30+07:00","Sekiro: Shadows Die Twice (2019)Sekiro: Shadows Die Twice stands as one of the most unforgiving AAA games ever released.
Dark Souls III (2016)As a mainstream AAA release, Dark Souls III brought the franchise’s signature difficulty to a broader audience without compromising its brutal identity.
While more polished and accessible than its predecessors, Dark Souls III remains extremely demanding, especially for newcomers to the Souls formula.
Elden Ring (2022)Despite being more open-ended, Elden Ring is still one of the hardest AAA games ever made.
Its vast open world offers freedom, but the enemies and bosses are among the most aggressive and unpredictable in FromSoftware’s history.","1. Sekiro: Shadows Die Twice (2019)

Sekiro: Shadows Die Twice stands as one of the most unforgiving AAA games ever released. Unlike many action RPGs, it removes build variety and forces players to master a single, precise combat system centered on perfect timing and aggressive defense. Dodging alone is not enough—parrying is mandatory. Boss fights act as pure skill checks, often requiring dozens of attempts to learn attack patterns and reaction windows. The lack of difficulty options and minimal room for grinding make Sekiro a relentless test of reflexes and discipline.

2. Dark Souls III (2016)

As a mainstream AAA release, Dark Souls III brought the franchise’s signature difficulty to a broader audience without compromising its brutal identity. The game features fast, aggressive enemies, complex boss patterns, and punishing stamina management. Mistakes are harshly punished, and progress requires careful observation and adaptation. While more polished and accessible than its predecessors, Dark Souls III remains extremely demanding, especially for newcomers to the Souls formula.

3. Elden Ring (2022)

Despite being more open-ended, Elden Ring is still one of the hardest AAA games ever made. Its vast open world offers freedom, but the enemies and bosses are among the most aggressive and unpredictable in FromSoftware’s history. Players can easily wander into areas far beyond their skill level, leading to swift and repeated deaths. While optional content and exploration provide flexibility, the game still demands mastery of timing, positioning, and patience, especially in late-game encounters.","Love Challenges? Here Are 5 Most Difficult AAA Video Games","https://cdn1-production-images-kly.akamaized.net/6OYWbvs3wGjnKd8qlM7oEUBSUjU=/1200x675/smart/filters:quality(75):strip_icc():format(jpeg)/kly-media-production/medias/5468565/original/032653300_1767957133-lies-of-p.jpeg","https://en.liputan6.com/techno/read/6254275/love-challenges-here-are-5-most-difficult-aaa-video-games","242","true","true","true","2026-01-10T03:28:25.332338+00:00","","https://www.liputan6.com/"
"Bimo Bagas Basworo","leads, world, female, woman, her, you, she, movies, need, yulia, where, watch, is, in, with, war, to, for, strong","en","These movies tell the stories of courageous women during the war.","2026-01-09T23:00:00+07:00","Where to watch: The Roku Channel, Amazon Prime Video“Battle for Sevastopol” is based on the true story of Lyudmila Pavlichenko, played by Yulia Peresild.
She is a female sniper during World War II and becomes one of the deadliest snipers in history.
The film shows her incredible skills in battle and her contributions to the fight against the Nazis.
It also explores her life as a woman in the military, her struggles, and her relationships.
This film highlights her bravery and the sacrifices she makes for her country.","Where to watch: The Roku Channel, Amazon Prime Video

“Battle for Sevastopol” is based on the true story of Lyudmila Pavlichenko, played by Yulia Peresild. She is a female sniper during World War II and becomes one of the deadliest snipers in history. The film shows her incredible skills in battle and her contributions to the fight against the Nazis. It also explores her life as a woman in the military, her struggles, and her relationships. This film highlights her bravery and the sacrifices she makes for her country.","The 5 Best War Movies With Strong Female Leads You Need to Watch","https://cdn1-production-images-kly.akamaized.net/Nrj_aMqs2TmNuXF4QBeULAeL5BY=/1200x675/smart/filters:quality(75):strip_icc():format(jpeg)/kly-media-production/medias/5468439/original/012169300_1767950397-MV5BMTU1N2FhNjEtNGUxNS00ZDU1LWE2NjgtMDVkNjA2NjIyN2U3XkEyXkFqcGc_._V1_FMjpg_UX1000_.jpg","https://en.liputan6.com/trivia/read/6254170/the-5-best-war-movies-with-strong-female-leads-you-need-to-watch","89","true","true","true","2026-01-10T03:28:27.414293+00:00","","https://www.liputan6.com/"
"Bimo Bagas Basworo","going, change, motivate, in, quotes, you, not, 45, on, progress, keep, but, to, is, man","en","Reading these powerful progress quotes will give us a fresh energy to keep moving forward when we feel down.","2026-01-09T22:00:00+07:00","""A person with half volition goes backwards and forwards, but makes no progress on even the smoothest of roads.""
""Progress lies not in enhancing what is, but in advancing toward what will be.""
""Change does not necessarily assure progress, but progress implacably requires change.
Education is essential to change, for education creates both new wants and the ability to satisfy them.""
""The reasonable man adapts himself to the world: the unreasonable one persists in trying to adapt the world to himself.","1. ""If necessity is the mother of invention, discontent is the father of progress."" - David Rockefeller

2. ""A person with half volition goes backwards and forwards, but makes no progress on even the smoothest of roads."" - Thomas Carlyle

3. ""Fundamental progress has to do with the reinterpretation of basic ideas."" - Alfred North Whitehead

4. ""Progress lies not in enhancing what is, but in advancing toward what will be."" - Khalil Gibran

5. ""Without continual growth and progress, such words as improvement, achievement, and success have no meaning."" - Benjamin Franklin

6. ""Human progress is neither automatic nor inevitable... Every step toward the goal of justice requires sacrifice, suffering, and struggle; the tireless exertions and passionate concern of dedicated individuals."" - Martin Luther King, Jr.

7. ""He who rejects change is the architect of decay. The only human institution which rejects progress is the cemetery."" - Harold Wilson

8. ""Plan your progress carefully; hour-by hour, day-by-day, month-by-month. Organized activity and maintained enthusiasm are the wellsprings of your power."" - Paul J. Meyer

9. ""Change does not necessarily assure progress, but progress implacably requires change. Education is essential to change, for education creates both new wants and the ability to satisfy them."" - Henry Steele Commager

10. ""The reasonable man adapts himself to the world: the unreasonable one persists in trying to adapt the world to himself. Therefore all progress depends on the unreasonable man."" - George Bernard Shaw

11. ""Progress isn't made by early risers. It's made by lazy men trying to find easier ways to do something."" - Robert Heinlein

12. ""Progress means getting nearer to the place you want to be. And if you have taken a wrong turn, then to go forward does not get you any nearer. If you are on the wrong road, progress means doing an about-turn and walking back to the right road; and in that case the man who turns back soonest is the most progressive man."" - C.S. Lewis

13. ""Changes and progress very rarely are gifts from above. They come out of struggles from below."" - Noam Chomsky

14. ""Restlessness is discontent and discontent is the first necessity of progress. Show me a thoroughly satisfied man and I will show you a failure."" - Thomas A. Edison

15. ""Do not confuse motion and progress. A rocking horse keeps moving but does not make any progress."" - Alfred A. Montapert","45 Progress Quotes to Motivate You to Keep Going On","https://cdn0-production-images-kly.akamaized.net/VsrjZyR9kss0R5qAiduq3QVOtLo=/1200x675/smart/filters:quality(75):strip_icc():format(jpeg)/kly-media-production/medias/5468380/original/031085400_1767948731-kaja-kadlecova-e04R6GDZdvY-unsplash.jpg","https://en.liputan6.com/trivia/read/6254140/45-progress-quotes-to-motivate-you-to-keep-going-on","401","true","true","true","2026-01-10T03:28:27.488442+00:00","","https://www.liputan6.com/"
"Bimo Bagas Basworo","outer, to, in, may, you, our, scary, facts, not, about, these, at, space, we, top, know","en","These scary facts showcase some of the most terrifying things in outer space that can add to your knowledge of whats hidden in the universe.","2026-01-09T21:00:00+07:00","Liputan6.com, Jakarta - Space has fascinated humans for thousands of years.
Our ancestors looked up at the night sky and created myths to explain what they saw.
Over time, our understanding grew from these ancient stories into modern science.
Here, we will take a look at five scary facts about the outer space.
These scary facts showcase some of the most terrifying things in outer space that can add to your knowledge of what's hidden in the universe.","Liputan6.com, Jakarta - Space has fascinated humans for thousands of years. Our ancestors looked up at the night sky and created myths to explain what they saw. Over time, our understanding grew from these ancient stories into modern science. We built telescopes, sent rockets beyond our atmosphere, and explored distant worlds. Yet, behind this beauty, space also hides many dark and frightening secrets.

Here, we will take a look at five scary facts about the outer space. These scary facts showcase some of the most terrifying things in outer space that can add to your knowledge of what's hidden in the universe.","Top 5 Scary Facts About Outer Space You May Not Know!","https://cdn0-production-images-kly.akamaized.net/C5urs1T-SHW8FNkbwcLoGa-LYrg=/1200x675/smart/filters:quality(75):strip_icc():format(jpeg)/kly-media-production/medias/5468350/original/075733000_1767948111-aman-pal-1c2iHG5_MgE-unsplash.jpg","https://en.liputan6.com/trivia/read/6254126/top-5-scary-facts-about-outer-space-you-may-not-know","102","true","true","true","2026-01-10T03:28:27.520897+00:00","","https://www.liputan6.com/"
"Bimo Bagas Basworo","friend, or, wishes, family, to, 135, can, we, words, crush, them, for, birthday, man, lover","en","Find the best happy birthday wishes for a man here, whether its for your family, friend, crush, or even lover!","2026-01-09T19:00:00+07:00","Birthday wishes for a man can turn a normal day into a special moment.
Many men do not ask for praise, but kind words still matter to them.
A birthday gives us a good chance to speak from the heart and show care through simple messages.
Birthday wishes for a man can be warm, respectful, or lighthearted, based on the person we write to.
Here, we will share some birthday wishes for a man, whether he is your family, friend, crush, or lover.","Liputan6.com, Jakarta - We sometimes forget the power of words in daily life. A few honest lines can bring comfort, joy, or confidence. Birthday wishes for a man can turn a normal day into a special moment. Many men do not ask for praise, but kind words still matter to them. A birthday gives us a good chance to speak from the heart and show care through simple messages.

Finding the right words is not always easy. Different men need different messages at different times. Birthday wishes for a man can be warm, respectful, or lighthearted, based on the person we write to. A short message can show support, respect, or affection without sounding too much. Good wishes help build stronger bonds and leave a positive feeling.

Here, we will share some birthday wishes for a man, whether he is your family, friend, crush, or lover. We gathered them from various sources, Friday (9/1/2026). Let's check them out.","135 Birthday Wishes for a Man: Family, Friend, Crush, and Lover","https://cdn1-production-images-kly.akamaized.net/ouGJQr8bwYWxzxjrwLOnDOkxkHA=/1200x675/smart/filters:quality(75):strip_icc():format(jpeg)/kly-media-production/medias/5468287/original/093820100_1767946233-2149431538.jpg","https://en.liputan6.com/trivia/read/6254080/135-birthday-wishes-for-a-man-family-friend-crush-and-lover","158","true","true","true","2026-01-10T03:28:27.695085+00:00","","https://www.liputan6.com/"
"Gilang Rahmatullah Akbar","olympics, her, in, that, is, winter, chloe, not, on, shoulder, injury, she, 2026, has, ahead, kim, threatens","en","Legendary snowboarder Chloe Kim suffered a serious shoulder injury ahead of the 2026 Milan-Cortina Olympics. Here are the details of the injury and a complete profile of the two-time Olympic gold medalist.","2026-01-09T18:10:15+07:00","Chloe Kim recently announced that she dislocated her shoulder during training in Switzerland on Thursday, January 8, 2026.
Kim shared a video of the incident on Instagram, describing it as the ""most ridiculous fall"" as she crashed into the halfpipe wall.
Although she has not yet undergone an MRI, which is scheduled for Friday, Kim stated that her shoulder is not particularly sore and that she still has some range of motion.
However, her main concern is the instability of the shoulder joint, which has been “in and out” more than once since the initial injury.
Although women’s halfpipe qualifying for the Olympics doesn’t begin until February 11, Kim has already secured her spot on the U.S. team after winning the 2025 world championships and finishing the season ranked No.","Chloe Kim recently announced that she dislocated her shoulder during training in Switzerland on Thursday, January 8, 2026.

Kim shared a video of the incident on Instagram, describing it as the ""most ridiculous fall"" as she crashed into the halfpipe wall.

Although she has not yet undergone an MRI, which is scheduled for Friday, Kim stated that her shoulder is not particularly sore and that she still has some range of motion.

However, her main concern is the instability of the shoulder joint, which has been “in and out” more than once since the initial injury.

This injury has the potential to derail Chloe Kim’s chances of winning a third consecutive gold medal, a feat that would make her the first action sports athlete to achieve.

Although women’s halfpipe qualifying for the Olympics doesn’t begin until February 11, Kim has already secured her spot on the U.S. team after winning the 2025 world championships and finishing the season ranked No. 1 in the world.

This shoulder injury also follows another injury she suffered a few weeks earlier at the World Cup in Copper Mountain, Colorado, in December 2025, although it was not considered serious at the time.","Chloe Kim: Shoulder Injury Threatens Her Ahead of Winter Olympics 2026","https://cdn0-production-images-kly.akamaized.net/HQvuErrFGePzQS5MuUdBgVVR67I=/1200x675/smart/filters:quality(75):strip_icc():format(jpeg)/kly-media-production/medias/5468183/original/089217400_1767943014-chloe-kim_1_.jpeg","https://en.liputan6.com/trivia/read/6254004/chloe-kim-shoulder-injury-threatens-her-ahead-of-winter-olympics-2026","197","true","true","true","2026-01-10T03:28:27.808669+00:00","","https://www.liputan6.com/"
"Bimo Bagas Basworo","signs, 5, hate, to, sign, you, who, zodiac, feel, your, single, being, they","en","They say, people with these five zodiac signs cant stay being single for a long time. Are you one of them?","2026-01-09T18:00:00+07:00","Did you know that your zodiac sign can explain this?
It shows how you feel about being alone or being with someone.
Your zodiac can tell you a lot about your relationship style and what makes you happy.
Here are five zodiac signs that really do not like being single.
Check out if your sign is on the list!","Liputan6.com, Jakarta - Can you stay single for a long time? Some people are happy being alone. They enjoy their own company and do not need a partner. Other people cannot stay single. They feel lonely without someone special. They want to be in a relationship all the time. Everyone is different when it comes to love and relationships.

Did you know that your zodiac sign can explain this? Your star sign affects your personality. It shows how you feel about being alone or being with someone. Some signs love being independent. Other signs need a partner to feel complete. Your zodiac can tell you a lot about your relationship style and what makes you happy.

Here are five zodiac signs that really do not like being single. Check out if your sign is on the list!","5 Zodiac Signs Who Hate Being Single","https://cdn1-production-images-kly.akamaized.net/eIExqiTU_IFwZ_1DQAV4W2pWfRo=/1200x675/smart/filters:quality(75):strip_icc():format(jpeg)/kly-media-production/medias/5468201/original/005251800_1767943624-khamkeo-OcxlTBbb6SY-unsplash__1_.jpg","https://en.liputan6.com/trivia/read/6254018/5-zodiac-signs-who-hate-being-single","137","true","true","true","2026-01-10T03:28:29.633055+00:00","","https://www.liputan6.com/"
"Gilang Rahmatullah Akbar","detective, hers, by, who, thriller, what, are, her, netflixs, series, reviews, mystery, premieres, his, is, case, murder, with, an, to","en","Netflixs mystery thriller series His & Hers starring Tessa Thompson and Jon Bernthal has premiered, presenting an adaptation of Alice Feeneys enigmatic novel.","2026-01-09T17:30:00+07:00","His & Hers is an adaptation of the 2020 mystery thriller novel of the same name, written by Alice Feeney.
The story centers on a gruesome murder case in Dahlonega, Georgia, that unexpectedly reconnects Anna, a former TV news anchor, with her estranged husband, Detective Jack Harper.
Anna, played by Tessa Thompson, is an ambitious reporter who returns to her hometown to cover the murder of an old high school friend.
Her involvement in the case becomes deeply personal, especially since the detective investigating is Jack Harper (Jon Bernthal), her estranged husband.
His & Hers' storyline is enriched by the use of an unreliable narrator and numerous twists, keeping the audience guessing as to who is telling the truth and who is hiding the truth.","His & Hers is an adaptation of the 2020 mystery thriller novel of the same name, written by Alice Feeney.

This limited series was developed by William Oldroyd, the director behind Lady Macbeth, and Dee Johnson, known as the showrunner of ER.

Consisting of six episodes, each approximately 45 minutes long, it offers an intense and packed viewing experience.

The story centers on a gruesome murder case in Dahlonega, Georgia, that unexpectedly reconnects Anna, a former TV news anchor, with her estranged husband, Detective Jack Harper.

Anna, played by Tessa Thompson, is an ambitious reporter who returns to her hometown to cover the murder of an old high school friend.

Her involvement in the case becomes deeply personal, especially since the detective investigating is Jack Harper (Jon Bernthal), her estranged husband.

Jack, a detective at the local sheriff's office, must lead the investigation into the murder, which inevitably brings him face to face with Anna.

The case isn't just about finding the killer, but also about uncovering secrets involving Anna's group of high school friends, including the victim, who used to be part of a ""bad girl"" group.

His & Hers' storyline is enriched by the use of an unreliable narrator and numerous twists, keeping the audience guessing as to who is telling the truth and who is hiding the truth.","Netflix's Mystery Thriller Series 'His & Hers' Premieres, What Are the Reviews?","https://cdn1-production-images-kly.akamaized.net/2jvkCAle2on2Cwil3dAPfIYT2S0=/1200x675/smart/filters:quality(75):strip_icc():format(jpeg)/kly-media-production/medias/5468083/original/059779700_1767941299-his-and-hers_1_.jpeg","https://en.liputan6.com/trivia/read/6253964/netflixs-mystery-thriller-series-his-amp-hers-premieres-what-are-the-reviews","221","true","true","true","2026-01-10T03:28:29.513603+00:00","","https://www.liputan6.com/"
"Bimo Bagas Basworo","are, manifesting, make, quotes, comes, dream, you, manifestation, life, have, it, 50, can, your, to, is, true","en","Manifesting quotes will remind you just how powerful your thought is. Its your secret weapon to achieve anything you want.","2026-01-09T17:00:00+07:00","""Your life is the manifestation of your dream; it is an art.
""If you can imagine it, you can achieve it.
If you can dream it, you can become it.""
""Before you can live anything, in what you are calling physical manifestation - you have to have conjured it in vibrational form.
Everything that you are living here in this physical body, you have imagined the essence of it before you are living it.""","1. ""You are what you want to become. Why search anymore? You are a wonderful manifestation. The whole universe has come together to make your existence possible. There is nothing that is not you. The kingdom of God, the Pure Land, nirvana, happiness, and liberation are all you."" - Nhat Hanh

2. ""Beautify your thoughts. Thoughts are the headwaters of action, life and manifestation."" - David Wolfe

3. ""Our life is a manifestation, and we can very well make that manifestation beautiful and meaningful and have a good influence."" - Nhat Hanh

4. ""Your life is the manifestation of your dream; it is an art. You can change your life anytime if you aren't enjoying the dream."" - Miguel Angel Ruiz

5. ""There is nothing more important than developing your imagination to transform your life from the inside world of your thoughts and feelings to the outside world of your results and manifestations."" - Neville Goddard

6. ""You can direct the outcome of any situation you face through the power of thought. Keep your thoughts focused on the best possible outcome for everyone involved and never allow yourself to be pushed where you don't choose to be."" - Iyanla Vanzant

7. ""One can only learn his powers of action by action, and his powers of thought by thinking"" - John Burroughs

8. ""Cherish your visions and your dreams, as they are the children of your soul; the blueprints of your ultimate achievements."" - Napoleon Hill

9. ""If you can imagine it, you can achieve it. If you can dream it, you can become it."" - William Arthur Ward

10. ""The universe is but a partial manifestation of your limitless capacity to become."" - Sri Nisargadatta Maharaj

11. ""Before you can live anything, in what you are calling physical manifestation - you have to have conjured it in vibrational form. You have to have imagined it before it can become a reality. Everything that you are living here in this physical body, you have imagined the essence of it before you are living it."" - Esther Hicks

12- ""When you conceive something in your mind, know it is a fact, and that there can be no question about its manifestation."" - Rhonda Byrne

13. ""Thought is the fountain of action, life and manifestation; make the fountain pure, and all will be pure."" - James Allen

14. ""Thought is a force - a manifestation of energy - having a magnet-like power of attraction."" - William Walker Atkinson

15. “Reality is a projection of your thoughts or the things you habitually think about.” - Stephen Richards","50 Manifesting Quotes to Make Your Dream Comes True","https://cdn1-production-images-kly.akamaized.net/itMd0AQ4h05CWfQt0liNlF9sXsA=/1200x675/smart/filters:quality(75):strip_icc():format(jpeg)/kly-media-production/medias/5389814/original/053809200_1761211161-2275.jpg","https://en.liputan6.com/trivia/read/6253968/50-manifesting-quotes-to-make-your-dream-comes-true","433","true","true","true","2026-01-10T03:28:29.734472+00:00","","https://www.liputan6.com/"
"Gilang Rahmatullah Akbar","professional, personal, season, that, series, its, will, check, medical, latest, on, greys, plot, to, out, drama, schedule, continues","en","The iconic medical drama series Greys Anatomy returns for its intriguing 22nd Season. Check out the premiere schedule, cast list, and exciting new storyline spoilers!","2026-01-09T16:15:25+07:00","Liputan6.com, Jakarta - The American medical drama series, Grey's Anatomy, returns to its loyal fans with its highly anticipated 22nd Season.
The series, which centers on the personal and professional lives of surgeons at the fictional Grey Sloan Memorial Hospital, has become a global phenomenon since its premiere on March 27, 2005, on ABC as a mid-season replacement.
This latest season will continue the high-intensity storytelling that is the hallmark of Grey's Anatomy, exploring the tough challenges and life-and-death decisions the medical staff faces every day.
AdvertisementFans can look forward to the continuation of the story after the devastating explosion that rocked the hospital at the end of Season 21, an event that left one doctor injured and dead.
Season 22 will focus on the doctors' efforts to recover and rebuild amidst the destruction, while facing various personal and professional conflicts.","Liputan6.com, Jakarta - The American medical drama series, Grey's Anatomy, returns to its loyal fans with its highly anticipated 22nd Season.

The series, which centers on the personal and professional lives of surgeons at the fictional Grey Sloan Memorial Hospital, has become a global phenomenon since its premiere on March 27, 2005, on ABC as a mid-season replacement.

This latest season will continue the high-intensity storytelling that is the hallmark of Grey's Anatomy, exploring the tough challenges and life-and-death decisions the medical staff faces every day.

Advertisement

Fans can look forward to the continuation of the story after the devastating explosion that rocked the hospital at the end of Season 21, an event that left one doctor injured and dead.

Season 22 will focus on the doctors' efforts to recover and rebuild amidst the destruction, while facing various personal and professional conflicts.","Grey's Anatomy Season 22: The Medical Drama Continues, Check Out the Latest Broadcast Schedule and Plot!","https://cdn0-production-images-kly.akamaized.net/p-6RPCsQEWoFYCu02jYn_rJz1rk=/1200x675/smart/filters:quality(75):strip_icc():format(jpeg)/kly-media-production/medias/5467982/original/090307600_1767939223-grey_s-anatomy-season-22.jpeg","https://en.liputan6.com/trivia/read/6253938/greys-anatomy-season-22-the-medical-drama-continues-check-out-the-latest-broadcast-schedule-and-plot","142","true","true","true","2026-01-10T03:28:29.445557+00:00","","https://www.liputan6.com/"
"Gilang Rahmatullah Akbar","or, june, years, involving, released, officially, wap, plea, serve, his, prison, ready, was, in, with, strict, to, supervision, rapper","en","One of the most famous rappers, Fetty Wap, was officially released from federal prison on January 8, 2026 and is now starting a period of strict supervision.","2026-01-09T15:25:10+07:00","The drug trafficking operation involving the rapper was massive, involving the movement of over 100 kilograms of cocaine, heroin, fentanyl, and crack cocaine.
These controlled substances were moved from the West Coast to Long Island and New Jersey between June 2019 and June 2020.
In August 2022, Fetty Wap pleaded guilty to one count of conspiracy to distribute cocaine, specifically 500 grams or more.
This guilty plea was part of a plea deal that helped him avoid a potential life sentence on other, more serious charges.
On May 24, 2023, he was sentenced to six years in prison, or 72 months, plus five years of post-release supervision.","Fetty Wap's legal journey began in October 2021 when he was arrested at Citi Field in Queens, New York, shortly before his performance at the Rolling Loud Festival.

Federal prosecutors charged him with conspiracy to distribute and possess controlled substances.

The drug trafficking operation involving the rapper was massive, involving the movement of over 100 kilograms of cocaine, heroin, fentanyl, and crack cocaine.

These controlled substances were moved from the West Coast to Long Island and New Jersey between June 2019 and June 2020.

In August 2022, Fetty Wap pleaded guilty to one count of conspiracy to distribute cocaine, specifically 500 grams or more.

This guilty plea was part of a plea deal that helped him avoid a potential life sentence on other, more serious charges.

On May 24, 2023, he was sentenced to six years in prison, or 72 months, plus five years of post-release supervision.

He was previously detained again in August 2022 after his $500,000 bail was revoked for allegedly threatening a man with a firearm.","Rapper Fetty Wap Officially Released from Federal Prison, Ready to Serve Strict Supervision","https://cdn0-production-images-kly.akamaized.net/_NyQT-1HcXi7vzyetf8e1C8_Yp8=/1200x675/smart/filters:quality(75):strip_icc():format(jpeg)/kly-media-production/medias/5467954/original/069528100_1767937959-fetty-wap-released.jpeg","https://en.liputan6.com/trivia/read/6253928/rapper-fetty-wap-officially-released-from-federal-prison-ready-to-serve-strict-supervision","169","true","true","true","2026-01-10T03:28:29.695253+00:00","","https://www.liputan6.com/"
"Arthur Gideon, Diterbitkan Januari, Tim Redaksi","energi, agung, memperluas, multilateral, unfccc, pembiayaan, iklim, dukungan, menilai, terancam, bergantung, pendanaan, transisi","id","Pendanaan transisi energi berisiko menyusut usai AS keluar dari UNFCCC, Indonesia didorong perkuat kerja sama lain.","2026-01-09T17:40:44+07:00","Liputan6.com, Jakarta - Direktur Eksekutif CERAH, Agung Budiono, menilai Indonesia perlu segera mencari alternatif pembiayaan transisi energi menyusul keluarnya Amerika Serikat dari Konvensi Kerangka Kerja PBB tentang Perubahan Iklim (UNFCCC).
Langkah AS tersebut dinilai berpotensi mempersempit ruang pendanaan aksi iklim, termasuk skema kerja sama multilateral yang selama ini menjadi tumpuan negara berkembang.
Padahal, dukungan tersebut sangat dibutuhkan Indonesia untuk mengurangi ketergantungan pada energi fosil dan mempercepat transisi menuju energi bersih.
Advertisement“Indonesia masih memiliki peluang besar untuk mendorong dan memperluas kerja sama bilateral dengan negara-negara di Global South dan Timur Tengah dalam pengembangan energi terbarukan, efisiensi energi, dan penguatan kapasitas transisi energi,” kata Agung dikutip dari Antara, Jumat (9/1/2026).
Ia menilai, kondisi ini justru bisa menjadi momentum bagi Indonesia untuk memperkuat strategi pembiayaan transisi energi yang lebih beragam dan tidak bergantung pada satu negara atau blok tertentu.","Liputan6.com, Jakarta - Direktur Eksekutif CERAH, Agung Budiono, menilai Indonesia perlu segera mencari alternatif pembiayaan transisi energi menyusul keluarnya Amerika Serikat dari Konvensi Kerangka Kerja PBB tentang Perubahan Iklim (UNFCCC). Langkah AS tersebut dinilai berpotensi mempersempit ruang pendanaan aksi iklim, termasuk skema kerja sama multilateral yang selama ini menjadi tumpuan negara berkembang.

Agung mengatakan berkurangnya komitmen negara maju dapat berdampak langsung pada ketersediaan pembiayaan murah dan dukungan internasional. Padahal, dukungan tersebut sangat dibutuhkan Indonesia untuk mengurangi ketergantungan pada energi fosil dan mempercepat transisi menuju energi bersih.

Meski demikian, Agung menegaskan melemahnya kerja sama multilateral tidak otomatis menutup seluruh peluang kerja sama internasional. Indonesia, menurut dia, masih memiliki ruang besar untuk memperluas kolaborasi di luar mekanisme global yang selama ini didominasi negara maju.

Advertisement

“Indonesia masih memiliki peluang besar untuk mendorong dan memperluas kerja sama bilateral dengan negara-negara di Global South dan Timur Tengah dalam pengembangan energi terbarukan, efisiensi energi, dan penguatan kapasitas transisi energi,” kata Agung dikutip dari Antara, Jumat (9/1/2026).

Ia menilai, kondisi ini justru bisa menjadi momentum bagi Indonesia untuk memperkuat strategi pembiayaan transisi energi yang lebih beragam dan tidak bergantung pada satu negara atau blok tertentu.","Pendanaan Transisi Energi Terancam, Indonesia Diminta Tak Bergantung pada AS","https://cdn0-production-images-kly.akamaized.net/YV609AlYOkpzAcLJ_pW1t19klBQ=/1200x675/smart/filters:quality(75):strip_icc():format(jpeg)/kly-media-production/medias/2874544/original/085220700_1565089512-20190806-Pemanfaatan-Tenaga-Surya-Sebagai-Sumber-Energi-Listrik-Alternatif3.jpg","https://www.liputan6.com/bisnis/read/6254244/pendanaan-transisi-energi-terancam-indonesia-diminta-tak-bergantung-pada-as","189","true","true","true","2026-01-10T03:28:32.422092+00:00","","https://www.liputan6.com/"
"Khamelia Marsha, Diterbitkan Januari, Devira Prastiwi, Tim Redaksi","mandiri, terapkan, mbg, sppg, pemkot, volume, pemenuhan, mataram, salikin, pengangkutan, pembuangan, sampah, pengelolaan","id","DLH Kota Mataram mendorong SPPG MBG mengelola sampah organik dan anorganik sendiri untuk mengurangi timbulan sampah ke TPA.","2026-01-09T17:15:09+07:00","Pemkot Mataram menilai pengelolaan sampah tidak lagi dapat sepenuhnya bertumpu pada sistem kumpul-angkut-buang, melainkan perlu dilakukan sejak dari sumbernya.
AdvertisementMelalui keterlibatan SPPG MBG, yang setiap harinya menghasilkan sampah dari aktivitas layanan pemenuhan gizi, pemerintah daerah mendorong perubahan pola pengelolaan sampah yang lebih mandiri dan berkelanjutan.
Kepala Bidang Tata Lingkungan DLH Kota Mataram, Salikin, mengatakan kerja sama tersebut bertujuan menekan volume sampah yang harus diangkut ke TPA.
""Karena itu, kami sudah minta sekitar 48 SPPG MBG di Kota Mataram untuk mengolah sampah organik dan anorganik secara mandiri,"" kata Salikin, melansir Antara, Jumat (9/1/2026).
Dia menjelaskan, upaya tersebut ditujukan untuk mengurangi ketergantungan pada sistem pengangkutan sampah serta meningkatkan efektivitas pengelolaan sampah di tingkat penghasil.","Liputan6.com, Jakarta - Dinas Lingkungan Hidup (DLH) Kota Mataram, Provinsi Nusa Tenggara Barat, mengambil langkah strategis dalam pengelolaan sampah dengan menjalin kerja sama bersama Satuan Pelayanan Pemenuhan Gizi (SPPG) Makan Bergizi Gratis (MBG) untuk melakukan pemilahan sampah secara mandiri.

Kebijakan ini ditempuh sebagai respons atas meningkatnya volume sampah perkotaan serta keterbatasan kapasitas pengangkutan dan pembuangan ke Tempat Pembuangan Akhir (TPA) Kebon Kongok, Kabupaten Lombok Barat.

Pemkot Mataram menilai pengelolaan sampah tidak lagi dapat sepenuhnya bertumpu pada sistem kumpul-angkut-buang, melainkan perlu dilakukan sejak dari sumbernya.

Advertisement

Melalui keterlibatan SPPG MBG, yang setiap harinya menghasilkan sampah dari aktivitas layanan pemenuhan gizi, pemerintah daerah mendorong perubahan pola pengelolaan sampah yang lebih mandiri dan berkelanjutan.

Kepala Bidang Tata Lingkungan DLH Kota Mataram, Salikin, mengatakan kerja sama tersebut bertujuan menekan volume sampah yang harus diangkut ke TPA.

""Karena itu, kami sudah minta sekitar 48 SPPG MBG di Kota Mataram untuk mengolah sampah organik dan anorganik secara mandiri,"" kata Salikin, melansir Antara, Jumat (9/1/2026).

Dia menjelaskan, upaya tersebut ditujukan untuk mengurangi ketergantungan pada sistem pengangkutan sampah serta meningkatkan efektivitas pengelolaan sampah di tingkat penghasil.","Pemkot Mataram Terapkan Pengelolaan Sampah Mandiri di SPPG MBG","https://cdn1-production-images-kly.akamaized.net/fgzx4TxhZfnNAyHjO4zpYkurslI=/1200x675/smart/filters:quality(75):strip_icc():format(jpeg)/kly-media-production/medias/5360697/original/082788100_1758719568-183357.jpg","https://www.liputan6.com/news/read/6254010/pemkot-mataram-terapkan-pengelolaan-sampah-mandiri-di-sppg-mbg","178","true","true","true","2026-01-10T03:28:31.607673+00:00","","https://www.liputan6.com/"
"Khamelia Marsha, Diterbitkan Januari, Devira Prastiwi, Tim Redaksi","mangrove, ekosistem, bakau, imip, tommy, perluasan, penanaman, rhizophora, ketahanan, morowali, perkuat, pesisir, menjalankan","id","PT Indonesia Morowali Industrial Park (IMIP) menjalankan program penanaman mangrove di kawasan pesisir Morowali dan sejumlah daerah lain sebagai upaya menjaga keseimbangan ekosistem.","2026-01-09T14:04:06+07:00","Liputan6.com, Jakarta - PT Indonesia Morowali Industrial Park (IMIP) memperkuat komitmennya terhadap pelestarian lingkungan dengan menjalankan program penanaman mangrove di kawasan pesisir.
Head of CSR Department PT IMIP, R. Tommy Adi Prayogo, menjelaskan kawasan pesisir dinilai memiliki peran strategis dalam menopang kelangsungan ekosistem.
Oleh karena itu, IMIP menjadikan penanaman mangrove sebagai salah satu langkah dalam perlindungan lingkungan pesisir.
Pelaksanaan penanaman mangrove dilakukan secara terpadu, mencakup area di dalam kawasan industri IMIP, wilayah Sulawesi Tengah (Sulteng), hingga beberapa provinsi lain.
Berbagai jenis mangrove ditanam untuk menyesuaikan dengan kondisi ekosistem setempat, di antaranya Bruguiera gymnorrhiza (mangrove tancang), Rhizopora apiculata (bakau minyak), Rhizophora mucronata (bakau kurap), dan Rhizophora stylosa (bakau kecil).","Liputan6.com, Jakarta - PT Indonesia Morowali Industrial Park (IMIP) memperkuat komitmennya terhadap pelestarian lingkungan dengan menjalankan program penanaman mangrove di kawasan pesisir.

Program ini dijalankan sebagai upaya menjaga keseimbangan ekosistem di tengah aktivitas industri yang terus berkembang di wilayah Morowali dan sekitarnya.

Head of CSR Department PT IMIP, R. Tommy Adi Prayogo, menjelaskan kawasan pesisir dinilai memiliki peran strategis dalam menopang kelangsungan ekosistem.

Advertisement

Dalam konteks industri, keberadaan lingkungan menjadi elemen penting yang perlu dijaga agar aktivitas ekonomi dapat berlangsung secara berkelanjutan.

Oleh karena itu, IMIP menjadikan penanaman mangrove sebagai salah satu langkah dalam perlindungan lingkungan pesisir.

Pelaksanaan penanaman mangrove dilakukan secara terpadu, mencakup area di dalam kawasan industri IMIP, wilayah Sulawesi Tengah (Sulteng), hingga beberapa provinsi lain.

Berbagai jenis mangrove ditanam untuk menyesuaikan dengan kondisi ekosistem setempat, di antaranya Bruguiera gymnorrhiza (mangrove tancang), Rhizopora apiculata (bakau minyak), Rhizophora mucronata (bakau kurap), dan Rhizophora stylosa (bakau kecil).

""Tenant-tenant di dalam Kawasan IMIP juga berpartisipasi. Kegiatan ini merupakan bagian dari upaya melindungi wilayah pantai dari dampak perubahan iklim dan ancaman abrasi,"" ujar Tommy, melansir Antara, Jumat (09/01/2026).

Selain di sekitar kawasan industri, IMIP turut menjalankan restorasi pesisir melalui kegiatan konservasi mangrove di wilayah yang berada di luar area operasional perusahaan dan di luar Kabupaten Morowali.

Program tersebut dilaksanakan secara berkelanjutan oleh Direktorat CSR dan Environmental sebagai bagian dari upaya rehabilitasi lingkungan jangka panjang.","Perluasan Penanaman Mangrove di Pesisir Morowali, Perkuat Ketahanan Ekosistem","https://cdn0-production-images-kly.akamaized.net/SzK4QMIM70ycZRw5NxncDNEWlHg=/1200x675/smart/filters:quality(75):strip_icc():format(jpeg)/kly-media-production/medias/5054379/original/092833500_1734405191-IMG_20241217_095147.jpg","https://www.liputan6.com/news/read/6253893/perluasan-penanaman-mangrove-di-pesisir-morowali-perkuat-ketahanan-ekosistem","222","true","true","true","2026-01-10T03:28:30.821705+00:00","","https://www.liputan6.com/"
"Meila Alfauzi Sukmawan, Diterbitkan Januari, Devira Prastiwi, Tim Redaksi","ton, hasilkan, ewaste, 2050, university, dampak, perangkat, terbaru, sejuta, kesehatan, desain, wearable, 2026, dipediksi, pemantauan, studi","id","Lonjakan penggunaan perangkat wearable kesehatan secara global diperkirakan akan memicu peningkatan drastis limbah elektronik dan emisi karbon 2050 jika tidak diimbangi dengan produksi yang lebih ramah lingkungan.","2026-01-09T13:05:05+07:00","Liputan6.com, Jakarta - Perusahaan teknologi di ajang teknologi terbesar dunia, Costumer Electronics Show (CES) 2026 menampillkan beragam inovasi perangkat kesehatan wearable terbaru, mulai dari pemantauan glukosa, pelacak tekanan darah, hingga fitness tracker.
Menurut laporan Tech Crunch, Selasa 6 Januari 2026, meskipun menawarkan kemajuan yang signifikan dalam pemantauan kesehatan, dampak lingkungan dari penggunaan perangkat ini jarang menjadi sorotan utama.
Berdasarkan studi terbaru dari Cornell University dan University of Chicago, permintaan perangkat kesehatan wearable diperkirakan melonjak tajam hingga mencapai 2 miliar unit per tahun pada 2050.
AdvertisementUntuk mengurangi dampak tersebut, para peneliti merekomendasikan dua solusi untuk perubahan material perangkat dan perubahan desain.
Kedua, membuat perangkat desain modular agar papan sirkuitnya bisa digunakan kembali, sementara bagian luar perangkat bisa diganti.","Liputan6.com, Jakarta - Perusahaan teknologi di ajang teknologi terbesar dunia, Costumer Electronics Show (CES) 2026 menampillkan beragam inovasi perangkat kesehatan wearable terbaru, mulai dari pemantauan glukosa, pelacak tekanan darah, hingga fitness tracker.

Menurut laporan Tech Crunch, Selasa 6 Januari 2026, meskipun menawarkan kemajuan yang signifikan dalam pemantauan kesehatan, dampak lingkungan dari penggunaan perangkat ini jarang menjadi sorotan utama.

Berdasarkan studi terbaru dari Cornell University dan University of Chicago, permintaan perangkat kesehatan wearable diperkirakan melonjak tajam hingga mencapai 2 miliar unit per tahun pada 2050. Angka ini setara dengan peningkatan 42 kali lipat dibandingkan permintaan saat ini.

Advertisement

Untuk mengurangi dampak tersebut, para peneliti merekomendasikan dua solusi untuk perubahan material perangkat dan perubahan desain.

Pertama, dengan mengembangkan chip yang memanfaatkan logam umum seperti tembaga, menggantikan mineral langka seperti emas. Kedua, membuat perangkat desain modular agar papan sirkuitnya bisa digunakan kembali, sementara bagian luar perangkat bisa diganti.

""Ketika perangkat-perangkat ini digunakan dalam skala global, pilihan desain yang tampak kecil bisa berdampak sangat besar,"" tulis salah satu penulis studi tersebut, melansir Antara, Kamis (08/01/2025).","Perangkat Wearable Kesehatan Dipediksi Hasilkan Sejuta Ton e-Waste pada 2050","https://cdn1-production-images-kly.akamaized.net/8468oZRF3iUsYoJ_-YtsiWg3Pq4=/1200x675/smart/filters:quality(75):strip_icc():format(jpeg)/kly-media-production/medias/5346321/original/039071200_1757583607-image001.jpg","https://www.liputan6.com/news/read/6253173/perangkat-wearable-kesehatan-dipediksi-hasilkan-sejuta-ton-e-waste-pada-2050","171","true","true","true","2026-01-10T03:28:32.348818+00:00","","https://www.liputan6.com/"
"Meila Alfauzi Sukmawan, Diterbitkan Januari, Devira Prastiwi, Tim Redaksi","konservasi, inventarisasi, ditjen, areal, lapangan, 93, perlindungan, hektare, spesies, hayati, keanekaragaman, ankt, ksdae, verifikasi, petakan, perdataan","id","Kementerian Lingkungan Hidup dan Kehutanan (KLHK) merampungkan pemetaan areal dengan Nilai Keanekaragaman Hayati Tinggi (ANKT) di seluruh Indonesia sebagai dasar perlindungan habitat di luar kawasan konservasi.","2026-01-09T12:02:40+07:00","Liputan6.com, Jakarta - Pemerintah melalui Rencana Pembangunan Jangka Menengah Nasional (RPJMN) 2020-2024 mengamanatkan inventarisasi dan verifikasi areal dengan nilai keanekaragaman hayati tinggi (ANKT) di seluruh wilayah Indonesia.
Pemetaan ini menjadi dasar penting dalam upaya konservasi keanekaragaman hayati di luar konservasi, serta perlindungan habitat yang belum terlindungi di Indonesia.
Hasil kajian tersebut kemudian ditindaklanjuti dengan verifikasi lapangan oleh Direktorar Jenderal (Ditjen) Konservasi Sumber Daya Alam dan Ekosistem (KSDAE).
Dalam kurun waktu 2020-2024, Ditjen KSDAE melakukan inventarisasi dan verifikasi ANKT melalui pengumpulan data lapangan yang kemudian dikompilasi, diolah dan dianalisis secara saintifik.
data tersebut dihimpun dari sejumlah platform perdataan, termasuk Sistem Informasi dan Perdataan KSDAE (SIDAK) dan SMART Patrol.","Liputan6.com, Jakarta - Pemerintah melalui Rencana Pembangunan Jangka Menengah Nasional (RPJMN) 2020-2024 mengamanatkan inventarisasi dan verifikasi areal dengan nilai keanekaragaman hayati tinggi (ANKT) di seluruh wilayah Indonesia.

Pemetaan ini menjadi dasar penting dalam upaya konservasi keanekaragaman hayati di luar konservasi, serta perlindungan habitat yang belum terlindungi di Indonesia.

Berdasarkan hasil studi pendahuluan Kementerian PPN/Bappenas pada 2019 yang memperkirakan luas ANKT terestrial di Indonesia mencakup sekitar 70 juta hektare.

Advertisement

Namun, kajian awal itu belum termasuk wilayah yang berada di sisi Timur Garis Lydekker (garis imajiner yang menjadi pembatas antara kawasan Wallacea dengan wilayah Paparan Sahul).

Hasil kajian tersebut kemudian ditindaklanjuti dengan verifikasi lapangan oleh Direktorar Jenderal (Ditjen) Konservasi Sumber Daya Alam dan Ekosistem (KSDAE).

Dalam kurun waktu 2020-2024, Ditjen KSDAE melakukan inventarisasi dan verifikasi ANKT melalui pengumpulan data lapangan yang kemudian dikompilasi, diolah dan dianalisis secara saintifik.

Laporan akhir dari rangkaian tersebut diterbitkan tahun 2025 yang memetakan ANKT di seluruh wilayah Indonesia sebagai “kawasan yang memiliki kekayaan spesies, terutama hidupan liar, berdasarkan kriteria endemisme, status perlindungan nasional, dan tingkat ancaman kepunahan sebagaimana dikategorikan dalam Daftar Merah IUCN: Kritis, Genting, dan Rentan”.

Analisis dilakukan menggunakan pendekatan Model Distribusi Spesies (SDM) dengan cakupan seluruh wilayah daratan Indonesia yang didelineasi berdasarkan ekoregion, dilansir dari laman KSDAE Kementerian Lingkungan Hidup dan Kehutanan (KLHK) www.ksdae.kehutanan.go.id, Jumat (9/1/2026).

Sumber data berasal dari hasil perjumpaan flora dan fauna selama inventarisasi lapangan dan kegiatan vverifikasi oleh Unit Pelaksanaan Teknis (UPT) Konservasi Sumber Daya Alam (KSDA) dan Taman Nasional, serta mitra kerja Ditjen KSDAE. data tersebut dihimpun dari sejumlah platform perdataan, termasuk Sistem Informasi dan Perdataan KSDAE (SIDAK) dan SMART Patrol.","Pemerintah Petakan 93 Juta Hektare Areal Bernilai Keanekaragaman Hayati Tinggi","https://cdn0-production-images-kly.akamaized.net/3KzQldsqtdkpLnFVFMzLxz7Zya4=/1200x675/smart/filters:quality(75):strip_icc():format(jpeg)/kly-media-production/medias/4391733/original/072601500_1681272312-indonesia-g55a210585_1920.jpg","https://www.liputan6.com/news/read/6253379/pemerintah-petakan-93-juta-hektare-areal-bernilai-keanekaragaman-hayati-tinggi","262","true","true","true","2026-01-10T03:28:32.313851+00:00","","https://www.liputan6.com/"
"Nikmah Laily Hawa, Diterbitkan Januari, Devira Prastiwi, Tim Redaksi","luncurkan, inovasi, mahasiswa, university, tumpukan, ipb, minim, kknt, pertanian, bogor, sampah, asap, jelang, insinerator","id","Mahasiswa program Kuliah Kerja Nyata Tematik (KKNT) Inovasi Institut Pertanian Bogor (IPB) University ciptakan insinerator minim asap guna menanggulangi masalah sampah di Desa Cicadas, Kabupaten Bogor.","2026-01-09T10:30:00+07:00","Liputan6.com, Jakarta - Mahasiswa program Kuliah Kerja Nyata Tematik (KKNT) Inovasi Institut Pertanian Bogor (IPB) University hadirkan insinerator minim asap jelang Hari Lingkungan Hidup Nasional (HLHN) 2026 di Desa Cicadas, Kabupaten Bogor, Jawa Barat (Jabar).
Insinerator merupakan teknologi yang berfungsi untuk membakar sampah dengan suhu tinggi guna mengurangi volume dan bahaya limbah.
Salah seorang perwakilan tim KKNT Indra Bagus Ramdhani mengatakan, inovasi ini berangkat dari persoalan banyaknya tumpukan sampah hingga mencemari sungai.
""Kami melihat ada masalah sampah di Desa Cicadas ini, seperti banyak tumpukan sampah liar, bahkan ada yang membuang sampah ke sungai,"" ujar Indra, dilansir Liputan6.com dari laman resmi Institut Pertanian Bogor (IPB) University www.ipb.ac.id, Kamis (8/1/2026).
Untuk menjawab keresahan ini, mahasiswa KKNT Inovasi IPB University akhirnya merancang insinerator minim asap sebagai teknologi tepat guna.","Liputan6.com, Jakarta - Mahasiswa program Kuliah Kerja Nyata Tematik (KKNT) Inovasi Institut Pertanian Bogor (IPB) University hadirkan insinerator minim asap jelang Hari Lingkungan Hidup Nasional (HLHN) 2026 di Desa Cicadas, Kabupaten Bogor, Jawa Barat (Jabar).

Insinerator merupakan teknologi yang berfungsi untuk membakar sampah dengan suhu tinggi guna mengurangi volume dan bahaya limbah.

Inovasi ini hadir sebagai solusi atas pengelolaan sampah desa yang selama ini masih banyak dilakukan melalui pembakaran terbuka. Pemakaiannya mampu mengurangi asap pekat dan menekan timbunan sampah.

Advertisement

Selain itu, dampak yang ramah lingkungan dan mudah digunakan oleh masyarakat menjadi nilai tambah keunggulan pada alat ini.

Salah seorang perwakilan tim KKNT Indra Bagus Ramdhani mengatakan, inovasi ini berangkat dari persoalan banyaknya tumpukan sampah hingga mencemari sungai.

""Kami melihat ada masalah sampah di Desa Cicadas ini, seperti banyak tumpukan sampah liar, bahkan ada yang membuang sampah ke sungai,"" ujar Indra, dilansir Liputan6.com dari laman resmi Institut Pertanian Bogor (IPB) University www.ipb.ac.id, Kamis (8/1/2026).

Menurutnya, masalah ini bukan hal baru dalam persoalan lingkungan di desa. Minimnya akses menuju Tempat Pembuangan Akhir (TPA) menyebabkan sebagian warga lebih memilih untuk membakarnya sendiri di halaman rumah.

Cara tersebut dianggap praktis dan hemat biaya, namun dampaknya buruk terhadap kualitas udara dan kesehatan masyarakat.

Untuk menjawab keresahan ini, mahasiswa KKNT Inovasi IPB University akhirnya merancang insinerator minim asap sebagai teknologi tepat guna.","Jelang Hari Lingkungan Hidup Nasional, Mahasiswa IPB University Luncurkan Insinerator Minim Asap","https://cdn0-production-images-kly.akamaized.net/UphsbVuaixZCmNwrVWfYk3sfpmk=/1200x675/smart/filters:quality(75):strip_icc():format(jpeg)/kly-media-production/medias/5261941/original/099590300_1750729899-Insenerator.jpg","https://www.liputan6.com/news/read/6253377/jelang-hari-lingkungan-hidup-nasional-mahasiswa-ipb-university-luncurkan-insinerator-minim-asap","217","true","true","true","2026-01-10T03:28:34.406412+00:00","","https://www.liputan6.com/"
"Gilang Rahmatullah Akbar","pastel, here, releases, 2, with, prices, pair, also, latest, on, mouse, purple, variants, nintendo, switch, to, joycon","en","The Nintendo Switch 2 launched new pastel purple and green Joy-Con variants in January 2026, offering a unique aesthetic touch with advanced core features.","2026-01-09T14:10:15+07:00","Despite the new look, the core functionality of this Joy-Con 2 variant remains identical to the pair included with the Nintendo Switch 2 console.
The Joy-Con 2 controllers can be used both magnetically attached to the Nintendo Switch 2 console and detached.
Full compatibility with the Nintendo Switch 2 console ensures a smooth and seamless gaming experience.
The Nintendo Switch 2 launched globally on June 5, 2025, bringing several improvements over its predecessor.
The Joy-Con 2, as an integral part of the Switch 2 ecosystem, also comes with several updated specifications.","To own a pair of these new colored Joy-Con 2s, consumers will need to budget $100 USD.

Each pair of Joy-Con controllers will also come with a matching wrist strap, in the same color as the controller.

Despite the new look, the core functionality of this Joy-Con 2 variant remains identical to the pair included with the Nintendo Switch 2 console.

Key features like responsive motion controls, HD rumble technology for immersive haptic feedback, and a dedicated voice chat button (the C button) remain.

The Joy-Con 2 controllers can be used both magnetically attached to the Nintendo Switch 2 console and detached.

Full compatibility with the Nintendo Switch 2 console ensures a smooth and seamless gaming experience.

Official Nintendo patents also indicate mouse functionality on the Joy-Con 2 controllers, with sensors on the edges to support mouse mode, where the side trigger buttons can function as the primary mouse buttons.

The Nintendo Switch 2 launched globally on June 5, 2025, bringing several improvements over its predecessor.

This console offers a more advanced gaming experience with enhanced performance.

The Joy-Con 2, as an integral part of the Switch 2 ecosystem, also comes with several updated specifications.

In addition to the Hall-effect analog sticks, the Joy-Con 2 also features larger SL and SR buttons, as well as the addition of a pedal-like button on the back.","Nintendo Switch 2 Releases Pastel Purple and Green Joy-Con Variants, Here Are the Latest Prices and Features","https://cdn0-production-images-kly.akamaized.net/ixbYqpOR3koJzS94LdgeKK8INbQ=/1200x675/smart/filters:quality(75):strip_icc():format(jpeg)/kly-media-production/medias/5467937/original/036793800_1767936506-nintendo-switch-2-joy-con_1_.jpeg","https://en.liputan6.com/techno/read/6253912/nintendo-switch-2-releases-pastel-purple-and-green-joy-con-variants-here-are-the-latest-prices-and-features","224","true","true","true","2026-01-10T03:28:34.190166+00:00","","https://www.liputan6.com/"
"Gilang Rahmatullah Akbar","was, issues, in, health, due, nasa, iss, on, space, mission, return, from, issue, to, early, decision, january","en","NASA made the surprising decision to return the International Space Station (ISS) crew early in January 2026 after one of the astronauts experienced health problems.","2026-01-09T13:30:00+07:00","Liputan6.com, Jakarta - The United States space agency, NASA, has announced a significant decision to end the SpaceX Crew-11 mission from the International Space Station (ISS) early.
AdvertisementThe four astronauts on the Crew-11 mission are expected to return to Earth in the coming days.
They are Zena Cardman and Mike Fincke from NASA, Kimiya Yui from JAXA (Japan), and Oleg Platonov from Roscosmos (Russia).
The Crew-11 mission was originally launched from Kennedy Space Center on August 1, 2025, aboard a SpaceX Crew Dragon capsule.
The crew was scheduled to spend at least six months on the ISS and was expected to return around May 2026 but due to this health issue, their return schedule has been significantly accelerated.","Liputan6.com, Jakarta - The United States space agency, NASA, has announced a significant decision to end the SpaceX Crew-11 mission from the International Space Station (ISS) early.

This decision was made following the team's monitoring of a medical issue involving one of the crew members currently stationed aboard the orbiting laboratory.

The official announcement regarding this move was made on Thursday, January 8, 2026, marking a significant change in the mission's operations.

Advertisement

The four astronauts on the Crew-11 mission are expected to return to Earth in the coming days.

They are Zena Cardman and Mike Fincke from NASA, Kimiya Yui from JAXA (Japan), and Oleg Platonov from Roscosmos (Russia).

While the specific reason for the medical issue was not disclosed due to patient privacy, NASA confirmed that the astronauts' conditions are stable and the decision is a precautionary measure.

The Crew-11 mission was originally launched from Kennedy Space Center on August 1, 2025, aboard a SpaceX Crew Dragon capsule.

The crew was scheduled to spend at least six months on the ISS and was expected to return around May 2026 but due to this health issue, their return schedule has been significantly accelerated.","NASA to Return ISS Crew Early in January 2026 Due to Astronaut Health Issues","https://cdn1-production-images-kly.akamaized.net/8FnVLwUAbJhX2o5mGXLzE-LyRTs=/1200x675/smart/filters:quality(75):strip_icc():format(jpeg)/kly-media-production/medias/5467908/original/048075800_1767934821-nasa-iss-independent.jpg","https://en.liputan6.com/trivia/read/6253899/nasa-to-return-iss-crew-early-in-january-2026-due-to-astronaut-health-issues","194","true","true","true","2026-01-10T03:28:33.500668+00:00","","https://www.liputan6.com/"
"Bimo Bagas Basworo","recipe, cook, make, minutes, teaspoon, stir, 1, oil, how, curry, pan, classic, to, chicken, for, indian","en","If you love spicy and flavorful dishes, try this easy, classic Indian curry recipe.","2026-01-09T13:00:00+07:00","This Indian curry recipe is using the chicken meat, just like the classic version.
Stir for about one minute until the smell becomes strong but not burnt.
Stir often until the sauce becomes thick and smooth, and the oil begins to rise to the surface.
Cook for about 5 minutes, turning the chicken to seal in the flavor.
Mix gently, then cover the pan and let the curry simmer on low heat for 20 to 25 minutes.","This Indian curry recipe is using the chicken meat, just like the classic version. Howerver, you can use other types of meat if you like.

Ingredients

- 700 grams chicken, cut into medium pieces

- 3 tablespoons cooking oil

- 2 medium onions, finely chopped

- 3 cloves garlic, minced

- 1 tablespoon grated ginger

- 2 medium tomatoes, blended or finely chopped

- 1 teaspoon ground turmeric

- 2 teaspoons ground coriander

- 1 teaspoon ground cumin

- 1 teaspoon chili powder (adjust to taste)

- 1 teaspoon garam masala

- 1 teaspoon salt, or to taste

- 300 ml water

- Fresh coriander leaves for topping

Instructions

1. Heat the oil in a deep pan over medium heat. Once the oil is warm, add the chopped onions. Cook them slowly, stirring often, until they turn soft and light brown.

2. Add the minced garlic and grated ginger to the pan. Stir for about one minute until the smell becomes strong but not burnt.

3. Put the turmeric, coriander, cumin, and chili powder into the pan. Mix well and cook for another minute. Stir constantly so the spices do not stick to the pan. The oil will start to separate slightly, showing the spices are cooking well.

4. Add the tomatoes to the pan and mix everything together. Let the mixture cook for 5 to 7 minutes. Stir often until the sauce becomes thick and smooth, and the oil begins to rise to the surface.

5. Add the chicken pieces to the pan. Stir carefully so every piece is coated with the sauce. Cook for about 5 minutes, turning the chicken to seal in the flavor.

6. Pour in the water and add salt. Mix gently, then cover the pan and let the curry simmer on low heat for 20 to 25 minutes. Stir once or twice to prevent sticking. The chicken should be fully cooked and soft.

7. Sprinkle garam masala over the curry and stir gently. Let it cook uncovered for 3 more minutes so the final aroma develops.

8. Turn off the heat and rest the curry for a few minutes. Top with fresh coriander leaves before serving.","Indian Curry Recipe: How to Make the Classic Chicken Curry","https://cdn0-production-images-kly.akamaized.net/tWPt9BtkPPeHSee89hBbYfiPBdc=/1200x675/smart/filters:quality(75):strip_icc():format(jpeg)/kly-media-production/medias/5467955/original/088194500_1767938074-pexels-athul-santhosh-1483733062-35532821.jpg","https://en.liputan6.com/food/read/6253929/indian-curry-recipe-how-to-make-the-classic-chicken-curry","362","true","true","true","2026-01-10T03:28:34.318618+00:00","","https://www.liputan6.com/"
"Gilang Rahmatullah Akbar","ready, stage, here, houston, is, for, will, genres, details, up, an, rock, concert, 2026, to, rodeo, music","en","Rodeo Houston 2026 will be held March 2–22, 2026, with a lineup of top-tier music stars. Heres the complete schedule and ticket information for Houston!","2026-01-09T12:20:30+07:00","Liputan6.com, Jakarta - Music and rodeo fans around the world are gearing up for one of Texas' biggest events, the 2026 Houston Livestock Show and Rodeo (Rodeo Houston).
Held for three weeks, from March 2nd to 22nd, 2026, Rodeo Houston promises an unforgettable entertainment experience for all attendees.
Located at NRG Stadium, the event will feature a diverse range of music genres, ready to entertain tens of thousands of spectators each night.
AdvertisementDominated by country music but also featuring other genres such as Latin, R&B, Christian, Rock, and Pop, Rodeo Houston 2026 has lined up an impressive lineup.
General ticket sales will begin in mid-January 2026.","Liputan6.com, Jakarta - Music and rodeo fans around the world are gearing up for one of Texas' biggest events, the 2026 Houston Livestock Show and Rodeo (Rodeo Houston).

Held for three weeks, from March 2nd to 22nd, 2026, Rodeo Houston promises an unforgettable entertainment experience for all attendees.

Located at NRG Stadium, the event will feature a diverse range of music genres, ready to entertain tens of thousands of spectators each night.

Advertisement

Dominated by country music but also featuring other genres such as Latin, R&B, Christian, Rock, and Pop, Rodeo Houston 2026 has lined up an impressive lineup.

General ticket sales will begin in mid-January 2026.","The Houston Rodeo Concert 2026 is Ready to Rock the Stage, Here Are the Complete Details!","https://cdn1-production-images-kly.akamaized.net/R7nNG6MYpFWRBIUjaoa1ZWAwuso=/1200x675/smart/filters:quality(75):strip_icc():format(jpeg)/kly-media-production/medias/5467873/original/047454000_1767933476-houston-rodeo-music-2026.jpg","https://en.liputan6.com/trivia/read/6253873/the-houston-rodeo-concert-2026-is-ready-to-rock-the-stage-here-are-the-complete-details","107","true","true","true","2026-01-10T03:28:34.110719+00:00","","https://www.liputan6.com/"
"Theresia Melinda Indrasari, Diterbitkan Januari, Tim Redaksi","thailandsebagaimana, sea, wushu, apresiasi, xavier, tharisa, airlangga, kinerja, terrence, 2025, juara, ahmad, kontingen, fuaiz, tjahyadi, games, emas, sanda, menko","id","Kontingen Wushu Indonesia mendapat apresiasi tinggi dari Menko Bidang Perekonomian Airlangga Hartarto buntut keberhasilan menjadi juara umum SEA Games 2025.","2026-01-09T12:15:00+07:00","Liputan6.com, Jakarta - Kontingen Wushu Indonesia mendapat apresiasi tinggi dari Menteri Koordinator (Menko) Bidang Perekonomian Airlangga Hartarto, yang sekaligus menjabat Ketua Umum Pengurus Besar Wushu Indonesia, menyusul prestasi mereka di SEA Games 2025 Thailand.
Sebagaimana diketahui, pasukan Wushu tanah air panen medali dengan mengumpulkan 5 emas, 3 perak, dan 1 perunggu saat berpartisipasi dalam ajang olahraga multievent Asia Tenggara.
Medali emas disumbangkan oleh Patricia Geraldine dari nomor gabungan Changquan, Jianshu, dan Qiangshu; aksi beregu Duilian Bare Handed dari Ahmad Ghifari Fuaiz, Ahmad Ghozali Fuaiz, dan Terrence Tjahyadi; sanda putri Tharisa Dea Florentina; sanda putra Samuel Marbun; serta atlet senior Edgar Xavier Marvelo.","Liputan6.com, Jakarta - Kontingen Wushu Indonesia mendapat apresiasi tinggi dari Menteri Koordinator (Menko) Bidang Perekonomian Airlangga Hartarto, yang sekaligus menjabat Ketua Umum Pengurus Besar Wushu Indonesia, menyusul prestasi mereka di SEA Games 2025 Thailand.

Sebagaimana diketahui, pasukan Wushu tanah air panen medali dengan mengumpulkan 5 emas, 3 perak, dan 1 perunggu saat berpartisipasi dalam ajang olahraga multievent Asia Tenggara.

Medali emas disumbangkan oleh Patricia Geraldine dari nomor gabungan Changquan, Jianshu, dan Qiangshu; aksi beregu Duilian Bare Handed dari Ahmad Ghifari Fuaiz, Ahmad Ghozali Fuaiz, dan Terrence Tjahyadi; sanda putri Tharisa Dea Florentina; sanda putra Samuel Marbun; serta atlet senior Edgar Xavier Marvelo.","Juara Umum SEA Games 2025, Menko Airlangga Apresiasi Kinerja Kontingen Wushu Indonesia","https://cdn0-production-images-kly.akamaized.net/kxPuRyroJCESxfrP7xhve4XRlbs=/1200x675/smart/filters:quality(75):strip_icc():format(jpeg)/kly-media-production/medias/5445706/original/005736700_1765862228-8033tim-wushu-indonesia-sukses-raih-juara-umum-di-sea-games-2025-thailand.jpg","https://www.liputan6.com/bola/read/6253889/juara-umum-sea-games-2025-menko-airlangga-apresiasi-kinerja-kontingen-wushu-indonesia","102","true","true","true","2026-01-10T03:28:37.044647+00:00","","https://www.liputan6.com/"
"Diterbitkan Januari, Tim Redaksi","cair, bonus, 2025, perhatian, sea, games, olahraga, subianto, menyerahkan, istana, 14, penutupan, rinciannya, atlet, prabowo","id","Bonus atlet SEA Games 2025 diserahkan langsung Prabowo Subianto hanya selang 14 hari usai penutupan ajang dua tahunan itu di Thailand.","2026-01-08T23:00:38+07:00","Liputan6.com, Jakarta - Bonus SEA Games 2025 sudah diberikan kepada para atlet peraih medali oleh Presiden Prabowo Subianto pada Kamis 8 Januari.
Pencairan bonus sangat cepat selang 14 hari usai SEA Games 2025 resmi ditutup di Thailand.
Penyerahan bonus dilakukan langsung oleh Prabowo kepada para atlet di Istana Negara.
“Hadirnya Bapak Presiden Prabowo Subianto menyerahkan langsung bonus kepada para atlet dan pelatih itu menunjukan makin besarnya perhatian Kepala Negara terhadap putra-putri terbaik olahraga Indonesia di ajang SEA Games.
Setelah meningkatkan jumlah bonus kini Presiden Prabowo menyerahkan langsung kepada para atlet.","Liputan6.com, Jakarta - Bonus SEA Games 2025 sudah diberikan kepada para atlet peraih medali oleh Presiden Prabowo Subianto pada Kamis 8 Januari. Pencairan bonus sangat cepat selang 14 hari usai SEA Games 2025 resmi ditutup di Thailand.

Penyerahan bonus dilakukan langsung oleh Prabowo kepada para atlet di Istana Negara. Hal ini makin memperkuat perhatian besar pemerintah terhadap olahraga nasional. Ini juga menjadi penghargaan besar Presiden Prabowo untuk para pahlawan olahraga yang tidak kenal menyerah dalam mengibarkan Merah Putih di ajang pesta olahraga antarnegara Asia Tenggara.

“Hadirnya Bapak Presiden Prabowo Subianto menyerahkan langsung bonus kepada para atlet dan pelatih itu menunjukan makin besarnya perhatian Kepala Negara terhadap putra-putri terbaik olahraga Indonesia di ajang SEA Games. Setelah meningkatkan jumlah bonus kini Presiden Prabowo menyerahkan langsung kepada para atlet. Tentu ini perhatian yang luar biasa,” kata Ketua Umum Komite Olimpiasde Indonesia (KOI)/NOC Indonesia, Raja Sapta Oktohari yang hadir langsung menyaksikan acara penyerahan bonus oleh Presiden Prabowo di Istana Negara, Jakarta, Kamis (8/1/2026).","Bonus SEA Games 2025 Cair 14 Hari Usai Penutupan, Begini Rinciannya","https://cdn1-production-images-kly.akamaized.net/XbQd8F3X10XcBxJE-5FzT_aXHAo=/1200x675/smart/filters:quality(75):strip_icc():format(jpeg)/kly-media-production/medias/5467445/original/064657900_1767885542-WhatsApp_Image_2026-01-08_at_21.22.24.jpeg","https://www.liputan6.com/bola/read/6253582/bonus-sea-games-2025-cair-14-hari-usai-penutupan-begini-rinciannya","159","true","true","true","2026-01-10T03:28:35.493269+00:00","","https://www.liputan6.com/"
"Lizsa Egeham, Diterbitkan Januari, Putu Merta Surya Putra, Tim Redaksi","bonus, sea, games, asian, saudara, peraih, medali, penghargaan, naikkan, emas, cek, atlet, prabowo, keuangan","id","Presiden Prabowo Subianto menyampaikan dirinya akan kembali menaikkan bonus bagi atlet peraih medali emas di Asian Games 2026.","2026-01-08T20:35:22+07:00","Liputan6.com, Jakarta - Presiden Prabowo Subianto menyampaikan dirinya akan kembali menaikkan bonus bagi atlet peraih medali emas di Asian Games 2026.
Dia sendiri memberikan kenaikan bonus sebesar Rp1 miliar untuk peraih medali emas SEA Games 2025, yang menjadi tertinggi sepanjang sejarah.
Medali emas SEA Games Rp1 miliaf, gimana medali emas Asian Games, hah?
Prabowo berharap prestasi yang diraih di SEA Games dapat berlanjut di ajang Asian Games dan Olimpiade mendatang.
""Kita berharap mubcul di ASIAN Games dengan terhormat, muncul di Olympic Games dengan terhormat.","Liputan6.com, Jakarta - Presiden Prabowo Subianto menyampaikan dirinya akan kembali menaikkan bonus bagi atlet peraih medali emas di Asian Games 2026.

Dia sendiri memberikan kenaikan bonus sebesar Rp1 miliar untuk peraih medali emas SEA Games 2025, yang menjadi tertinggi sepanjang sejarah.

Prabowo menyebut tantangan kedepannya akan semakin berat. Sebab, pemerintah telah menaikkan standar atau benchmark nominal bonus untuk atlet berprestasi pada SEA Games 2025.

Advertisement

""Karena kita sudah kasih benchmark yang agak berat ini. Medali emas SEA Games Rp1 miliaf, gimana medali emas Asian Games, hah? Ya naik lah,"" kata dia dalam acara pemberian penghargaan atlet Sea Games ke-33 Thailand Tahun 2025 di Istana Negara Jakarta, Kamis (8/1/2026).

Kendati begitu, Prabowo tak dapat memastikan nominal kenaikan bonus untuk atlet berprestasi di Asian Games 2026. Dia mengaku akan berkoordinasi terlebih dahulu dengan Menteri Keuangan, Purbaya Yudhi Sadewa.

""Tapi enggak tau naiknya berapa. Saya cek Menteri Keuangan,"" ujar dia.

Prabowo menekankan bonus tersebut merupakan penghargaan yang diberikan negara kepada atlet berprestasi. Sebab, para atlet telah mengorbankan tenaga dan waktu untuk berlatih agar dapat membawa pulang medali serta mengharumkan nama Indonesia di ajang internasional.

""Saudara korbankan waktumu, saudara korbankan tenagamu, saudara korbankan mungkin hal-hal yang saudara bisa hidup dengan enak, santai, tapi saudara latihan, saudara berjuang. Ini adalah penghargaan atas itu, penghargaan atas keringatmu, atas jerih payahmu,"" tutur dia.

Prabowo mengaku bangga dengan semangat atlet-atlet Indonesia. Prabowo berharap prestasi yang diraih di SEA Games dapat berlanjut di ajang Asian Games dan Olimpiade mendatang.

""Kita berharap mubcul di ASIAN Games dengan terhormat, muncul di Olympic Games dengan terhormat. Indonesia negara besar, Indonesia negara kuat, Indonesia negara yang akan bangkit, saudara-saudara lambang kebangkitan bangsa Indonesia,"" kata dia.","Prabowo Akan Naikkan Bonus untuk Peraih Medali Emas di Asian Games: Saya Cek Menteri Keuangan","https://cdn0-production-images-kly.akamaized.net/GJpqwIGZ0nq87TGZO3mH9mkKsXM=/1200x675/smart/filters:quality(75):strip_icc():format(jpeg)/kly-media-production/medias/5467411/original/086755500_1767879046-Prabowo.jpg","https://www.liputan6.com/news/read/6253533/prabowo-akan-naikkan-bonus-untuk-peraih-medali-emas-di-asian-games-saya-cek-menteri-keuangan","272","true","true","true","2026-01-10T03:28:37.006983+00:00","","https://www.liputan6.com/"
"Lizsa Egeham, Diterbitkan Januari, Lia Harahap, Tim Redaksi","tangan, medalimedali, hitung, menghitung, ayu, tepuk, atlet, momen, medali, emas, istana, prabowo, bergemuruh, martina, triathlon","id","Prabowo menyampaikan apresiasi setinggi-tingginya untuk kerja keras para atlet yang bertanding di SEA Games 33.","2026-01-08T20:29:53+07:00","Liputan6.com, Jakarta - Suasana Istana Negara mendadak riuh oleh tepuk tangan ketika Presiden Prabowo Subianto menghitung satu per satu medali yang diraih Martina Ayu Pratiwi.
Martina Ayu adalah atlet triathlon Indonesia.
Martina Ayu, menjadi atlet pertama menerima bonus.
Ia antusias menghitung langsung medali-medali Martina Ayu di hadapan para undangan, didampingi Menteri Pemuda dan Olahraga Erick Thohir.
Aksi spontan itu sontak memancing tepuk tangan meriah dari seluruh hadirin.","Liputan6.com, Jakarta - Suasana Istana Negara mendadak riuh oleh tepuk tangan ketika Presiden Prabowo Subianto menghitung satu per satu medali yang diraih Martina Ayu Pratiwi. Martina Ayu adalah atlet triathlon Indonesia.

Momen tersebut terjadi saat acara penyerahan bonus bagi atlet peraih medali SEA Games 33, yang digelar di Istana Negara, Kamis (8/1/2026).

Martina Ayu, menjadi atlet pertama menerima bonus. Dia tampil dengan lima medali emas dan dua medali perak yang dikalungkan di lehernya. Medali-medali itu diraihnya dari cabang triathlon, duathlon, dan aquathlon.

Advertisement

Deretan prestasi tersebut tampak membuat Presiden Prabowo terkesan. Ia antusias menghitung langsung medali-medali Martina Ayu di hadapan para undangan, didampingi Menteri Pemuda dan Olahraga Erick Thohir. Aksi spontan itu sontak memancing tepuk tangan meriah dari seluruh hadirin.","Momen Prabowo Hitung Medali Emas Martina Ayu, Istana Negara Bergemuruh Tepuk Tangan","https://cdn1-production-images-kly.akamaized.net/8dtPbUBHHQMpFs_jYDk8FWuubBM=/1200x675/smart/filters:quality(75):strip_icc():format(jpeg)/kly-media-production/medias/5467408/original/089705700_1767878994-Salinan_JESS9066.JPG","https://www.liputan6.com/news/read/6253532/momen-prabowo-hitung-medali-emas-martina-ayu-istana-negara-bergemuruh-tepuk-tangan","120","true","true","true","2026-01-10T03:28:36.924320+00:00","","https://www.liputan6.com/"
"Lizsa Egeham, Diterbitkan Januari, Tim Redaksi","bonus, tunggal, sea, miliar, games, peraih, perunggu, medali, rp, ke33, emas, atlet, prabowo, perak","id","Menteri Pemuda dan Olahraga Erick Thohir mengatakan jumlah medali yang berhasil dibawa para atlet SEA Games ke-33 Thailand yakni, 91 emas, 111 perak, dan 131 perunggu. Jumlah medali emas yang berhasil dibawa pulang melebihi target yang ditetapkan.","2026-01-08T16:07:25+07:00","Liputan6.com, Jakarta - Presiden Prabowo Subianto resmi menyerahkan penghargaan berupa bonus kepada atlet SEA Games ke-33 yang berhasil membawa pulang medali ke Tanah Air.
Menteri Pemuda dan Olahraga Erick Thohir mengatakan jumlah medali yang berhasil dibawa para atlet SEA Games ke-33 Thailand yakni, 91 emas, 111 perak, dan 131 perunggu.
Jumlah medali emas yang berhasil dibawa pulang melebihi target yang ditetapkan.
AdvertisementAdapun atlet peraih medali emas tunggal mendapat bonus sebesar Rp 1 miliar.
Sementara itu, peraih medali perak tunggal mendapat Rp 315 juta dan peraih medali perunggu tunggal Rp 157 juta.","Liputan6.com, Jakarta - Presiden Prabowo Subianto resmi menyerahkan penghargaan berupa bonus kepada atlet SEA Games ke-33 yang berhasil membawa pulang medali ke Tanah Air. Prabowo mengundang para atlet hingga pelatih ke Istana Negara, Kamis (8/1/2026) untuk menyerahkan bonus.

Menteri Pemuda dan Olahraga Erick Thohir mengatakan jumlah medali yang berhasil dibawa para atlet SEA Games ke-33 Thailand yakni, 91 emas, 111 perak, dan 131 perunggu. Jumlah medali emas yang berhasil dibawa pulang melebihi target yang ditetapkan.

""Alhamdulillah target juga di atas Pak, yang tadinya 80 emas kita mendapatkan 91 emas. Dan tentu dilengkapi dengan 111 perak dan 131 perunggu,"" kata Erick Thohir dalam acara pemberian penghargaan atlet SEA Games ke-33 Thailand Tahun 2025 di Istana Negara Jakarta, Kamis (8/1/2026).

Advertisement

Adapun atlet peraih medali emas tunggal mendapat bonus sebesar Rp 1 miliar. Ini merupakan bonus tertinggi yang didapat atlet sepanjang sejarah Indonesia.

Sementara itu, peraih medali perak tunggal mendapat Rp 315 juta dan peraih medali perunggu tunggal Rp 157 juta.","Prabowo Beri Bonus Atlet SEA Games 2025: Peraih Medali Emas Rp 1 Miliar, Perunggu Rp 157 Juta","https://cdn1-production-images-kly.akamaized.net/P4q4G7cPYFlRqj-b752YleoLT3U=/1200x675/smart/filters:quality(75):strip_icc():format(jpeg)/kly-media-production/medias/5467113/original/049797500_1767863246-IMG_4623.jpg","https://www.liputan6.com/news/read/6253303/prabowo-beri-bonus-atlet-sea-games-2025-peraih-medali-emas-rp-1-miliar-perunggu-rp-157-juta","159","true","true","true","2026-01-10T03:28:37.123951+00:00","","https://www.liputan6.com/"
"Bimo Bagas Basworo","still, 7, understand, today, dont, artifacts, minoan, historical, system, linear, is, translation, on, it, an, we, language, mysterious, writing","en","These seven historical artifacts are still mystery that puzzle many people to this day.","2026-01-09T12:00:00+07:00","Linear A is an ancient writing system used by the Minoan civilization on Crete between 1800 and 1450 BCE.
It appears on clay tablets, stone objects, and metal items found throughout the island.
The writing system is different from Linear B and represents an unknown language.
If scientists could translate Linear A, it would reveal much about Minoan culture, religion, and daily life.
The main problem is that nobody knows what language the Minoans spoke, making translation nearly impossible without more examples or a translation key.","Linear A is an ancient writing system used by the Minoan civilization on Crete between 1800 and 1450 BCE. It appears on clay tablets, stone objects, and metal items found throughout the island. While experts successfully decoded Linear B in 1952, Linear A remains undeciphered. The writing system is different from Linear B and represents an unknown language. If scientists could translate Linear A, it would reveal much about Minoan culture, religion, and daily life. The main problem is that nobody knows what language the Minoans spoke, making translation nearly impossible without more examples or a translation key.","7 Mysterious Historical Artifacts We Still Don’t Understand Today","https://cdn0-production-images-kly.akamaized.net/0SBEDlI2XgV76UbLhdVe3GSecAI=/1200x675/smart/filters:quality(75):strip_icc():format(jpeg)/kly-media-production/medias/5467892/original/077642300_1767933918-__________________B.jpg","https://en.liputan6.com/trivia/read/6253886/7-mysterious-historical-artifacts-we-still-dont-understand-today","98","true","true","true","2026-01-10T03:28:38.914879+00:00","","https://www.liputan6.com/"
"Gilang Rahmatullah Akbar","price, announces, to, in, romantic, mars, will, with, ticket, shows, on, at, tour, 2026, bruno, schedule, places","en","Bruno Mars will embark on The Romantic Tour in 2026, his first global tour in nearly a decade in support of his new album The Romantic.","2026-01-09T11:25:15+07:00","""The Romantic Tour"" will take Bruno Mars across three major continents, with a total of nearly 40 scheduled shows.
After a series of shows in North America, Bruno Mars will head to Europe.
He will then continue on to Berlin, Germany, on June 26, 2026, at the Olympiastadion, and Milan, Italy, on July 14, 2026, at the Stadio San Siro.
Following the conclusion of the European leg, Bruno Mars will return to North America to continue the remainder of the tour.
The shows will continue through mid-October, with a scheduled closing date of October 14, 2026, at BC Place in Vancouver, Canada.","""The Romantic Tour"" will take Bruno Mars across three major continents, with a total of nearly 40 scheduled shows.

The musical journey will open in Las Vegas, Nevada, on April 10, 2026, at the majestic Allegiant Stadium.

After a series of shows in North America, Bruno Mars will head to Europe.

Several major European cities that will witness Bruno Mars' performances include Paris, France, with two dates at the Stade de France on June 20 and 21, 2026.

He will then continue on to Berlin, Germany, on June 26, 2026, at the Olympiastadion, and Milan, Italy, on July 14, 2026, at the Stadio San Siro.

The European leg of the tour will culminate with two shows at Wembley Stadium in London, England, on July 18 and 19, 2026, an iconic venue ready to welcome thousands of fans.

Following the conclusion of the European leg, Bruno Mars will return to North America to continue the remainder of the tour.

The shows will continue through mid-October, with a scheduled closing date of October 14, 2026, at BC Place in Vancouver, Canada.","Bruno Mars Announces 'The Romantic Tour' 2026: Schedule, Places, and Ticket Price","https://cdn1-production-images-kly.akamaized.net/VG_kgN5AMCnOvi0Z0MFdVhn2DyA=/1200x675/smart/filters:quality(75):strip_icc():format(jpeg)/kly-media-production/medias/5467835/original/024303500_1767932242-bruno-mars-tour-2026.jpg","https://en.liputan6.com/trivia/read/6253858/bruno-mars-announces-the-romantic-tour-2026-schedule-places-and-ticket-price","179","true","true","true","2026-01-10T03:28:38.785935+00:00","","https://www.liputan6.com/"
"Bimo Bagas Basworo","love, chinese, are, year, in, ox, you, personality, life, their, zodiac, people, prediction, your, career, 2026, traits","en","Deep dive into the Chinese zodiac Ox. Learn more about their character, career, love life, and find out 2026 prediction.","2026-01-09T11:00:00+07:00","Liputan6.com, Jakarta - The Chinese zodiac is an ancient system that uses 12 animals to represent different years.
People believe that the year you are born affects your character and your future.
The Chinese zodiac Ox is the second animal in this 12-year cycle.
The Chinese zodiac Ox represents strength and the ability to work through difficult times.
In this article, we will give you a complete overview about the Chinese zodiac Ox, from their personality, their career and love life, as well as their luck in 2026.","Liputan6.com, Jakarta - The Chinese zodiac is an ancient system that uses 12 animals to represent different years. Each animal has special meanings and shows different personality types. People believe that the year you are born affects your character and your future. The Chinese zodiac helps many people understand themselves and others better.

The Chinese zodiac Ox is the second animal in this 12-year cycle. The Ox comes after the Rat and before the Tiger. People born in the Year of the Ox are known for being hard workers. They are honest, patient, and very reliable. The Chinese zodiac Ox represents strength and the ability to work through difficult times.

In this article, we will give you a complete overview about the Chinese zodiac Ox, from their personality, their career and love life, as well as their luck in 2026. We gathered the information from various sources, (9/1/2026).","Chinese Zodiac Ox: Personality Traits, Career, Love Life, and 2026 Prediction","https://cdn1-production-images-kly.akamaized.net/5nDksKST8uwiVg9KWBmv0UB-gZs=/1200x675/smart/filters:quality(75):strip_icc():format(jpeg)/kly-media-production/medias/5465061/original/024559500_1767757817-2b8719d9-9c76-49c7-83ce-103c1d2c6a99.png","https://en.liputan6.com/trivia/read/6253800/chinese-zodiac-ox-personality-traits-career-love-life-and-2026-prediction","148","true","true","true","2026-01-10T03:28:38.945393+00:00","","https://www.liputan6.com/"
"Bimo Bagas Basworo","that, laugh, comedy, by, at, out, loud, young, chinese, you, worker, movies, where, his, watch, make, will, with, wish, to","en","Do you need some laugh? Here are some of the best Chinese comedy movies that will make you burst out.","2026-01-09T10:00:00+07:00","Where to Watch: Amazon Video, Apple TV, Fandango At HomeA)CJ7 tells the story of a poor construction worker and his young son living a hard life.
One day, the boy finds a strange alien creature that looks like a toy.
This discovery leads to many funny moments at school and home.
Directed by Stephen Chow, the film was inspired by his childhood and his wish to make a family comedy with heart.","Where to Watch: Amazon Video, Apple TV, Fandango At HomeA)

CJ7 tells the story of a poor construction worker and his young son living a hard life. One day, the boy finds a strange alien creature that looks like a toy. This discovery leads to many funny moments at school and home. Directed by Stephen Chow, the film was inspired by his childhood and his wish to make a family comedy with heart.","8 Best Chinese Comedy Movies That Will Make You Laugh Out Loud","https://cdn1-production-images-kly.akamaized.net/Ny-ZCLxj1HP-_ng23XnqyofrD7Y=/1200x675/smart/filters:quality(75):strip_icc():format(jpeg)/kly-media-production/medias/5407284/original/035381700_1762683204-MV5BZWQyMDU1MzQtNWY2ZS00YWIyLTg1MDktMjZkMDcxOTZiM2E1XkEyXkFqcGc_._V1_FMjpg_UX1000_.jpg","https://en.liputan6.com/trivia/read/6253770/8-best-chinese-comedy-movies-that-will-make-you-laugh-out-loud","73","true","true","true","2026-01-10T03:28:38.845669+00:00","","https://www.liputan6.com/"
"Artikel Lain Dari Rosyda Rachmania","tayang, season, sisi, karakter, jadwal, oshi, sinopsis, no, cerita, 3, situs, aqua, anime, nonton, ko, ruby","id","Oshi no Ko Season 3 digadang-gadang akan menjadi kelanjutan cerita yang lebih gelap, emosional, dan penuh konflik. Perjalanan Aqua dan Ruby di dunia hiburan semakin jauh dari kata indah, tapi justru di situlah kekuatan ceritanya berada.","2026-01-10T09:30:00+07:00","Kapanlagi.com - Anime Oshi no Ko jadi bahan omongan para penggemar setelah kesuksesan besar di dua season sebelumnya.
Oshi no Ko menggabungkan drama, misteri, dan kritik sosial dalam balutan cerita yang terasa dekat dengan realita.
Dengan karakter yang kuat dan cerita yang emosional, banyak penonton kini menantikan kelanjutan kisah Aqua dan Ruby di Oshi no Ko Season 3.
Sinopsis Oshi No Ko Season 3 Di Oshi no Ko Season 3, cerita diperkirakan akan semakin fokus pada perjalanan Aqua Hoshino yang kian mendekati kebenaran di balik kematian ibunya, Ai Hoshino.
Cerita Sebelumnya Season pertama Oshi no Ko membuka cerita dengan cara yang mengejutkan dan emosional, memperkenalkan Ai Hoshino sebagai idol populer yang menjalani kehidupan penuh rahasia.","Kapanlagi.com - Anime Oshi no Ko jadi bahan omongan para penggemar setelah kesuksesan besar di dua season sebelumnya. Adaptasi dari manga karya Aka Akasaka dan Mengo Yokoyari ini dikenal berani membongkar sisi gelap industri hiburan Jepang, mulai dari dunia idol, akting, sampai tekanan mental yang jarang diperlihatkan di permukaan.

Oshi no Ko menggabungkan drama, misteri, dan kritik sosial dalam balutan cerita yang terasa dekat dengan realita. Studio Doga Kobo kembali dipercaya menggarap anime ini, dengan kualitas visual dan penyutradaraan yang konsisten sejak season pertama.

Dengan karakter yang kuat dan cerita yang emosional, banyak penonton kini menantikan kelanjutan kisah Aqua dan Ruby di Oshi no Ko Season 3. Popularitas anime ini juga terus menanjak, nggak cuma di Jepang, tapi juga secara global.

Advertisement

1. Sinopsis Oshi No Ko Season 3 Di Oshi no Ko Season 3, cerita diperkirakan akan semakin fokus pada perjalanan Aqua Hoshino yang kian mendekati kebenaran di balik kematian ibunya, Ai Hoshino. Dunia hiburan yang sebelumnya tampak glamor kini makin terasa kejam, penuh intrik, manipulasi, dan pengorbanan. Aqua tidak lagi hanya berperan sebagai aktor muda berbakat, tapi juga sebagai sosok yang dengan dingin menyusun langkah demi membalas dendam. Sementara itu, Ruby mulai menapaki jalannya sendiri sebagai idol dengan ambisi besar. Namun, mimpi yang ia kejar perlahan bersinggungan dengan kenyataan pahit industri yang sama-sama menghancurkan. Season ini berpotensi memperlihatkan konflik batin Ruby yang semakin kompleks, terutama saat ia mulai memahami sisi gelap dunia yang dulu ia kagumi. Hubungan antar karakter pun diprediksi semakin intens, dengan emosi, rahasia, dan keputusan besar yang akan mengubah arah cerita. 7 Anime Shounen yang Sering Dikira Seinen Karena Ceritanya Dewasa, Gelap dan Kompleks (Setelah 8 tahun menikah, Raisa dan Hamish Daud resmi cerai.)

2. Cerita Sebelumnya Season pertama Oshi no Ko membuka cerita dengan cara yang mengejutkan dan emosional, memperkenalkan Ai Hoshino sebagai idol populer yang menjalani kehidupan penuh rahasia. Kematian Ai menjadi titik balik utama yang mendorong Aqua dan Ruby menjalani hidup baru di dunia hiburan dengan tujuan yang sangat berbeda. Aqua tenggelam dalam obsesi balas dendam, sementara Ruby mengejar mimpi sang ibu. Memasuki season kedua, cerita lebih banyak menyoroti dunia akting dan teater panggung, termasuk tekanan, ego, dan permainan kekuasaan di balik layar. Aqua semakin dalam menyusup ke industri ini demi mengungkap siapa dalang di balik tragedi masa lalunya. Di sisi lain, perkembangan karakter pendukung seperti Kana Arima dan Akane Kurokawa menambah lapisan drama yang membuat ceritanya terasa hidup dan realistis. 10 Anime Terbaik yang Bisa Kalian Tonton di Vidio, dari Demon Slayer hingga One Piece!","Sinopsis Oshi No Ko Season 3, Jadwal Tayang dan Situs Nonton","https://cdns.klimg.com/resized/1200x600/p/headline/sinopsis-oshi-no-ko-season-3-jadwal-tay-cc9a68.jpg","https://www.kapanlagi.com/jepang/sinopsis-oshi-no-ko-season-3-jadwal-tayang-dan-situs-nonton-fe767f.html","414","true","true","true","2026-01-10T03:28:50.449410+00:00","","https://www.liputan6.com/"
"Benediktus Gerendo Pradigdo","memperluas, liputan, turnamenfifa, fifa, world, piala, gandeng, tiktok, akses, konten, platform, penggemar, 2026","id","Melalui kesepakatan ini, TikTok ditunjuk sebagai Preferred Platform pertama dalam sejarah FIFA, bertujuan memperluas jangkauan media dan keterlibatan penggemar selama Piala Dunia 2026.","2026-01-10T10:15:00+07:00","Bola.com, Jakarta - FIFA secara resmi mengumumkan kerja sama strategis dengan TikTok menjelang FIFA World Cup 2026.
Melalui kesepakatan ini, TikTok ditunjuk sebagai Preferred Platform pertama dalam sejarah FIFA, bertujuan memperluas jangkauan media dan keterlibatan penggemar selama turnamen berlangsung.
Dalam kerja sama itu, TikTok akan menghadirkan liputan Piala Dunia 2026 yang lebih komprehensif, termasuk peningkatan konten orisinal dan menjadikannya sebagai pusat utama bagi penggemar serta kreator konten sepanjang turnamen.
Mereka akan dapat melakukan siaran langsung sebagian pertandingan, mengunggah klip terkurasi, serta mengakses konten khusus yang diproduksi FIFA untuk TikTok.
Selain itu, para penyiar juga dapat memonetisasi liputan mereka melalui solusi iklan premium TikTok, sementara platform tersebut akan menerapkan kebijakan anti-pembajakan untuk melindungi hak kekayaan intelektual FIFA.","Bola.com, Jakarta - FIFA secara resmi mengumumkan kerja sama strategis dengan TikTok menjelang FIFA World Cup 2026. Melalui kesepakatan ini, TikTok ditunjuk sebagai Preferred Platform pertama dalam sejarah FIFA, bertujuan memperluas jangkauan media dan keterlibatan penggemar selama turnamen berlangsung.

Dalam kerja sama itu, TikTok akan menghadirkan liputan Piala Dunia 2026 yang lebih komprehensif, termasuk peningkatan konten orisinal dan menjadikannya sebagai pusat utama bagi penggemar serta kreator konten sepanjang turnamen.

FIFA menyebut kemitraan ini sebagai yang pertama dari jenisnya dan menjadi pengembangan dari kolaborasi sebelumnya pada Piala Dunia Wanita 2023, yang menghasilkan puluhan miliar penayangan di TikTok.

Kemitraan ini akan berlangsung hingga akhir 2026 dan juga membuka peluang besar bagi mitra media resmi FIFA. Mereka akan dapat melakukan siaran langsung sebagian pertandingan, mengunggah klip terkurasi, serta mengakses konten khusus yang diproduksi FIFA untuk TikTok.

Selain itu, para penyiar juga dapat memonetisasi liputan mereka melalui solusi iklan premium TikTok, sementara platform tersebut akan menerapkan kebijakan anti-pembajakan untuk melindungi hak kekayaan intelektual FIFA.","Demi Memperluas Akses Piala Dunia 2026, FIFA Gandeng Platform TikTok","https://cdn1-production-images-kly.akamaized.net/NJBWQn4eyjLZOSWlyHJIcGGvCgU=/199x131:1724x990/1200x675/filters:quality(75):strip_icc():format(jpeg)/kly-media-production/medias/5245748/original/054274300_1749388049-Screenshot_2025-06-08_200508.jpg","https://www.bola.com/dunia/read/6254412/demi-memperluas-akses-piala-dunia-2026-fifa-gandeng-platform-tiktok","160","true","true","true","2026-01-10T03:28:50.334296+00:00","","https://www.liputan6.com/"
"Nabila Febriyanti","cair, batang, praktis, ramah, kulit, risiko, lembut, mandi, ulasannya, mengurangi, sabun, kering, simak","id","Yuk, simak ulasan lengkapnya untuk mengetahui mana yang paling cocok digunakan sehari-hari!","2026-01-10T10:15:39+07:00","Dengan botol pump, sabun cair tidak perlu disentuh langsung sehingga lebih aman digunakan bersama anggota keluarga.
Selain praktis, sabun cair memiliki tekstur yang lembut dan nyaman di kulit.
Keunggulan lain dari sabun cair adalah variasi aromanya yang beragam.
Sabun cair juga dikenal lebih ramah untuk kulit kering dan sensitifSabun cair juga dikenal lebih ramah untuk kulit kering dan sensitif..
Inilah alasan banyak orang menjadikan sabun cair sebagai pilihan utama untuk perawatan tubuh sehari-hari.","Sabun cair sering dianggap lebih praktis karena kemasannya yang modern dan higienis. Dengan botol pump, sabun cair tidak perlu disentuh langsung sehingga lebih aman digunakan bersama anggota keluarga. Cara ini juga membantu mengurangi risiko penyebaran bakteri dari tangan ke tangan.

Selain praktis, sabun cair memiliki tekstur yang lembut dan nyaman di kulit. Kandungan pelembap tambahan seperti gliserin atau aloe vera membuat kulit terasa lebih halus setelah mandi. Tidak heran jika sabun cair menjadi pilihan utama bagi mereka yang ingin menjaga kelembapan kulit setiap hari.

Keunggulan lain dari sabun cair adalah variasi aromanya yang beragam. Mulai dari wangi segar, floral, hingga fruity, semua bisa disesuaikan dengan selera pribadi. Aroma yang tahan lama membuat pengalaman mandi terasa lebih menyenangkan.

Sabun cair juga dikenal lebih ramah untuk kulit kering dan sensitifSabun cair juga dikenal lebih ramah untuk kulit kering dan sensitif.. Formula yang lembut membantu mengurangi risiko iritasi sehingga kulit tetap sehat. Inilah alasan banyak orang menjadikan sabun cair sebagai pilihan utama untuk perawatan tubuh sehari-hari.","Lebih Baik Sabun Cair atau Sabun Batang? Simak Ulasannya","https://cdn1-production-images-kly.akamaized.net/izYo8aXQVHFzskmN4HyYY0gvRk4=/1200x675/smart/filters:quality(75):strip_icc():format(jpeg)/kly-media-production/medias/5454123/original/020458800_1766550463-pexels-gabby-k-6781116.jpg","https://www.fimela.com/beauty/read/6243463/lebih-baik-sabun-cair-atau-sabun-batang-simak-ulasannya","163","true","true","true","2026-01-10T03:28:49.946522+00:00","","https://www.liputan6.com/"
"Bimo Bagas Basworo","or, make, you, how, homemade, winemaking, this, on, process, wine, tricks, to, your, for, own, tips","en","Learning how to make wine at home need a lot of patience and passion.","2026-01-09T03:00:00+07:00","Liputan6.com, Jakarta - Have you ever wondered how to make wine at home?
Making your own wine can be a fun and rewarding experience.
Whether you're a wine enthusiast or just curious about the process, creating homemade wine allows you to explore the art of winemaking right in your own kitchen.
Making your own wine allows you to have control over the ingredients used and the flavors you want to achieve.
AdvertisementIn this article, we will share our guide on how to make wine at home and tips to help you make the best homemade wine.","Liputan6.com, Jakarta - Have you ever wondered how to make wine at home? Making your own wine can be a fun and rewarding experience. Whether you're a wine enthusiast or just curious about the process, creating homemade wine allows you to explore the art of winemaking right in your own kitchen.

Making wine at home is a time-honored tradition that dates back thousands of years. It involves transforming grape juice into a delicious alcoholic beverage through a process called fermentation. This process is facilitated by yeast, a living organism that consumes the sugars in the grape juice and produces alcohol.

Making your own wine allows you to have control over the ingredients used and the flavors you want to achieve. You can experiment with various types of grapes, such as red or white, depending on your preference. Additionally, you can choose to add different flavors like fruits, herbs, or spices to create unique blends.

Advertisement

In this article, we will share our guide on how to make wine at home and tips to help you make the best homemade wine. We made this guide on Thursday (8/1/2025).","How to Make Wine: Tips and Tricks for Homemade Winemaking","https://cdn0-production-images-kly.akamaized.net/CY2pPpzHnWPfKRKido67ixjOFOQ=/1200x675/smart/filters:quality(75):strip_icc():format(jpeg)/kly-media-production/medias/5467265/original/005239500_1767868610-30480.jpg","https://en.liputan6.com/trivia/read/6253409/how-to-make-wine-tips-and-tricks-for-homemade-winemaking","187","true","true","true","2026-01-10T03:28:50.184469+00:00","","https://www.liputan6.com/"
"Bimo Bagas Basworo","list, italy, your, visit, to, you, tourists, trulli, beautiful, white, most, is, places, famous, in, towns, with, top, must","en","From Venice to Puglia, here are the most beautiful places in Italy you must add to your bucket list.","2026-01-09T02:00:00+07:00","Puglia is a beautiful region in the heel of Italy's boot.
It is famous for its white trulli houses, beautiful beaches, and tasty food.
Visit the charming towns of Alberobello and Ostuni and enjoy the region's famous olive oil and seafood.
The area offers a more authentic Italian experience with fewer tourists, ancient cave dwellings, and stunning baroque architecture in cities like Lecce, often called the ""Florence of the South.""","Puglia is a beautiful region in the heel of Italy's boot. It is famous for its white trulli houses, beautiful beaches, and tasty food. Visit the charming towns of Alberobello and Ostuni and enjoy the region's famous olive oil and seafood. The area offers a more authentic Italian experience with fewer tourists, ancient cave dwellings, and stunning baroque architecture in cities like Lecce, often called the ""Florence of the South.""","Top 10 Most Beautiful Places in Italy You Must Add to Your Bucket List","https://cdn1-production-images-kly.akamaized.net/c21KVAVrprvH77lYla_ndYnRHqs=/1200x675/smart/filters:quality(75):strip_icc():format(jpeg)/kly-media-production/medias/5467252/original/007124700_1767867717-chris-czermak-7ybKmhDTcz0-unsplash.jpg","https://en.liputan6.com/trivia/read/6253382/top-10-most-beautiful-places-in-italy-you-must-add-to-your-bucket-list","70","true","true","true","2026-01-10T03:28:49.408721+00:00","","https://www.liputan6.com/"
"Bimo Bagas Basworo","my, in, quotes, you, with, funny, bring, 30, it, laughter, your, adventure, to, when, is, camping, one","en","Get ready to bring fun and laughter to your adventures with these funny camping quotes!","2026-01-09T01:00:00+07:00","When you have to wait a year to sleep next to a tree, something is wrong.""
If you can survive camping with someone, you should marry them on the way home.""
The squirrel will come and sit upon your knee, the logcock will wake you in the morning.
""The wok is one of my favorite things to work with when I'm camping.
""I think camping is one of those things where if you're forced into it as a child, you'll probably hate it as an adult.""","1. ""Some national parks have long waitlists for camping reservations. When you have to wait a year to sleep next to a tree, something is wrong."" - George Carlin

2. ""Camping is not a date; it's an endurance test. If you can survive camping with someone, you should marry them on the way home."" - Yvonne Prinz

3. ""It always rains on tents. Rainstorms will travel thousands of miles, against prevailing winds for the opportunity to rain on a tent."" - Dave Barry

4. ""How is it that one match can start a forest fire, but it takes a whole box of matches to start a campfire?"" - Christy Whitehead

5. ""In a well-ordered universe… camping would take place indoors."" - Morgan Matson

6. ""I married a woman who loves to camp, and I am what you would call indoorsy… My wife always brings up, Camping's a tradition in my family. Hey, it was a tradition in everyone's family 'til we came up with the house."" - Jim Gaffigan

7. ""Campgrounds are never comfortable. They are merely less awful than other options. In normal circumstances, if told that the nearest available toilet was half a mile away, up a dirt path frequented by animals in gastric distress, one would lock the doors and speed to civilization. When a tent or camper is involved, one is jubilant."" - Thomm Quackenbush

8. ""A lot of parents pack up their troubles and send them off to summer camp."" - Raymond Duncan

9. ""Come to the woods, for here is rest. There is no repose like that of the green deep woods. Here grow the wallflower and the violet. The squirrel will come and sit upon your knee, the logcock will wake you in the morning. Sleep in forgetfulness of all ill. Of all the upness accessible to mortals, there is no upness comparable to the mountains."" - John Muir

10. ""October of 2011, Occupy protestors descended upon McPherson Square, and they decided to stay. Despite the clear language of the law, these protestors camped at McPherson Square with the definition of camping being sleeping or preparing to sleep."" - Trey Gowdy

11. ""I was a Scout years ago, before the movement started, when my father took me fishing, camping and hunting. When I learned of the movement, I thought, here is what I always wanted other girls to have."" - Lou Henry Hoover

12. ""Without the intense touch of nature, you can never fully freshen yourself! go for a camping and there both your weary mind and your exhausted body will rise like a morning sun!"" - Mehmet Murat ildan

13. ""If I went on vacation, I'd rather go camping than stay in some four-star hotel… My friends treat me the same at home. They just want to sit down with you and have a beer."" - Travis Fimmel

14. ""The wok is one of my favorite things to work with when I'm camping. Outdoor cooking is not just about hot dogs and hamburgers. There are so many styles of food you can make."" - Guy Fieri

15. ""I think camping is one of those things where if you're forced into it as a child, you'll probably hate it as an adult."" - Jeremy Irvine","30 Camping Quotes Funny to Bring Laughter to Your Adventure","https://cdn1-production-images-kly.akamaized.net/cE68HyHXc15JuKWwwmAo1oXzjpU=/1200x675/smart/filters:quality(75):strip_icc():format(jpeg)/kly-media-production/medias/5467229/original/037007300_1767866665-vitaly-gariev-vOl2IJ-Ow3k-unsplash.jpg","https://en.liputan6.com/trivia/read/6253365/30-camping-quotes-funny-to-bring-laughter-to-your-adventure","542","true","true","true","2026-01-10T03:28:52.142324+00:00","","https://www.liputan6.com/"
"Bimo Bagas Basworo","5, fans, in, is, best, will, tokyo, this, anime, to, for, places, visit","en","As the birthplace of anime, Tokyo is a paradise for fans. Lets explore the top must-visit places for anime fans in Tokyo!","2026-01-09T00:00:00+07:00","Anime is the Japanese animation films that has become a global phenomenon for a long time, gaining many fans from all over the world.
There is no better place in Japan for anime fans to visit than Tokyo.
The capital city of Japan is a true paradise for all anime fans in the world.
As the birthplace of anime, this city has tons of attractions that will satisfy any anime fans.
In this article, we will take a look at some of the best places to visit in Tokyo for anine fans, according to various sources, Thursday (8/1/2026).","Liputan6.com, Jakarta - Who doesn't love anime? Anime is the Japanese animation films that has become a global phenomenon for a long time, gaining many fans from all over the world.

There is no better place in Japan for anime fans to visit than Tokyo. The capital city of Japan is a true paradise for all anime fans in the world. As the birthplace of anime, this city has tons of attractions that will satisfy any anime fans.

In this article, we will take a look at some of the best places to visit in Tokyo for anine fans, according to various sources, Thursday (8/1/2026).","5 Best Places To Visit In Tokyo For Anime Fans","https://cdn0-production-images-kly.akamaized.net/5wu1Wgv2egBrHVINt3hI2pO0lBA=/1200x675/smart/filters:quality(75):strip_icc():format(jpeg)/kly-media-production/medias/5467209/original/088050200_1767866069-jezael-melgoza-NiyRORf8d8I-unsplash.jpg","https://en.liputan6.com/trivia/read/6253352/5-best-places-to-visit-in-tokyo-for-anime-fans","105","true","true","true","2026-01-10T03:28:52.249324+00:00","","https://www.liputan6.com/"
"Bimo Bagas Basworo","more, make, in, quotes, deep, meaningful, twitter, with, us, these, tweets, words, your, to","en","These powerful words can help make your tweets more meaningful. They will leave a lasting impression on your followers.","2026-01-08T23:00:00+07:00","A simple sentence can inspire us to take action or help us see things differently.
Deep Twitter quotes capture big ideas in just a few words, making them easy to remember and share with others.
Deep Twitter quotes can reach many people quickly, creating conversations that matter and helping others feel less alone in their experiences.
Check out these 45 deep Twitter quotes below and let them inspire your next tweet.
They spark meaningful conversations and resonate with your followers in ways you never imagined.","Liputan6.com, Jakarta - Words have the power to change how we think and feel about life. A simple sentence can inspire us to take action or help us see things differently. Deep Twitter quotes capture big ideas in just a few words, making them easy to remember and share with others.

Social media platforms like Twitter are perfect places to spread meaningful messages. Millions of people use these platforms every day to connect and share ideas. Deep Twitter quotes can reach many people quickly, creating conversations that matter and helping others feel less alone in their experiences.

Check out these 45 deep Twitter quotes below and let them inspire your next tweet. They spark meaningful conversations and resonate with your followers in ways you never imagined.","Deep Twitter Quotes: Words to Make Your Tweets More Meaningful","https://cdn1-production-images-kly.akamaized.net/WkHa_1KeTSLdbCTKdi8J4Yiuq2w=/1200x675/smart/filters:quality(75):strip_icc():format(jpeg)/kly-media-production/medias/5467190/original/021159400_1767865245-souvik-banerjee-9Z-2Ktg6CIM-unsplash.jpg","https://en.liputan6.com/trivia/read/6253337/deep-twitter-quotes-words-to-make-your-tweets-more-meaningful","126","true","true","true","2026-01-10T03:28:52.492809+00:00","","https://www.liputan6.com/"
"Bimo Bagas Basworo","for, that, you, traditional, 7, reptile, can, beginners, different, to, pets, than, best, reptiles","en","Reptiles can make excellent pets for beginners if you are ready for the commitment.","2026-01-08T22:00:00+07:00","Liputan6.com, Jakarta - Reptiles can be rewarding pets that show a different experience than traditional animals.
If you consider getting a reptile as a pet, you are not alone.
They can be unique companions that require different care than traditional pets like cats or dogs.
Before choosing a reptile, it is essential to consider your living situation and how much time you can dedicate to their care.
Here are seven of the best reptile pets for beginners:","Liputan6.com, Jakarta - Reptiles can be rewarding pets that show a different experience than traditional animals. If you consider getting a reptile as a pet, you are not alone. Many people find reptiles fascinating and enjoy keeping them at home. They can be unique companions that require different care than traditional pets like cats or dogs.

Before choosing a reptile, it is essential to consider your living situation and how much time you can dedicate to their care. Here are seven of the best reptile pets for beginners:","7 Best Reptile Pets For Beginners","https://cdn1-production-images-kly.akamaized.net/Irvr7ISwPl_ODhrGWnV9W-Rv1aE=/1200x675/smart/filters:quality(75):strip_icc():format(jpeg)/kly-media-production/medias/5467141/original/069888600_1767864216-nikolett-emmert-JqqBpHDsLOU-unsplash.jpg","https://en.liputan6.com/trivia/read/6253312/7-best-reptile-pets-for-beginners","88","true","true","true","2026-01-10T03:28:52.323340+00:00","","https://www.liputan6.com/"
"Bimo Bagas Basworo","are, toward, that, 35, success, quotes, you, propel, in, not, on, great, effort, to, is","en","Effort quotes serve as reminders to helps us learn and grow.","2026-01-08T21:00:00+07:00","""A great work demands a great sacrifice, and who is not capable of a great sacrifice is not capable of a great work.""
Effort is what is inside"" – Ray Lewis10.
""If you have a positive attitude and constantly strive to give your best effort, eventually you will overcome your immediate problems and find you are ready for greater challenges.""
And while effort is the one thing you can control in your life, applying that effort intelligently is next on the list.""
""The results you achieve will be in direct proportion to the effort you apply.""","1. ""Continuous Effort, not strength or intelligence, is the key to unlocking our potential."" – Winston Churchill

2. ""They indeed are fools who are satisfied with the fruits of their past effort and do not engage themselves in self-effort now."" – Swami Venkatesananda

3. ""Most people never run far enough on their first wind to find out they've got a second. Give your dreams all you've got and you'll be amazed at the energy that comes out of you."" – William James

4. ""A great work demands a great sacrifice, and who is not capable of a great sacrifice is not capable of a great work."" – Muriel Strode

5. ""When I was young, I observed that nine out of ten things I did were failures. So I did ten times more work."" – George Bernard Shaw

6. ""The heights by great men reached and kept, Were not attained by sudden flight, But they, while their companions slept, Were toiling upward in the night."" – Henry Wadsworth Longfellow

7. ""In all human affairs there are efforts, and there are results, and the strength of the effort is the measure of the result."" – James Allen

8. ""There's not a person on my team in 16 years that has consistently beat me to the ball every play. That ain't got nothing to do with talent, That's just got everything to do with effort, and nothing else."" – Ray Lewis

9. ""All I ever knew, was that effort would get me seen on tape, effort would get me noticed to get to the league, effort would one day take care of my mom and my kids. Effort, which is between you and you. Nobody else can give you effort. Effort is what is inside"" – Ray Lewis

10. ""A little more persistence, a little more effort, and what seemed hopeless failure may turn to glorious success."" - Elbert Hubbard

11. ""If you have a positive attitude and constantly strive to give your best effort, eventually you will overcome your immediate problems and find you are ready for greater challenges."" - Pat Riley

12. ""It is only through labor and painful effort, by grim energy and resolute courage, that we move on to better things.: - Theodore Roosevelt

13. ""All growth depends upon activity. There is no development physically or intellectually without effort, and effort means work."" - Calvin Coolidge

14. ""Talent without effort is wasted talent. And while effort is the one thing you can control in your life, applying that effort intelligently is next on the list."" - Mark Cuban

15. ""The results you achieve will be in direct proportion to the effort you apply."" - Denis Waitley","35 Effort Quotes to Propel You Toward Success","https://cdn0-production-images-kly.akamaized.net/n1lcGUMpRqwQQz23IxT3dFWCzXU=/1200x675/smart/filters:quality(75):strip_icc():format(jpeg)/kly-media-production/medias/5450688/original/023008800_1766154764-shane-rounce-08M0vQW3eMw-unsplash.jpg","https://en.liputan6.com/trivia/read/6253304/35-effort-quotes-to-propel-you-toward-success","447","true","true","true","2026-01-10T03:28:52.284131+00:00","","https://www.liputan6.com/"
"Gilang Rahmatullah Akbar","boy, batlle, to, in, marcello, with, life, special, on, romance, comedy, hernández, his, cabral, netflixs, ana, is","en","Marcello Hernández, the SNL comedian, released his Netflix special American Boy and captured the publics attention with his romance with architect Ana Amelia Batlle Cabral.","2026-01-08T20:15:20+07:00","Liputan6.com, Jakarta - Marcello Hernández, the comedian best known for his appearances on Saturday Night Live (SNL), is back in the spotlight with the release of his first stand-up comedy special.
Titled ""Marcello Hernández: American Boy,"" the special will premiere globally on Netflix starting January 7, 2026.
The hour-long special was filmed in his hometown of Miami and presents authentic accounts of his life as a first-generation American.
It provides an honest portrait of the immigrant experience in America.In addition to his burgeoning comedy career, Marcello Hernández's love life is also attracting attention.
He recently introduced his girlfriend, Ana Amelia Batlle Cabral, an architect and furniture designer, to the public.","Liputan6.com, Jakarta - Marcello Hernández, the comedian best known for his appearances on Saturday Night Live (SNL), is back in the spotlight with the release of his first stand-up comedy special.

Titled ""Marcello Hernández: American Boy,"" the special will premiere globally on Netflix starting January 7, 2026.

The hour-long special was filmed in his hometown of Miami and presents authentic accounts of his life as a first-generation American.

Advertisement

Hernández candidly discusses the mix of cultural expectations, identity, and everyday situations that shaped his Cuban-Dominican childhood.

It provides an honest portrait of the immigrant experience in America.In addition to his burgeoning comedy career, Marcello Hernández's love life is also attracting attention.

He recently introduced his girlfriend, Ana Amelia Batlle Cabral, an architect and furniture designer, to the public.","Marcello Hernández: Netflix's American Boy and His Romance with Ana Amelia Batlle Cabral","https://cdn0-production-images-kly.akamaized.net/9Zmfi9q2nhDODI-YxS3JZMNl2B0=/1200x675/smart/filters:quality(75):strip_icc():format(jpeg)/kly-media-production/medias/5467228/original/089251200_1767866633-marcello-hernandez-girlfriend.png","https://en.liputan6.com/trivia/read/6253364/marcello-hernandez-netflixs-american-boy-and-his-romance-with-ana-amelia-batlle-cabral","128","true","true","true","2026-01-10T03:28:54.201381+00:00","","https://www.liputan6.com/"
"Bimo Bagas Basworo","that, iconic, make, you, will, stephen, laugh, have, comedy, chows, movies, most, from, to, your, out, loud","en","Here are some of the most iconic Stephen Chow movies that will make you laugh out loud.","2026-01-08T20:00:00+07:00","Liputan6.com, Jakarta - If you love Asian comedy movies, you may have heard Stephen Chow's name before.
He is a legendary actor, director, and comedian from Hong Kong who has been making audiences laugh for decades.
His unique style combines slapstick humor, clever wordplay, and unforgettable characters.
From martial arts parodies to romantic comedies, Chow's films have become iconic in the world of comedy and continue to entertain viewers around the globe.
Here are some of the best and most iconic Stephen Chow movies that will surely tickle your funny bone:","Liputan6.com, Jakarta - If you love Asian comedy movies, you may have heard Stephen Chow's name before. He is a legendary actor, director, and comedian from Hong Kong who has been making audiences laugh for decades. His unique style combines slapstick humor, clever wordplay, and unforgettable characters. From martial arts parodies to romantic comedies, Chow's films have become iconic in the world of comedy and continue to entertain viewers around the globe.

Here are some of the best and most iconic Stephen Chow movies that will surely tickle your funny bone:","7 Most Iconic Stephen Chow Movies That Will Make You Laugh Out Loud","https://cdn1-production-images-kly.akamaized.net/W5DFcKe8o0leFHki7i2DNrJWpr8=/1200x675/smart/filters:quality(75):strip_icc():format(jpeg)/kly-media-production/medias/5467073/original/076759900_1767861909-MV5BZWFlYjA4OTUtM2NhNC00YmY5LWE3NGUtYjZhNWRlN2JjZWRlXkEyXkFqcGc_._V1_FMjpg_UX1000_.jpg","https://en.liputan6.com/trivia/read/6253278/7-most-iconic-stephen-chow-movies-that-will-make-you-laugh-out-loud","91","true","true","true","2026-01-10T03:28:54.443391+00:00","","https://www.liputan6.com/"
"Gilang Rahmatullah Akbar","run, runs, in, la, reality, on, his, spencer, star, from, palisades, to, hall, for, pratt, mayor","en","Reality television personality Spencer Pratt announced his candidacy for Los Angeles Mayor in 2026, challenging Karen Bass.","2026-01-08T19:05:10+07:00","Liputan6.com, Jakarta - Spencer Pratt, an actor known for his appearances in reality show, is now ready to step into the political arena by announcing his intention to run for mayor of Los Angeles in the 2026 election.
The surprise announcement came on Wednesday, January 7, 2026, the one-year anniversary of the devastating Palisades fire.
Pratt's decision to run for office stems from a painful personal experience.
AdvertisementHe lost his home in last year's Palisades fire and has since become a vocal critic of the city and state government's response to the disaster.
With this move, Spencer Pratt will directly challenge incumbent Mayor Karen Bass, who plans to seek a second four-year term.","Liputan6.com, Jakarta - Spencer Pratt, an actor known for his appearances in reality show, is now ready to step into the political arena by announcing his intention to run for mayor of Los Angeles in the 2026 election.

The surprise announcement came on Wednesday, January 7, 2026, the one-year anniversary of the devastating Palisades fire.

Pratt's decision to run for office stems from a painful personal experience.

Advertisement

He lost his home in last year's Palisades fire and has since become a vocal critic of the city and state government's response to the disaster.

With this move, Spencer Pratt will directly challenge incumbent Mayor Karen Bass, who plans to seek a second four-year term.

He promises to ""expose a system"" he deems broken and ""clear the city with our light,"" offering a fresh perspective on the challenges facing Los Angeles.","Spencer Pratt Runs for 2026 LA Mayor: From Reality TV Star to City Hall","https://cdn0-production-images-kly.akamaized.net/MgOnwwc6PhfQ6kEA7y5fLBg33rM=/1200x675/smart/filters:quality(75):strip_icc():format(jpeg)/kly-media-production/medias/5467012/original/053047000_1767860088-spencer-pratt_1_.jpeg","https://en.liputan6.com/trivia/read/6253238/spencer-pratt-runs-for-2026-la-mayor-from-reality-tv-star-to-city-hall","140","true","true","true","2026-01-10T03:28:54.406449+00:00","","https://www.liputan6.com/"
"Gilang Rahmatullah Akbar","dietary, guidelines, was, to, kennedy, jr, pyramid, in, introduced, with, us, food, health, nutrition, by, rfk, what, they","en","The United States launched its revolutionary 2025-2030 Dietary Guidelines, introducing an inverted food pyramid that prioritizes protein and healthy fats.","2026-01-08T18:15:30+07:00","The launch of the guidelines was led by Robert F. Kennedy Jr., as Secretary of the U.S. Department of Health and Human Services (HHS), along with Secretary of Agriculture Brooke Rollins.
The new guidelines introduced the concept of an upside-down food pyramid, aiming to restore focus to whole, nutrient-dense foods.
AdvertisementThis change comes amid a national U.S. health crisis, with nearly 90% of healthcare spending allocated to treating chronic diseases largely related to diet and lifestyle.
The guidelines, called the guidelines “the most significant reset in federal nutrition policy in history,” by Robert F. Kennedy Jr., move away from the previous MyPlate model and reverse the classic depiction of the food pyramid.
The goal was to 'Make America Healthy Again' (MAHA), an agenda led by Kennedy to promote better health and reduce health care costs through better diets.","Liputan6.com, Jakarta - On January 7, 2026, the United States officially launched the new Dietary Guidelines for Americans 2025–2030, a monumental step that marked a paradigm shift in federal nutrition policy.

The launch of the guidelines was led by Robert F. Kennedy Jr., as Secretary of the U.S. Department of Health and Human Services (HHS), along with Secretary of Agriculture Brooke Rollins.

The new guidelines introduced the concept of an upside-down food pyramid, aiming to restore focus to whole, nutrient-dense foods.

Advertisement

This change comes amid a national U.S. health crisis, with nearly 90% of healthcare spending allocated to treating chronic diseases largely related to diet and lifestyle.

More than 70% of American adults are overweight or obese, highlighting the urgency for comprehensive nutrition reform.

The guidelines, called the guidelines “the most significant reset in federal nutrition policy in history,” by Robert F. Kennedy Jr., move away from the previous MyPlate model and reverse the classic depiction of the food pyramid.

The goal was to 'Make America Healthy Again' (MAHA), an agenda led by Kennedy to promote better health and reduce health care costs through better diets.","US Food Pyramid: New Dietary Guidelines Introduced by RFK Jr., What Are They?","https://cdn0-production-images-kly.akamaized.net/KBuq-Fx17MZgwwJmAZUZhslTokk=/1200x675/smart/filters:quality(75):strip_icc():format(jpeg)/kly-media-production/medias/5466942/original/063735900_1767858618-reverse-food-pyramid.jpeg","https://en.liputan6.com/trivia/read/6253210/us-food-pyramid-new-dietary-guidelines-introduced-by-rfk-jr-what-are-they","187","true","true","true","2026-01-10T03:28:54.346718+00:00","","https://www.liputan6.com/"
"Gilang Rahmatullah Akbar","was, weeks, ubisoft, will, employees, studio, wednesday, closes, halifax, 71, amid, union, controversy, unions, to, affected, unionubisoft, closure","en","Ubisoft announced the closure of its Halifax studio, laying off 71 employees, just weeks after a union was formed.","2026-01-08T17:30:00+07:00","Liputan6.com, Jakarta - Ubisoft, a leading global game developer, announced the closure of its Halifax studio on Wednesday, January 7, 2026.
This decision directly impacts 71 employee positions at the Canadian studio.
The closure comes amid a broader restructuring by the company and just weeks after the studio became the first in North America to successfully unionize.
However, the union questioned the timing of the closure, so close to the union's formation.
The Halifax studio, known for developing mobile games like Assassin's Creed Rebellion, will now cease operations.","Liputan6.com, Jakarta - Ubisoft, a leading global game developer, announced the closure of its Halifax studio on Wednesday, January 7, 2026.

This decision directly impacts 71 employee positions at the Canadian studio.

The closure comes amid a broader restructuring by the company and just weeks after the studio became the first in North America to successfully unionize.

Advertisement

The studio's closure has raised questions and disappointment, particularly from the union.

Ubisoft stated that the move was part of a two-year streamlining and cost-cutting effort.

However, the union questioned the timing of the closure, so close to the union's formation.

The Halifax studio, known for developing mobile games like Assassin's Creed Rebellion, will now cease operations.","Ubisoft Closes Halifax Studio: 71 Employees Affected Amid Union Controversy","https://cdn0-production-images-kly.akamaized.net/NK43EiOAmfGvHAlrlxGSNWjfkQ4=/1200x675/smart/filters:quality(75):strip_icc():format(jpeg)/kly-media-production/medias/5466864/original/050858700_1767857007-ubisoft_1_.jpeg","https://en.liputan6.com/techno/read/6253172/ubisoft-closes-halifax-studio-71-employees-affected-amid-union-controversy","115","true","true","true","2026-01-10T03:28:54.346137+00:00","","https://www.liputan6.com/"
"Bimo Bagas Basworo","practice, that, many, drummer, with, 40, these, drum, rock, jokes, we, to, loud, totally","en","Ba-dum-tss! These funny drummer jokes are totally rock. Get ready to laugh out loud.","2026-01-08T17:00:00+07:00","Loud beats, steady rhythm, and long practice hours are part of daily life behind the drum kit.
These moments feel familiar to many musicians and fans, which makes drummer jokes feel close to real life.
These common experiences inspire drummer jokes that connect with band members and listeners who know the pressure of keeping the beat steady.
In this article, we have gathered some of the funniest drummer jokes we can find in various online sources, Thursday (8/1/2026).
Get ready to laugh out loud and let the drum roll!","Liputan6.com, Jakarta - Drummers bring strong energy to music. Loud beats, steady rhythm, and long practice hours are part of daily life behind the drum kit. Missed cues, broken sticks, and counting problems often happen during practice or live shows. These moments feel familiar to many musicians and fans, which makes drummer jokes feel close to real life.

Band practice rooms and live stages create many funny situations. Drummers deal with heavy equipment, tight timing, and constant noise. Late starts, tempo struggles, and long drum solos can test patience in a light way. These common experiences inspire drummer jokes that connect with band members and listeners who know the pressure of keeping the beat steady.

In this article, we have gathered some of the funniest drummer jokes we can find in various online sources, Thursday (8/1/2026). Get ready to laugh out loud and let the drum roll!","40 Drummer Jokes That Totally Rock","https://cdn1-production-images-kly.akamaized.net/KLANsjS--AtLxrmZkgohq563kEc=/1200x675/smart/filters:quality(75):strip_icc():format(jpeg)/kly-media-production/medias/5466985/original/064081000_1767859655-josh-sorenson-MjIMc6uhwrE-unsplash.jpg","https://en.liputan6.com/trivia/read/6253230/40-drummer-jokes-that-totally-rock","147","true","true","true","2026-01-10T03:28:58.820499+00:00","","https://www.liputan6.com/"
"Gilang Rahmatullah Akbar","season, date, will, today, with, release, us, must, how, reality, premieres, watch, from, to, traitors, stars","en","The Traitors US Season 4 is coming soon with new intrigue. Check out the release schedule, the list of 23 celebrity cast members, and how to watch this mystery-filled series.","2026-01-08T16:30:00+07:00","Liputan6.com, Jakarta - Fans of reality shows full of intrigue and mystery will soon be treated to a treat with the arrival of The Traitors US Season 4.
Hosted by Alan Cumming, the series is ready to deliver high-level drama and strategy from the competing celebrities.
AdvertisementThe latest season of The Traitors US will feature 23 high-profile stars from diverse backgrounds, from reality stars to Olympic athletes.
They will be tested in a game of betrayal and loyalty, with some becoming ""Traitors"" who must conceal their identities.
The remaining ""Faithfuls"" must fight to uncover the traitors before they are eliminated.","Liputan6.com, Jakarta - Fans of reality shows full of intrigue and mystery will soon be treated to a treat with the arrival of The Traitors US Season 4.

Hosted by Alan Cumming, the series is ready to deliver high-level drama and strategy from the competing celebrities.

The premiere is scheduled for Thursday, January 8, 2026.

Advertisement

The latest season of The Traitors US will feature 23 high-profile stars from diverse backgrounds, from reality stars to Olympic athletes.

They will be tested in a game of betrayal and loyalty, with some becoming ""Traitors"" who must conceal their identities.

The remaining ""Faithfuls"" must fight to uncover the traitors before they are eliminated.","The Traitors US Season 4 Premieres Today: Release Date, Cast, and How to Watch","https://cdn0-production-images-kly.akamaized.net/-1oO_snESnJnmhkmZcRF93L-nTg=/1200x675/smart/filters:quality(75):strip_icc():format(jpeg)/kly-media-production/medias/5466801/original/024677500_1767855536-the-traitors-us_1_.jpeg","https://en.liputan6.com/trivia/read/6253139/the-traitors-us-season-4-premieres-today-release-date-cast-and-how-to-watch","110","true","true","true","2026-01-10T03:28:58.194560+00:00","","https://www.liputan6.com/"
"Bimo Bagas Basworo","are, that, you, games, play, 7, this, sandbox, wild, your, to, run, one, best, creativity, let","en","These games give you a lot of freedom to explore the virtual worlds and let your creativity run wild.","2026-01-08T16:00:00+07:00","Liputan6.com, Jakarta - If you want to play a game where you are free to explore your creativity, sandbox games are the perfect choice for you.
These games do not force you to follow one strict path or story.
Because of this freedom, open world sandbox games are loved by players who enjoy imagination and personal expression.
In this list, you will find several popular sandbox games that allow creative play in different ways.
Each game offers a unique experience, so you can choose the one that fits your style and interests.","Liputan6.com, Jakarta - If you want to play a game where you are free to explore your creativity, sandbox games are the perfect choice for you. These games do not force you to follow one strict path or story. Instead, they give you space to build, explore, design, and play in your own way. You can create worlds, shape characters, and try different ideas without pressure. Because of this freedom, open world sandbox games are loved by players who enjoy imagination and personal expression.

In this list, you will find several popular sandbox games that allow creative play in different ways. Each game offers a unique experience, so you can choose the one that fits your style and interests.","7 Best Sandbox Games to Let Your Creativity Run Wild","https://cdn0-production-images-kly.akamaized.net/J4hwNc4daoNNH-wpU6wBn5s0cf4=/1200x675/smart/filters:quality(75):strip_icc():format(jpeg)/kly-media-production/medias/5466896/original/085560900_1767857561-ss_d8de91e4a87f0e2c0fb70c84bd0f798bd4617eaf.1920x1080.jpg","https://en.liputan6.com/techno/read/6253184/7-best-sandbox-games-to-let-your-creativity-run-wild","119","true","true","true","2026-01-10T03:28:55.392232+00:00","","https://www.liputan6.com/"
"Gilang Rahmatullah Akbar","expect, more, netflix, is, mid2026, will, what, in, release, set, holmes, heres, malta, to, for, enola","en","Enola Holmes 3, due for a Netflix release in mid-2026, promises a more mature adventure, an Enola-Tewkesbury romance, and the return of Moriarty.","2026-01-08T15:25:10+07:00","Liputan6.com, Jakarta - Fans of young detective Enola Holmes get ready, as Netflix has confirmed the arrival of a third film, Enola Holmes 3, scheduled for release in mid-2026.
The film will take Enola to an exotic new location, Malta, where she will face a case far more complex and dangerous than before.
AdvertisementMillie Bobby Brown, the lead actress, promises a ""very different Enola Holmes"" with a darker and more mature storyline.
Beyond the intriguing mystery, audiences will also be treated to the development of the long-awaited romance between Enola and Tewkesbury.
With the return of the core cast, including Millie Bobby Brown, Henry Cavill, and Helena Bonham Carter, and the addition of key characters like Dr. Watson, Enola Holmes 3 is poised to deliver an immersive cinematic experience.","Liputan6.com, Jakarta - Fans of young detective Enola Holmes get ready, as Netflix has confirmed the arrival of a third film, Enola Holmes 3, scheduled for release in mid-2026.

The film is being positioned as a major summer blockbuster by Netflix, signaling high expectations for the continuation of the story of Sherlock Holmes' younger sister.

The film will take Enola to an exotic new location, Malta, where she will face a case far more complex and dangerous than before.

Advertisement

Millie Bobby Brown, the lead actress, promises a ""very different Enola Holmes"" with a darker and more mature storyline.

Beyond the intriguing mystery, audiences will also be treated to the development of the long-awaited romance between Enola and Tewkesbury.

With the return of the core cast, including Millie Bobby Brown, Henry Cavill, and Helena Bonham Carter, and the addition of key characters like Dr. Watson, Enola Holmes 3 is poised to deliver an immersive cinematic experience.

Production on the film was completed in June 2025, after filming at Shepperton Studios, England, and the beautiful Valletta and Mdina, Malta.","Enola Holmes 3 Set for Mid-2026 Release: Here's What to Expect","https://cdn0-production-images-kly.akamaized.net/4_pHQeQmu4Edy0RPW-Y2-vFmOWA=/1200x675/smart/filters:quality(75):strip_icc():format(jpeg)/kly-media-production/medias/5466754/original/019284500_1767854093-enola-holmes-3.jpeg","https://en.liputan6.com/trivia/read/6253110/enola-holmes-3-set-for-mid-2026-release-heres-what-to-expect","178","true","true","true","2026-01-10T03:28:57.795665+00:00","","https://www.liputan6.com/"
"Bimo Bagas Basworo","was, make, many, quotes, deep, brighter, 45, messages, people, his, seuss, from, your, to, day","en","Dr. Seuss quotes are simple and a bit silly, but still carry deep and powerful meaning that will make your day brighter.","2026-01-08T15:00:00+07:00","Liputan6.com, Jakarta - Dr. Seuss quotes can make you smile and think at the same time.
Many people around the world love these quotes because they are short, fun, and full of wisdom.
The Dr. Seuss quotes from his books teach important lessons to both children and adults.
In this article, we have gathered some of the most powerful Dr. Seuss quotes from various sources, Thursday (8/1/2026).
Continue reading to explore the quotes and discover deep messages that will brighten your day.","Liputan6.com, Jakarta - Dr. Seuss quotes can make you smile and think at the same time. His words carry deep messages about life, dreams, and being yourself. Many people around the world love these quotes because they are short, fun, and full of wisdom.

Dr. Seuss was an American writer and artist. His real name was Theodor Seuss Geisel. People remember him for his creative stories and colorful pictures. He wrote many popular children's books like ""The Cat in the Hat"" and ""Green Eggs and Ham."" The Dr. Seuss quotes from his books teach important lessons to both children and adults.

In this article, we have gathered some of the most powerful Dr. Seuss quotes from various sources, Thursday (8/1/2026). Continue reading to explore the quotes and discover deep messages that will brighten your day.","45 Dr. Seuss Quotes to Make Your Day Brighter","https://cdn0-production-images-kly.akamaized.net/cgY1ViSmj2LcWDok0xWEGB5NbHw=/1200x675/smart/filters:quality(75):strip_icc():format(jpeg)/kly-media-production/medias/5466803/original/069390900_1767855551-Ted_Geisel_NYWTS_2_crop.jpg","https://en.liputan6.com/trivia/read/6253140/45-dr-seuss-quotes-to-make-your-day-brighter","135","true","true","true","2026-01-10T03:28:55.791193+00:00","","https://www.liputan6.com/"
"Gilang Rahmatullah Akbar","twists, season, was, bringing, in, viewers, identity, shocking, surprises, singer, first, 14, premieres, premiere, contestant, revealed, to, masked","en","The Masked Singers 14th season has officially premiered, bringing 18 contestants, favorite panelists, and a jaw-dropping Americas Insider twist.","2026-01-08T14:20:30+07:00","The premiere episode of Season 14 of The Masked Singer immediately delivered a captivating performance from the 10 contestants.
Kylie Cantrall, star of ""Descendants,"" became the first ""America's Insider"" contestant to appear as ""Cat Witch,"" her identity revealed to viewers in the premiere episode.
The first shocking identity reveal came from the Googly Eyes contestant, who turned out to be legendary baseball player David Ortiz, known as ""Big Papi.""
Ortiz was the first contestant eliminated in the premiere episode.
Meanwhile, The Croissants were also eliminated in the premiere episode, but their identities will only be revealed in the second week, further fueling public curiosity.","The premiere episode of Season 14 of The Masked Singer immediately delivered a captivating performance from the 10 contestants.

They battled it out in an intense head-to-head battle, culminating in a shocking double elimination.

One new feature that caught the eye was the ""America's Insider"" twist.

This feature allowed viewers at home to discover the identity of one of the contestants, while the panelists remained in the dark.

Kylie Cantrall, star of ""Descendants,"" became the first ""America's Insider"" contestant to appear as ""Cat Witch,"" her identity revealed to viewers in the premiere episode.

The first shocking identity reveal came from the Googly Eyes contestant, who turned out to be legendary baseball player David Ortiz, known as ""Big Papi.""

Ortiz was the first contestant eliminated in the premiere episode.

Meanwhile, The Croissants were also eliminated in the premiere episode, but their identities will only be revealed in the second week, further fueling public curiosity.","The Masked Singer Season 14 Premieres, Bringing New Surprises and Twists","https://cdn1-production-images-kly.akamaized.net/R8fgIDPMYbvFvDjzNMnszWW2hVA=/1200x675/smart/filters:quality(75):strip_icc():format(jpeg)/kly-media-production/medias/5466715/original/070465700_1767852144-the-masked-singer.jpeg","https://en.liputan6.com/trivia/read/6253073/the-masked-singer-season-14-premieres-bringing-new-surprises-and-twists","153","true","true","true","2026-01-10T03:29:00.510697+00:00","","https://www.liputan6.com/"
"Bimo Bagas Basworo","12, chemical, in, ants, you, kill, ways, how, clean, your, natural, to, home, they","en","Dealing with ants invasion? Learn how to kill ants with 12 chemical and natural ways to clean your home from the pest.","2026-01-08T14:00:00+07:00","When ants appear in large numbers, they can quickly become stressful.
Learning how to kill ants in a safe and effective way is important for keeping your home clean and comfortable.
You may feel frustrated when you clean them up, but they come back the next day.
Learning how to kill ants is important for keeping your home clean and comfortable.
In this article, we will share some tips on how to kill ants at home, both using chemicals and natural remedies.","Liputan6.com, Jakarta - Ants are one of the most common household pests in many parts of the world. They often enter homes in search of food, water, and shelter. When ants appear in large numbers, they can quickly become stressful. Learning how to kill ants in a safe and effective way is important for keeping your home clean and comfortable.

An ant invasion can be very annoying. These tiny insects walk across your counters, get into your food, and make trails on your walls. You may feel frustrated when you clean them up, but they come back the next day. Learning how to kill ants is important for keeping your home clean and comfortable.

If you are frustrated dealing with ants at home, don't worry. In this article, we will share some tips on how to kill ants at home, both using chemicals and natural remedies. We gathered the information from various sources, Thursday (8/1/2025).","How to Kill Ants: 12 Chemical and Natural Ways to Try","https://cdn1-production-images-kly.akamaized.net/3Zzh3YUr00R6Pkl-CTWR1CLvOZc=/1200x675/smart/filters:quality(75):strip_icc():format(jpeg)/kly-media-production/medias/5466732/original/053290700_1767852970-amit-talwar-xQKaIyUhsSE-unsplash.jpg","https://en.liputan6.com/trivia/read/6253088/how-to-kill-ants-12-chemical-and-natural-ways-to-try","155","true","true","true","2026-01-10T03:29:00.543081+00:00","","https://www.liputan6.com/"
"Gilang Rahmatullah Akbar","ready, season, culling, in, kaisen, it, this, game, watch, arc, plot, chapters, to, which, jujutsu, is, schedule","en","Fans wont have to wait any longer, Jujutsu Kaisen Season 3 will premiere soon, continuing the intense story after the Shibuya Incident with Culling Game.","2026-01-08T13:25:45+07:00","The first arc is the 'Itadori's Extermination Arc,' which covers manga chapters 137 to 143.
In this arc, Yuji is subjected to execution by Yuta Okkotsu under a terrifying order.
The culmination of this season is the 'Culling Game Arc,' which is the biggest and most anticipated arc, covering manga chapters 159 to 221.
The 'Culling Game' is a battle royale-style death tournament launched by the ancient sorcerer Kenjaku.
The ultimate goal of the Jujutsu sorcerers entering this game is to fight Kenjaku and free Satoru Gojo from the Prison Realm.","The third season will directly pick up after the brutal Shibuya Incident in Season 2, where Satoru Gojo was sealed by Kenjaku and Yuji Itadori was targeted for execution.

Jujutsu Kaisen Season 3 will adapt three major arcs from the manga.

The first arc is the 'Itadori's Extermination Arc,' which covers manga chapters 137 to 143.

In this arc, Yuji is subjected to execution by Yuta Okkotsu under a terrifying order.

Next is the 'Perfect Preparation Arc,' which consists of 14 chapters (chapters 144-158), showcasing the sorcerers' preparations for the 'Culling Game' and highlighting the role of Maki Zenin.

The culmination of this season is the 'Culling Game Arc,' which is the biggest and most anticipated arc, covering manga chapters 159 to 221.

The 'Culling Game' is a battle royale-style death tournament launched by the ancient sorcerer Kenjaku.

The ultimate goal of the Jujutsu sorcerers entering this game is to fight Kenjaku and free Satoru Gojo from the Prison Realm.

As a prelude, a compilation film of the Shibuya Incident along with the first two episodes of 'The Culling Game Part 1' titled Jujutsu Kaisen: Execution premiered in Japanese theaters in November 2025.","Jujutsu Kaisen Season 3 Is Ready to Air: Here's the Schedule, Plot, and How to Watch It","https://cdn0-production-images-kly.akamaized.net/eBlCZsRU6xbQorS2-sznDFaTyVI=/1200x675/smart/filters:quality(75):strip_icc():format(jpeg)/kly-media-production/medias/5466662/original/065691900_1767851038-jujutsu-kaisen-season-3.jpg","https://en.liputan6.com/trivia/read/6253049/jujutsu-kaisen-season-3-is-ready-to-air-heres-the-schedule-plot-and-how-to-watch-it","193","true","true","true","2026-01-10T03:29:00.133693+00:00","","https://www.liputan6.com/"
"Bimo Bagas Basworo","was, year, city, where, destinations, travel, 10, will, capricorns, high, from, has, to, walking, for, best","en","From Kyoto to Stockholm, here are the ten best travel destinations for Capricorns that match your energy.","2026-01-08T13:00:00+07:00","Salzburg sits between mountains and feels like a city from a storybook.
This is where Mozart was born, and classical music fills the air throughout the year.
Capricorns will appreciate how the city values its cultural achievements and maintains high standards in everything from concerts to cafes.
The old town has beautiful baroque buildings and narrow streets perfect for walking.
Mirabell Palace has formal gardens that appeal to the Capricorn love of structure.","Salzburg sits between mountains and feels like a city from a storybook. This is where Mozart was born, and classical music fills the air throughout the year. Capricorns will appreciate how the city values its cultural achievements and maintains high standards in everything from concerts to cafes. The old town has beautiful baroque buildings and narrow streets perfect for walking. Hohensalzburg Fortress stands high above the city and offers amazing views of the Alps. Mirabell Palace has formal gardens that appeal to the Capricorn love of structure.","10 Best Travel Destinations for Capricorns","https://cdn0-production-images-kly.akamaized.net/TL3ZtzeafOtpLkahhEuxiG3sdto=/1200x675/smart/filters:quality(75):strip_icc():format(jpeg)/kly-media-production/medias/5466605/original/040284300_1767849099-aaron-santelices-ZdwVvRdel8A-unsplash.jpg","https://en.liputan6.com/trivia/read/6253020/10-best-travel-destinations-for-capricorns","87","true","true","true","2026-01-10T03:29:00.211067+00:00","","https://www.liputan6.com/"
"Gilang Rahmatullah Akbar","was, her, good, in, victims, operation, that, minneapolis, by, nicole, happened, ice, renee, what, when, shot","en","A woman named Renee Nicole Good was shot and killed by Immigration and Customs Enforcement (ICE) agents in Minneapolis during an immigration operation.","2026-01-08T12:20:05+07:00","Liputan6.com, Jakarta - A fatal shooting rocked Minneapolis on Wednesday morning, January 7, 2026, when 37-year-old Renee Nicole Good was shot and killed by Immigration and Customs Enforcement (ICE) agents.
This tragic incident happened during a large-scale immigration operation conducted by ICE on Portland Avenue in south Minneapolis, about a mile from the site of the infamous murder of George Floyd.
Renee Nicole Good, identified by her mother, Donna Ganger, to the Minneapolis Star-Tribune, was described as a poet, writer, wife, and mother of a six-year-old.
The victim's family emphasized that Renee was not involved in any of the protests challenging the ICE agents at the scene.
The Minneapolis City Council also confirmed the victim's identity and stated that Renee was “caring for her neighbor” when the shooting happened.","Liputan6.com, Jakarta - A fatal shooting rocked Minneapolis on Wednesday morning, January 7, 2026, when 37-year-old Renee Nicole Good was shot and killed by Immigration and Customs Enforcement (ICE) agents.

This tragic incident happened during a large-scale immigration operation conducted by ICE on Portland Avenue in south Minneapolis, about a mile from the site of the infamous murder of George Floyd.

Renee Nicole Good, identified by her mother, Donna Ganger, to the Minneapolis Star-Tribune, was described as a poet, writer, wife, and mother of a six-year-old.

Advertisement

Although originally from Colorado, she had lived in Minnesota and was known as a “deeply compassionate” individual who “cared about people her entire life.”

""She was loving, forgiving and affectionate,"" Ganger told the newspaper. ""She was an amazing human being.""

The victim's family emphasized that Renee was not involved in any of the protests challenging the ICE agents at the scene.

The Minneapolis City Council also confirmed the victim's identity and stated that Renee was “caring for her neighbor” when the shooting happened.","Renee Nicole Good Shot Dead in Minneapolis During ICE Operation, What Happened?","https://cdn1-production-images-kly.akamaized.net/xR02RTTKzf7lQaCtenK4rVnfcOI=/1200x675/smart/filters:quality(75):strip_icc():format(jpeg)/kly-media-production/medias/5466622/original/077870600_1767849233-ice-minneapolis-shooting.jpg","https://en.liputan6.com/trivia/read/6253022/renee-nicole-good-shot-dead-in-minneapolis-during-ice-operation-what-happened","170","true","true","true","2026-01-10T03:28:59.992314+00:00","","https://www.liputan6.com/"
"Bimo Bagas Basworo","chinese, in, is, personality, special, years, this, zodiac, prediction, them, 2026, to, rat, traits","en","Learn more about the Chinese zodiac rat personality, love life, and career. Dont forget to check out the 2026 prediction for this zodiac sign.","2026-01-08T12:00:00+07:00","Liputan6.com, Jakarta - The Chinese zodiac is an ancient system that uses twelve animals to represent different years.
The Chinese zodiac rat is the first animal in the zodiac cycle.
This position makes the rat special and important.
People born in rat years are believed to have special characteristics that make them unique.
In this article, we will talk about everything you need to know about the Chinese zodiac rat, from personality trait and love life to their luck in 2026.","Liputan6.com, Jakarta - The Chinese zodiac is an ancient system that uses twelve animals to represent different years. Each animal has special meaning and brings different qualities to people born in its year. This tradition has been part of Chinese culture for thousands of years and is still important today.

The Chinese zodiac rat is the first animal in the zodiac cycle. This position makes the rat special and important. According to legend, the rat won a great race and became the leader of all zodiac animals. People born in rat years are believed to have special characteristics that make them unique.

In this article, we will talk about everything you need to know about the Chinese zodiac rat, from personality trait and love life to their luck in 2026. Let's check them out.","Chinese Zodiac Rat: Personality Traits and 2026 Prediction","https://cdn1-production-images-kly.akamaized.net/zfvC-IC6HijJKDo_fEjE0jj71OI=/1200x675/smart/filters:quality(75):strip_icc():format(jpeg)/kly-media-production/medias/5465059/original/086356500_1767757816-abbe23d7-5330-4533-bc3e-c3c30fa74d5e.png","https://en.liputan6.com/trivia/read/6252949/chinese-zodiac-rat-personality-traits-and-2026-prediction","134","true","true","true","2026-01-10T03:29:02.009266+00:00","","https://www.liputan6.com/"
"Gilang Rahmatullah Akbar","flynn, rider, tangled, teagan, to, will, with, play, her, milo, manheim, disneys, rapunzel, has, officially, live","en","Disney has announced Teagan Croft and Milo Manheim as the leads for the highly anticipated live-action Tangled.","2026-01-08T11:50:25+07:00","Liputan6.com, Jakarta - The live-action adaptation of Disney's Tangled has finally shown significant progress with the announcement of the main cast.
On Wednesday, January 7, 2026, Disney officially announced the two names who will bring the iconic characters of Rapunzel and Flynn Rider to life on the big screen.
Teagan Croft, previously known for her role as Rachel Roth/Raven in the DC series Titans, will play Rapunzel with her signature long hair.
AdvertisementMeanwhile, Milo Manheim, the popular star of the Disney Channel Zombies franchise, has been tapped to play the charismatic Flynn Rider.
This announcement immediately sparked high enthusiasm among fans, given that Tangled is one of Disney's most beloved animated films.","Liputan6.com, Jakarta - The live-action adaptation of Disney's Tangled has finally shown significant progress with the announcement of the main cast.

On Wednesday, January 7, 2026, Disney officially announced the two names who will bring the iconic characters of Rapunzel and Flynn Rider to life on the big screen.

Teagan Croft, previously known for her role as Rachel Roth/Raven in the DC series Titans, will play Rapunzel with her signature long hair.

Advertisement

Meanwhile, Milo Manheim, the popular star of the Disney Channel Zombies franchise, has been tapped to play the charismatic Flynn Rider.

This announcement immediately sparked high enthusiasm among fans, given that Tangled is one of Disney's most beloved animated films.","Disney's Tangled Live Action: Teagan Croft and Milo Manheim Officially Cast as Rapunzel and Flynn Rider","https://cdn1-production-images-kly.akamaized.net/ovRe96w7fJ09krqzUXb7ieBRnAo=/1200x675/smart/filters:quality(75):strip_icc():format(jpeg)/kly-media-production/medias/5466545/original/030614800_1767847420-tangled-live-action-disney.jpg","https://en.liputan6.com/trivia/read/6252994/disneys-tangled-live-action-teagan-croft-and-milo-manheim-officially-cast-as-rapunzel-and-flynn-rider","113","true","true","true","2026-01-10T03:29:02.006715+00:00","","https://www.liputan6.com/"
"Bimo Bagas Basworo","love, detective, are, those, crime, kdramas, 10, you, these, stories, who, mystery, on, keep, for, best","en","Do you love mystery? Here are the ten best crime and detective K-Dramas you need to watch.","2026-01-08T10:00:00+07:00","Liputan6.com, Jakarta - K-Dramas are not only about romance, love stories, and happy endings.
These crime K-Dramas often show intense investigations, serial killers, and psychological battles between the police and criminals.
If you enjoy mystery stories with strong plots and serious acting, crime K-Dramas can be very exciting and satisfying to watch.
Here are ten of the best crime K-Dramas that will keep you on the edge of your seat.
If you love mystery stories and crime shows, these K-Dramas are perfect for you.","Liputan6.com, Jakarta - K-Dramas are not only about romance, love stories, and happy endings. Many Korean dramas focus on dark crime cases, deep mysteries, and complex characters. These crime K-Dramas often show intense investigations, serial killers, and psychological battles between the police and criminals. They keep viewers thinking, guessing, and feeling tense in every episode. If you enjoy mystery stories with strong plots and serious acting, crime K-Dramas can be very exciting and satisfying to watch.

Here are ten of the best crime K-Dramas that will keep you on the edge of your seat. If you love mystery stories and crime shows, these K-Dramas are perfect for you.","10 Best Crime and Detective K-Dramas for Those Who Love Mystery","https://cdn1-production-images-kly.akamaized.net/0oDqysCs5mGaOz4nt0-bP_6aD2I=/1200x675/smart/filters:quality(75):strip_icc():format(jpeg)/kly-media-production/medias/5466259/original/029048100_1767841076-MV5BZjQyYzgxYTgtZjFkNy00OTM1LWE4NGYtN2I2ZmZkY2ZkM2VhXkEyXkFqcGc_._V1_FMjpg_UX1000_.jpg","https://en.liputan6.com/trivia/read/6252893/10-best-crime-and-detective-k-dramas-for-those-who-love-mystery","108","true","true","true","2026-01-10T03:29:03.384670+00:00","","https://www.liputan6.com/"
"Bimo Bagas Basworo","that, in, share, quotes, with, math, you, 45, it, students, your, mathematics, to, most, which, is, way","en","Many students afraid of math. These math quotes will help them see the subject in more positive way and encourage them to study.","2026-01-08T02:00:00+07:00","""Mathematics is the art of giving the same name to different things.""
“What is mathematics?
It is only a systematic effort of solving puzzles posed by nature.” – Shakuntala Devi4.
“Mathematics is the most beautiful and most powerful creation of the human spirit.” – Stefan Banach6.
“Pure mathematics is, in its way, the poetry of logical ideas.” - Albert Einstein8.","1. ""Mathematics is the music of reason."" - James Joseph Sylvester

2. ""Mathematics is the art of giving the same name to different things."" - Henri Poincare

3. “What is mathematics? It is only a systematic effort of solving puzzles posed by nature.” – Shakuntala Devi

4. “Mathematics is the science which uses easy words for hard ideas.” – Edward Kasner

5. “Mathematics is the most beautiful and most powerful creation of the human spirit.” – Stefan Banach

6. “Mathematics compares the most diverse phenomena and discovers the secret analogies that unite them.” – Joseph Fourier

7. “Pure mathematics is, in its way, the poetry of logical ideas.” - Albert Einstein

8. “Number rules the universe.” – Pythagoras

9. “Math is the language of the universe. So, the more equations you know, the more you can converse with the cosmos.” – Neil deGrasse Tyson

10. “It is impossible to be a mathematician without being a poet in soul.” - Sofia Kovalevskaya

11. “Go down deep enough into anything and you will find mathematics.” – Dean Schlicter

12. “Mathematics allows for no hypocrisy and no vagueness.” - Stendhal

13. “The pure mathematician, like the musician, is a free creator of his world of ordered beauty.” - Bertrand Russell

14. “God does arithmetic.” – Karl Friedrich Gauss

15. “One of the endlessly alluring aspects of mathematics is that its thorniest paradoxes have a way of blooming into beautiful theories.” – Philip J. Davis

16. ""To me, mathematics, computer science, and the arts are insanely related. They're all creative expressions."" - Sebastian Thrun

17. “I’ve always enjoyed mathematics. It is the most precise and concise way of expressing an idea.” - N.R. Narayana Murthy

18. ""Nature is written in mathematical language."" - Galileo Galilei

19. ""Millions saw the apple fall, but Newton asked why."" - Bernard Baruch

20. ""The art of doing mathematics consists in finding that special case which contains all the germs of generality."" - David Hilbert","45 Math Quotes to Share With Your Students","https://cdn1-production-images-kly.akamaized.net/u-LK8L7IUaymhI2k-3h-0f_BBEo=/1200x675/smart/filters:quality(75):strip_icc():format(jpeg)/kly-media-production/medias/5465962/original/009089800_1767782687-3838.jpg","https://en.liputan6.com/trivia/read/6252597/45-math-quotes-to-share-with-your-students","326","true","true","true","2026-01-10T03:29:03.543258+00:00","","https://www.liputan6.com/"
"Bimo Bagas Basworo","are, there, to, in, scotland, you, on, this, most, missed, top, your, out, shouldnt, places","en","From the charming city of Edinburgh to the wilderness of Rannoch Moor, here are the most beautiful places in Scotland you shouldnt miss out on.","2026-01-08T01:00:00+07:00","Liputan6.com, Jakarta - Looking for the most beautiful places in Scotland?
There are many stunning countries in the world, and Scotland definitely sits on top of the list.
From the rolling green hills of Isle of Skye to the historic Edinburgh, there are so many exciting places to explore in Scotland.
If you are planning your first trip to this country, you are in the right place.
In this article, we will explore some of the most beautiful places in Scotland you should add to your list.","Liputan6.com, Jakarta - Looking for the most beautiful places in Scotland? There are many stunning countries in the world, and Scotland definitely sits on top of the list. It is famous for its breathtaking nature as well as its charming old towns. From the rolling green hills of Isle of Skye to the historic Edinburgh, there are so many exciting places to explore in Scotland.

If you are planning your first trip to this country, you are in the right place. In this article, we will explore some of the most beautiful places in Scotland you should add to your list. Let's go!","Top 8 Most Beautiful Places in Scotland You Shouldn't Missed Out On","https://cdn1-production-images-kly.akamaized.net/ePZOboM4UZCN4CvS47uDFEMcd50=/1200x675/smart/filters:quality(75):strip_icc():format(jpeg)/kly-media-production/medias/5465956/original/026584200_1767782374-connor-mollison-3rkosR_Dgfg-unsplash.jpg","https://en.liputan6.com/trivia/read/6252594/top-8-most-beautiful-places-in-scotland-you-shouldnt-missed-out-on","103","true","true","true","2026-01-10T03:29:01.877206+00:00","","https://www.liputan6.com/"
"Bimo Bagas Basworo","iconic, to, 35, its, quotes, with, montana, have, scarface, so, tony, from, most, memorable, friends, movies, become, lines","en","Starring Al Pacino, Scarface is one of the most iconic movies of all time. Here are some of the most memorable Scarface quotes that make it a timeless classic.","2026-01-08T00:00:00+07:00","Liputan6.com, Jakarta - When it comes to classic movies, few can compete with Scarface for its enduring popularity and memorable quotes.
Scarface quotes have become a part of pop culture, referenced in music, television, and everyday conversations.
With so many iconic Scarface quotes, the movie has become a timeless classic among fans.
AdvertisementIn this article, we have collected some of the best and most iconic Scarface quotes from various sources, Wednesday (7/1/2025).
So, sit back, relax, and get ready to revisit the world of Scarface through its most iconic quotes.","Liputan6.com, Jakarta - When it comes to classic movies, few can compete with Scarface for its enduring popularity and memorable quotes. Scarface quotes have become a part of pop culture, referenced in music, television, and everyday conversations.

The 1983 film, directed by Brian De Palma and starring Al Pacino, is renowned for its gritty portrayal of the rise and fall of Tony Montana, a Cuban immigrant turned drug lord in 1980s Miami. The movie's script, written by Oliver Stone, is filled with iconic lines that have become synonymous with the film itself.

With so many iconic Scarface quotes, the movie has become a timeless classic among fans. These quotes have left a lasting impact on audiences around the world.

Advertisement

In this article, we have collected some of the best and most iconic Scarface quotes from various sources, Wednesday (7/1/2025). So, sit back, relax, and get ready to revisit the world of Scarface through its most iconic quotes.","35 Scarface Quotes: Most Memorable Lines From Tony Montana And Friends","https://cdn1-production-images-kly.akamaized.net/JRZB_QEf34eurMk8sUpAhreZkpk=/1200x675/smart/filters:quality(75):strip_icc():format(jpeg)/kly-media-production/medias/5465944/original/053027100_1767780845-MV5BNGQzZDRhYTAtZWQ0Mi00NjNkLWFiYzYtZDg3NmUyYjhkODdmXkEyXkFqcGc_._V1_FMjpg_UX1000_.jpg","https://en.liputan6.com/trivia/read/6252571/35-scarface-quotes-most-memorable-lines-from-tony-montana-and-friends","158","true","true","true","2026-01-10T03:29:05.320135+00:00","","https://www.liputan6.com/"
"Bimo Bagas Basworo","are, fun, that, 5, many, you, will, about, persian, their, amaze, shape, not, cats, flat, facts, face","en","Here are some fun and incredible facts about Persian cats that will amaze you.","2026-01-07T23:00:00+07:00","Today, many know that a flat face is a unique feature of Persian cats.
The flat face of the Persian cat is the result of a genetic mutation that first appeared in the 1950s.
The breeders then use selective breeding techniques to produce a flat face shape.
However, not all Persian cats are flat-faced.
There are some cats that still retain their original facial shape.","Today, many know that a flat face is a unique feature of Persian cats. However, their faces are not always flat. The flat face of the Persian cat is the result of a genetic mutation that first appeared in the 1950s. Many people like this flat face shape. The breeders then use selective breeding techniques to produce a flat face shape. However, not all Persian cats are flat-faced. There are some cats that still retain their original facial shape.","5 Fun Facts About Persian Cats That Will Amaze You","https://cdn0-production-images-kly.akamaized.net/mMOyGkqjR4TJv2rZ5s9gtyLEtIs=/1200x675/smart/filters:quality(75):strip_icc():format(jpeg)/kly-media-production/medias/5465918/original/091437500_1767780201-reba-spike-xCGlmBQu_Gs-unsplash.jpg","https://en.liputan6.com/trivia/read/6252553/5-fun-facts-about-persian-cats-that-will-amaze-you","79","true","true","true","2026-01-10T03:29:05.517434+00:00","","https://www.liputan6.com/"
"Bimo Bagas Basworo","define, that, to, in, quotes, you, with, what, character, it, be, your, sayings, integrity, is","en","Many famous people have shared their thoughts about the importance of integrity through integrity quotes.","2026-01-07T22:00:00+07:00","""Character is what you are in the dark.""
""To starve to death is a small thing, but to lose one's integrity is a great one.""
""Integrity is so perishable in the summer months of success.""
""That you may retain your self-respect, it is better to displease the people by doing what you know is right, than to temporarily please them by doing what you know is wrong.""
""Integrity is not a conditional word.","1. ""People who fight fire with fire end up with only the ashes of their own integrity."" – Michael Josephson

2. ""Character is what you are in the dark."" – Dwight L. Moody

3. ""To starve to death is a small thing, but to lose one's integrity is a great one."" – Chinese Proverb

4. ""Whoever is careless with the truth in small matters cannot be trusted with important matters."" – Albert Einstein

5. ""Once you get rid of integrity the rest is a piece of cake."" – Larry Hagman

6. ""A single lie destroys a whole reputation of integrity."" – Baltasar Gracian

7. ""Integrity is so perishable in the summer months of success."" – Vanessa Redgrave

8. ""A man should be upright, not be kept upright."" – Marcus Aurelius

9. ""That you may retain your self-respect, it is better to displease the people by doing what you know is right, than to temporarily please them by doing what you know is wrong."" – William Boetcker

10. ""Your reputation and integrity are everything. Follow through on what you say you're going to do. Your credibility can only be built over time, and it is built from the history of your words and actions."" – Maria Razumich-Zec

11. ""A life lived with integrity even if it lacks the trappings of fame and fortune is a shining star in whose light others may follow in the years to come."" – Denis Waitley

12. ""Nearly all men can stand adversity, but if you want to test a man's character, give him power."" – Abraham Lincoln

13. ""Integrity is not a conditional word. It doesn't blow in the wind or change with the weather. It is your inner image of yourself, and if you look in there and see a man who won't cheat, then you know he never will."" – John D. MacDonald","Integrity Quotes: Sayings that Define Character","https://cdn1-production-images-kly.akamaized.net/MYSypQQD9jtzjCtKgZnhdc98bxc=/1200x675/smart/filters:quality(75):strip_icc():format(jpeg)/kly-media-production/medias/5465880/original/071754100_1767779176-2506.jpg","https://en.liputan6.com/trivia/read/6252527/integrity-quotes-sayings-that-define-character","310","true","true","true","2026-01-10T03:29:05.508081+00:00","","https://www.liputan6.com/"
"Bimo Bagas Basworo","turn, unlikely, tvbased, with, 7, cat, on, bob, should, who, great, watch, movies, james, every, video, lovers, true","en","If you are a cat lover, you should add these great movies about cat to your watchlist.","2026-01-07T21:00:00+07:00","- IMDb: 7.3- Rotten Tomatoes: 77%- Available on: The Roku Channel, FuboTV, Amazon Video, Fandango At Home, Apple TVBased on a true story, this film tells the heartwarming tale of James Bowen, a homeless heroin addict who forms an unlikely bond with a stray cat named Bob.
As James struggles to turn his life around, Bob becomes a constant companion and source of comfort.
The movie is a beautiful portrayal of the transformative power of friendship and love.","- IMDb: 7.3

- Rotten Tomatoes: 77%

- Available on: The Roku Channel, FuboTV, Amazon Video, Fandango At Home, Apple TV

Based on a true story, this film tells the heartwarming tale of James Bowen, a homeless heroin addict who forms an unlikely bond with a stray cat named Bob. As James struggles to turn his life around, Bob becomes a constant companion and source of comfort. The movie is a beautiful portrayal of the transformative power of friendship and love.","7 Great Movies Every Cat Lovers Should Watch","https://cdn1-production-images-kly.akamaized.net/EERUb1b8gkcwD_G3_C2mi0s_j3w=/1200x675/smart/filters:quality(75):strip_icc():format(jpeg)/kly-media-production/medias/5465849/original/051788100_1767777942-Screenshot_2026-01-07_162243.png","https://en.liputan6.com/trivia/read/6252500/7-great-movies-every-cat-lovers-should-watch","81","true","true","true","2026-01-10T03:29:05.557535+00:00","","https://www.liputan6.com/"
"Gilang Rahmatullah Akbar","after, retires, iconic, to, duffman, in, 30, character, years, retirement, titled, his, officially, nearly, yeah, viewersduffmans, simpsons","en","Legendary animated series The Simpsons made the surprising decision to retire its iconic character, Duffman, after nearly 30 years.","2026-01-07T20:10:05+07:00","Liputan6.com, Jakarta - The legendary animated series The Simpsons announced the permanent retirement of one of its iconic characters, Duffman, in January 2026 in the season 37 episode titled ""Seperance.""
Duffman, known by his signature catchphrase ""Oh yeah!""
and his common name Barry Duffman, directly delivered the news of his retirement to the Simpson family and viewers.
Duffman's departure isn't the first time The Simpsons has said goodbye to a long-standing or iconic character.","Liputan6.com, Jakarta - The legendary animated series The Simpsons announced the permanent retirement of one of its iconic characters, Duffman, in January 2026 in the season 37 episode titled ""Seperance.""

Duffman, known by his signature catchphrase ""Oh yeah!"" and his common name Barry Duffman, directly delivered the news of his retirement to the Simpson family and viewers.

Duffman's departure isn't the first time The Simpsons has said goodbye to a long-standing or iconic character.","The Simpsons Officially Retires Iconic Character 'Duffman' After Nearly 30 Years","https://cdn0-production-images-kly.akamaized.net/Eg1MbHiOtaNfJzcauJkOjcQWUKs=/1200x675/smart/filters:quality(75):strip_icc():format(jpeg)/kly-media-production/medias/5465735/original/048948300_1767774979-the-simpsons-duffman.jpeg","https://en.liputan6.com/trivia/read/6252430/the-simpsons-officially-retires-iconic-character-duffman-after-nearly-30-years","74","true","true","true","2026-01-10T03:29:05.399086+00:00","","https://www.liputan6.com/"
"Gilang Rahmatullah Akbar","is, musttry, games, prices, list, game, tier, access, 2026, to, overhaul, for, over, pass, xbox","en","2026 brings significant changes to Xbox Game Pass, introducing new subscription tiers, price adjustments, and a new game roster.","2026-01-07T19:20:05+07:00","Starting October 1, 2025, Xbox Game Pass introduced a revamped subscription structure, dividing the service into three main options: Essential, Premium, and Ultimate.
This change marks a significant evolution in the Xbox Game Pass offering.
Xbox Game Pass Essential, priced at $9.99 per month, offers access to over 50 games across console, PC, and the cloud, complete with online multiplayer and rewards.
This tier is suitable for players looking for basic access to a game library without breaking the bank.
The highlight of the offering is Xbox Game Pass Ultimate for $29.99 per month, which includes over 400 games, top-quality cloud gaming, and access to over 75 day-one releases per year.","Starting October 1, 2025, Xbox Game Pass introduced a revamped subscription structure, dividing the service into three main options: Essential, Premium, and Ultimate.

Each tier is designed to meet different needs and budgets, replacing the previous Core and Standard models.

This change marks a significant evolution in the Xbox Game Pass offering.

Xbox Game Pass Essential, priced at $9.99 per month, offers access to over 50 games across console, PC, and the cloud, complete with online multiplayer and rewards.

This tier is suitable for players looking for basic access to a game library without breaking the bank. In-game benefits and special discounts are also key draws of this plan.

For a more enriched experience, Xbox Game Pass Premium is available for $14.99 per month, which provides access to over 200 games and cloud gaming with shorter wait times.

Premium subscribers also gain access to Xbox-published games within 12 months of release, except for Call of Duty. This tier strikes a balance between price and benefits.

The highlight of the offering is Xbox Game Pass Ultimate for $29.99 per month, which includes over 400 games, top-quality cloud gaming, and access to over 75 day-one releases per year.

Ultimate also includes EA Play, Ubisoft+ Classics, and Fortnite Crew memberships starting in November 2025.","Xbox Game Pass 2026: Tier Overhaul, New Prices, and a List of Must-Try Games","https://cdn1-production-images-kly.akamaized.net/xmPfr0lu4IURp83Y7JXG5-W30a8=/1200x675/smart/filters:quality(75):strip_icc():format(jpeg)/kly-media-production/medias/5465653/original/099567000_1767773219-resident-evil-8.jpeg","https://en.liputan6.com/techno/read/6252389/xbox-game-pass-2026-tier-overhaul-new-prices-and-a-list-of-must-try-games","211","true","true","true","2026-01-10T03:29:07.328162+00:00","","https://www.liputan6.com/"
"Bimo Bagas Basworo","my, that, in, 35, quotes, reel, with, fish, it, fishing, your, to, is, thoughts, than","en","Do you love fishing? If so, these fishing quotes will remind you the joys you feel when you are fishing.","2026-01-07T19:00:00+07:00","""The best way to catch a fish is to let him think he's escaping.""
""All the romance of trout fishing exists in the mind of the angler and is in no way shared by the fish.""
""If fishing is interfering with your business, give up your business.""
""Fishing is boring unless you catch an actual fish, and then it is disgusting.""
""He liked fishing and seemed to take pride in being able to like such a stupid occupation.""","1. ""Fishing is the sport of drowning worms.""

2. ""The best way to catch a fish is to let him think he's escaping.""

3. ""There's a fine line between fishing and just standing on the shore like an idiot."" - Steven Wright

4. ""All the romance of trout fishing exists in the mind of the angler and is in no way shared by the fish."" - Harold F. Blaisdell

5. ""Carpe Diem does not mean 'fish of the day.'""

6. ""A bad day of fishing is better than a good day at work.""

7. ""If fishing is interfering with your business, give up your business."" - Alfred W. Miller

8. ""Fishing is boring unless you catch an actual fish, and then it is disgusting."" - Dave Barry

9. ""I only make movies to finance my fishing."" - Lee Marvin, American actor

10. ""Fishing is the art of lying convincingly about the size of the fish that got away.""

11. ""There are only two occasions when Americans respect privacy. Those are prayer and fishing."" - Herbert Hoover

12. ""If people concentrated on the really important things in life, there'd be a shortage of fishing poles."" - Doug Larson

13. ""Do not tell fish stories where the people know you. Particularly, don't tell them where they know the fish."" - Mark Twain

14. ""My biggest worry is that when I'm dead and gone, my wife will sell my fishing gear for what I said I paid for it."" - Koos Brandt

15. ""The fishing was good; it was the catching that was bad."" - A.K. Best

16. ""Nothing makes a fish bigger than almost being caught.""

17. ""He liked fishing and seemed to take pride in being able to like such a stupid occupation."" - Leo Tolstoy, Anna Karenina

18. ""A fishing rod is a stick with a hook at one end and a fool at the other."" - Samuel Johnson

19. ""There he stands, draped in more equipment than a telephone lineman, trying to outwit an organism with a brain no bigger than a breadcrumb, and getting licked in the process."" - Paul O'Neil

20. ""Three-fourths of the Earth's surface is water, and one-fourth is land. It is quite clear that the good Lord intended us to spend triple the amount of time fishing as taking care of the lawn."" - Chuck Clark","35 Fishing Quotes to Reel in Your Thoughts","https://cdn1-production-images-kly.akamaized.net/5LA2YVW1pNpxsQwoPXAgkiuTiQs=/1200x675/smart/filters:quality(75):strip_icc():format(jpeg)/kly-media-production/medias/5465769/original/068589400_1767775886-pexels-snapwire-349727.jpg","https://en.liputan6.com/trivia/read/6252446/35-fishing-quotes-to-reel-in-your-thoughts","392","true","true","true","2026-01-10T03:29:07.201166+00:00","","https://www.liputan6.com/"
"Gilang Rahmatullah Akbar","8, thrilling, season, nolans, in, viewers, story, will, rookie, on, seasons, premieres, mission, john, development, to, yet","en","John Nolans new adventure in The Rookie Season 8 has begun! Heres the plot, how to watch, and everything you need to know.","2026-01-07T18:25:30+07:00","The Rookie Season 8 premiere aired on January 6, 2026, at 10:00 PM ET on ABC.
Following the television airing, new episodes will be available to stream on Hulu the following day, every Wednesday.
All seven previous seasons of The Rookie are also available on Hulu, giving new viewers the opportunity to follow the storyline from the beginning.
For viewers in Canada, The Rookie Season 7, and likely Season 8, can be streamed for free on CTV, CTV.ca, and the CTV app.
Meanwhile, in Australia, there is no information yet regarding the broadcast of The Rookie Season 7 or Season 8 on local channels or streaming platforms.","The Rookie Season 8 premiere aired on January 6, 2026, at 10:00 PM ET on ABC.

Following the television airing, new episodes will be available to stream on Hulu the following day, every Wednesday.

All seven previous seasons of The Rookie are also available on Hulu, giving new viewers the opportunity to follow the storyline from the beginning.

The eighth season is planned to have 18 episodes and will air consecutively without a break.

For viewers in Canada, The Rookie Season 7, and likely Season 8, can be streamed for free on CTV, CTV.ca, and the CTV app.

However, for fans in the UK, release dates on Sky Witness and NOW have not yet been confirmed, with previous seasons tending to arrive after their US premieres.

Meanwhile, in Australia, there is no information yet regarding the broadcast of The Rookie Season 7 or Season 8 on local channels or streaming platforms.","The Rookie Season 8 Premieres: John Nolan's Global Mission and a Thrilling Story Development","https://cdn0-production-images-kly.akamaized.net/OMKm4yYKvJQusf1ehjGXhMcQm3s=/1200x675/smart/filters:quality(75):strip_icc():format(jpeg)/kly-media-production/medias/5465601/original/033911500_1767771566-the-rookie-season-8_1_.jpeg","https://en.liputan6.com/trivia/read/6252348/the-rookie-season-8-premieres-john-nolans-global-mission-and-a-thrilling-story-development","151","true","true","true","2026-01-10T03:29:07.284675+00:00","","https://www.liputan6.com/"
"Bimo Bagas Basworo","group, are, comics, 5, in, to, where, groups, world, who, movies, superhero, top, various","en","In the world of comics, superheroes often form groups for specific purposes.","2026-01-07T18:00:00+07:00","Liputan6.com, Jakarta - In the world of comics, superheroes often form groups for specific purposes.
Superhero groups in Marvel and DC Comics are teams of costumed characters who come together to combat powerful threats and protect the world or the universe from various dangers.
These groups offer a unique dynamic where each member brings their own set of superpowers, skills, and personalities to the team.
Here are five of the most iconic and popular superhero groups of all time that many fans love.
Let's meet them!","Liputan6.com, Jakarta - In the world of comics, superheroes often form groups for specific purposes. Superhero groups in Marvel and DC Comics are teams of costumed characters who come together to combat powerful threats and protect the world or the universe from various dangers. These groups offer a unique dynamic where each member brings their own set of superpowers, skills, and personalities to the team.

Here are five of the most iconic and popular superhero groups of all time that many fans love. Let's meet them!","5 Top Superhero Group in Comics and Movies","https://cdn1-production-images-kly.akamaized.net/S1at36Km6TWGFYk3vVEcX2hyYEw=/1200x675/smart/filters:quality(75):strip_icc():format(jpeg)/kly-media-production/medias/5465720/original/004266200_1767774595-MV5BMTY1Njc4MjY5OF5BMl5BanBnXkFtZTgwMDI3MzY2ODE_._V1_FMjpg_UX1000_.jpg","https://en.liputan6.com/trivia/read/6252420/5-top-superhero-group-in-comics-and-movies","86","true","true","true","2026-01-10T03:29:07.419788+00:00","","https://www.liputan6.com/"
"Gilang Rahmatullah Akbar","still, reportedly, nfl, couple, star, officially, cooper, nikki, her, relationship, they, philadelphia, bella, dejean, dating, was, in, wwe, to","en","WWE star Nikki Bella is reportedly casually dating Philadelphia Eagles cornerback Cooper DeJean. Are they now officially a couple?","2026-01-07T17:15:25+07:00","Liputan6.com, Jakarta - Rumors of a relationship between former WWE star Nikki Bella and Philadelphia Eagles NFL player Cooper DeJean intensified in January 2026.
Their close relationship came into the spotlight after Nikki Bella was spotted attending several Philadelphia Eagles games and even wearing a Cooper DeJean jersey.
Despite a clear mutual attraction, the relationship was described as still being ""casual"" and not yet serious.
AdvertisementNikki Bella herself reportedly still considers herself ""very single"" and is in no rush to commit to a new relationship, as reported by TMZ.
Sources close to her revealed that Nikki Bella's top priorities right now are her resumption of WWE Raw and her role as a mother to her son, Matteo.","Liputan6.com, Jakarta - Rumors of a relationship between former WWE star Nikki Bella and Philadelphia Eagles NFL player Cooper DeJean intensified in January 2026.

Their close relationship came into the spotlight after Nikki Bella was spotted attending several Philadelphia Eagles games and even wearing a Cooper DeJean jersey.

Despite a clear mutual attraction, the relationship was described as still being ""casual"" and not yet serious.

Advertisement

Nikki Bella herself reportedly still considers herself ""very single"" and is in no rush to commit to a new relationship, as reported by TMZ.

Sources close to her revealed that Nikki Bella's top priorities right now are her resumption of WWE Raw and her role as a mother to her son, Matteo.","Nikki Bella and NFL Star Cooper DeJean Reportedly Dating Casually, Are They Officially a Couple?","https://cdn0-production-images-kly.akamaized.net/2YbKMm2p1sr8gI8-Z90XPmxoBJ0=/1200x675/smart/filters:quality(75):strip_icc():format(jpeg)/kly-media-production/medias/5465691/original/091486100_1767774036-nikki-bella-cooper-dejean_1_.jpeg","https://en.liputan6.com/trivia/read/6252403/nikki-bella-and-nfl-star-cooper-dejean-reportedly-dating-casually-are-they-officially-a-couple","118","true","true","true","2026-01-10T03:29:07.035636+00:00","","https://www.liputan6.com/"
"Bimo Bagas Basworo","recipe, make, mixture, marshmallow, syrup, with, powdered, it, easy, at, pan, mixer, your, sugar, to, home, own","en","Still buying marshmallows from the store? Check out this easy marshmallow recipe and try to make your own at home.","2026-01-07T17:00:00+07:00","If you want to make your own marshmallow at home, you can follow this easy homemade marshmallow recipe.
Allow the sugar mixture to cook until it reaches about 240°F (115°C).
Line a baking pan with parchment paper and lightly dust it with a mix of powdered sugar and cornstarch.
Dust the top with more powdered sugar mixture.
Once set, cut it into squares and coat each piece lightly with powdered sugar to prevent sticking.","If you want to make your own marshmallow at home, you can follow this easy homemade marshmallow recipe.

Ingredients:

- 3 tablespoons unflavored gelatin powder

- 1 cup cold water, divided

- 2 cups white sugar

- 1 cup light corn syrup

- 1/4 teaspoon salt

- 1 teaspoon vanilla extract

- Powdered sugar and cornstarch, for dusting

Equipment Needed:

- Stand mixer or hand mixer

- Medium saucepan

- Candy thermometer

- Baking pan

- Parchment paper

Instructions:

1. Prepare the gelatin mixture by adding the gelatin powder to half a cup of cold water in a mixing bowl. Let it sit for about 10 minutes.

2. In a medium saucepan, combine the sugar, corn syrup, salt, and the remaining half cup of water. Place the pan on medium heat and stir until the sugar dissolves completely. Once it starts to boil, stop stirring and attach a candy thermometer to the side of the pan.

3. Allow the sugar mixture to cook until it reaches about 240°F (115°C). Reaching the right temperature helps the marshmallow set properly later. Remove the pan from the heat as soon as the temperature is reached.

4. Turn on the mixer at low speed and slowly pour the hot sugar syrup into the gelatin mixture. Pour carefully and steadily to avoid splashing. Once all the syrup is added, increase the mixer speed to high.

5. Continue mixing for 10 to 12 minutes. The mixture will grow in volume, become white, and turn thick and glossy. It should feel warm, not hot, by the end of mixing. Add the vanilla extract during the last minute and mix until fully combined.

6. Line a baking pan with parchment paper and lightly dust it with a mix of powdered sugar and cornstarch. Pour the marshmallow mixture into the pan and spread it evenly using a spatula. Dust the top with more powdered sugar mixture.

7. Let the marshmallow rest at room temperature for at least 6 hours, or overnight if possible. Once set, cut it into squares and coat each piece lightly with powdered sugar to prevent sticking.","Easy Marshmallow Recipe, Make Your Own at Home","https://cdn0-production-images-kly.akamaized.net/70AJxBQytCOUkVydc4JoW4z5NO0=/1200x675/smart/filters:quality(75):strip_icc():format(jpeg)/kly-media-production/medias/5465650/original/001321100_1767773217-28435.jpg","https://en.liputan6.com/food/read/6252388/easy-marshmallow-recipe-make-your-own-at-home","351","true","true","true","2026-01-10T03:29:09.151468+00:00","","https://www.liputan6.com/"
"Gilang Rahmatullah Akbar","soon, in, million, sydney, will, returns, housemaid, first, production, star, secret, housemaids, to, sequel, is, sweeney","en","Sydney Sweeney is confirmed to reprise her role as Millie Calloway in the sequel to the hit thriller, The Housemaids Secret. Here are the full details of the sequel.","2026-01-07T16:20:10+07:00","Liputan6.com, Jakarta - Talented young actress Sydney Sweeney is confirmed to return to the big screen as Millie Calloway in the sequel to the hit thriller, ""The Housemaid.""
The sequel, titled ""The Housemaid's Secret,"" is scheduled to begin production in 2026.
AdvertisementThe decision to continue the story of ""The Housemaid"" comes after the first film's incredible box office success.
The film grossed over US$75 million domestically and US$133 million globally in just its first 17 days of release.
""The Housemaid's Secret"" will continue Millie's suspenseful journey as she attempts to rebuild her life after confronting a dangerous past.","Liputan6.com, Jakarta - Talented young actress Sydney Sweeney is confirmed to return to the big screen as Millie Calloway in the sequel to the hit thriller, ""The Housemaid.""

The sequel, titled ""The Housemaid's Secret,"" is scheduled to begin production in 2026.

Lionsgate has announced the film's production plans, following the massive success of the first film, which captured the attention of global audiences.

Advertisement

The decision to continue the story of ""The Housemaid"" comes after the first film's incredible box office success.

The film grossed over US$75 million domestically and US$133 million globally in just its first 17 days of release.

""The Housemaid's Secret"" will continue Millie's suspenseful journey as she attempts to rebuild her life after confronting a dangerous past.

The film promises a deeper storyline, filled with hidden secrets, emotional conflicts, and unexpected twists that will test the psychological limits of the characters.","Sydney Sweeney Returns to Star in 'The Housemaid' Sequel, Production to Begin Soon?","https://cdn1-production-images-kly.akamaized.net/xRSSVC2yZ4m82ysHT0Zs0IO5_cA=/1200x675/smart/filters:quality(75):strip_icc():format(jpeg)/kly-media-production/medias/5465460/original/054699100_1767769226-the-housemaid-sydney-sweeney_1_.jpeg","https://en.liputan6.com/trivia/read/6252290/sydney-sweeney-returns-to-star-in-the-housemaid-sequel-production-to-begin-soon","145","true","true","true","2026-01-10T03:29:08.733973+00:00","","https://www.liputan6.com/"
"Bimo Bagas Basworo","are, princess, that, little, perfect, you, their, girl, your, for, british, parents, names, name","en","Looking for the perfect name for your little princess? Check out these beautiful British girl names and their meaning.","2026-01-07T16:00:00+07:00","Liputan6.com, Jakarta - Choosing a name for your baby girl is a big decision.
Many families look for British girl names when they want something meaningful and special.
From classic to modern, British girl names offer many wonderful options for your little one.
So if you are still looking for a perfect name for your baby girl, don't worry.
Here are some of the most popular British girl names and their meanings for you.","Liputan6.com, Jakarta - Choosing a name for your baby girl is a big decision. Parents spend time thinking about the right name because it carries their hopes and dreams for their child. Many families look for British girl names when they want something meaningful and special.

British girl names are loved by parents around the world. These names have a long history and beautiful sounds. From classic to modern, British girl names offer many wonderful options for your little one.

So if you are still looking for a perfect name for your baby girl, don't worry. Here are some of the most popular British girl names and their meanings for you. Let's check them out!","150 British Girl Names That Are Perfect for Your Little Princess","https://cdn1-production-images-kly.akamaized.net/H5MpuzpGMqHry5_fSNJZPdal-BQ=/1200x675/smart/filters:quality(75):strip_icc():format(jpeg)/kly-media-production/medias/5388607/original/084866900_1761124923-3255.jpg","https://en.liputan6.com/trivia/read/6252324/150-british-girl-names-that-are-perfect-for-your-little-princess","115","true","true","true","2026-01-10T03:29:08.952313+00:00","","https://www.liputan6.com/"
"Gilang Rahmatullah Akbar","avengers, multiverse, mcu, in, doomsday, with, will, release, xmen, released, doom, universe, return, trailer, from, doctor, for, threatens","en","The latest Avengers Doomsday trailer has been released, featuring the return of the X-Men mutants and the new threat of Doctor Doom.","2026-01-07T15:20:05+07:00","Liputan6.com, Jakarta - Marvel Cinematic Universe (MCU) fans' anticipation is at a fever pitch with the release of various teasers and trailers for ""Avengers: Doomsday"" in January 2026.
This highly anticipated superhero film will be the fifth installment in the Avengers film series following ""Avengers: Endgame"" (2019) and the 39th film in the MCU overall.
Scheduled for release on December 18, 2026, ""Avengers: Doomsday"" will be a crucial part of Phase Six of the MCU.
AdvertisementDirected by Anthony and Joe Russo, with a script by Stephen McFeely and Michael Waldron, the film brings back many familiar faces from the MCU universe and introduces iconic characters from the X-Men film series.
One of the most surprising announcements was Robert Downey Jr.'s return to the MCU, not as Tony Stark/Iron Man, but as the main villain, Doctor Doom.","Liputan6.com, Jakarta - Marvel Cinematic Universe (MCU) fans' anticipation is at a fever pitch with the release of various teasers and trailers for ""Avengers: Doomsday"" in January 2026.

This highly anticipated superhero film will be the fifth installment in the Avengers film series following ""Avengers: Endgame"" (2019) and the 39th film in the MCU overall.

Scheduled for release on December 18, 2026, ""Avengers: Doomsday"" will be a crucial part of Phase Six of the MCU.

Advertisement

Directed by Anthony and Joe Russo, with a script by Stephen McFeely and Michael Waldron, the film brings back many familiar faces from the MCU universe and introduces iconic characters from the X-Men film series.

One of the most surprising announcements was Robert Downey Jr.'s return to the MCU, not as Tony Stark/Iron Man, but as the main villain, Doctor Doom.","Avengers: Doomsday Trailer Released: The X-Men Return, Doctor Doom Threatens the MCU Multiverse","https://cdn1-production-images-kly.akamaized.net/1z4JYjWJPF9EGHtFUeG72sXJndw=/1200x675/smart/filters:quality(75):strip_icc():format(jpeg)/kly-media-production/medias/5465410/original/006656200_1767767692-avengers-doomsday-cyclops.jpeg","https://en.liputan6.com/trivia/read/6252258/avengers-doomsday-trailer-released-the-x-men-return-doctor-doom-threatens-the-mcu-multiverse","137","true","true","true","2026-01-10T03:29:08.622832+00:00","","https://www.liputan6.com/"
"Bimo Bagas Basworo","signs, cancer, in, family, do, friendzoned, get, romantic, their, zodiac, likely, most, them, to, see, 6, they","en","From Pisces to Scorpio, these six zodiac signs often get friend-zoned by their crush.","2026-01-07T15:00:00+07:00","They go out of their way to do kind things for everyone in their life, which can backfire on them.
Cancer will do many favors and give compliments without expecting anything in return.
Because they are so nurturing and loving, others start to see them as part of the family.
Instead of seeing Cancer as a potential romantic partner, their crushes might see them as a mentor or parental figure.
The bond becomes strong but feels more like family love than romantic attraction.","Cancer is super sweet and caring. They go out of their way to do kind things for everyone in their life, which can backfire on them. Cancer will do many favors and give compliments without expecting anything in return. Because they are so nurturing and loving, others start to see them as part of the family. Instead of seeing Cancer as a potential romantic partner, their crushes might see them as a mentor or parental figure. The bond becomes strong but feels more like family love than romantic attraction.","6 Zodiac Signs Most Likely to Get Friend-Zoned","https://cdn1-production-images-kly.akamaized.net/xHCURqS79yWjmey5lIqUPfmuf0s=/1200x675/smart/filters:quality(75):strip_icc():format(jpeg)/kly-media-production/medias/5465432/original/022183800_1767768313-2148193954.jpg","https://en.liputan6.com/trivia/read/6252271/6-zodiac-signs-most-likely-to-get-friend-zoned","89","true","true","true","2026-01-10T03:29:08.898442+00:00","","https://www.liputan6.com/"
"Gilang Rahmatullah Akbar","after, season, to, episodes, gillory, will, lapd, tuesday, 2, midseason, returns, who, mystery, high, morgan, uncover, potential","en","The crime comedy-drama series High Potential Season 2 returns after a long hiatus, bringing Morgan Gillory into a deep dive into new cases and old, unsolved mysteries.","2026-01-07T14:15:30+07:00","Liputan6.com, Jakarta - The highly anticipated crime comedy-drama series, High Potential Season 2, has returned to television after a lengthy mid-season hiatus.
New episodes premiered on Tuesday, January 6, 2026, continuing the story of Morgan Gillory, a single mother with exceptional intelligence who becomes a consultant for the Los Angeles Police Department (LAPD).
This second season promises a more intense and complex storyline, especially after the midseason finale left many questions open.
AdvertisementThe return of High Potential Season 2 was enthusiastically received by viewers who have been eagerly awaiting answers to various cliffhangers.
Subsequent episodes will air every Tuesday.","Liputan6.com, Jakarta - The highly anticipated crime comedy-drama series, High Potential Season 2, has returned to television after a lengthy mid-season hiatus.

New episodes premiered on Tuesday, January 6, 2026, continuing the story of Morgan Gillory, a single mother with exceptional intelligence who becomes a consultant for the Los Angeles Police Department (LAPD).

This second season promises a more intense and complex storyline, especially after the midseason finale left many questions open.

Advertisement

The return of High Potential Season 2 was enthusiastically received by viewers who have been eagerly awaiting answers to various cliffhangers.

Subsequent episodes will air every Tuesday.","High Potential Season 2 Returns: Will Morgan Gillory Uncover a New Mystery at the LAPD?","https://cdn1-production-images-kly.akamaized.net/1adUBQtE2ncgMpX-JzR5o3wtP5k=/1200x675/smart/filters:quality(75):strip_icc():format(jpeg)/kly-media-production/medias/5465360/original/000027600_1767766223-high-potential-season-2.jpeg","https://en.liputan6.com/trivia/read/6252230/high-potential-season-2-returns-will-morgan-gillory-uncover-a-new-mystery-at-the-lapd","100","true","true","true","2026-01-10T03:29:11.050916+00:00","","https://www.liputan6.com/"
"Bimo Bagas Basworo","quotes, you, 45, it, difference, away, clear, keep, your, mind, to, negative, is, thoughts, positive","en","These positive mind quotes will clear away any negative thoughts in your mind, allowing you can face any challenge with optimism.","2026-01-07T14:00:00+07:00","""Once you replace negative thoughts with positive ones, you'll start having positive results.""
""It takes but one positive thought when given a chance to survive and thrive to overpower an entire army of negative thoughts.""
""Keep your thoughts positive because your thoughts become your words.
""Choosing to be positive and having a grateful attitude is going to determine how you're going to live your life.""
The big difference is whether it is positive or negative.""","1. ""Once you replace negative thoughts with positive ones, you'll start having positive results."" - Willie Nelson

2. ""Positive thinking will let you do everything better than negative thinking will."" - Zig Ziglar

3. ""You cannot have a positive life and a negative mind."" - Joyce Meyer

4. ""Optimism is the faith that leads to achievement. Nothing can be done without hope and confidence."" - Helen Keller

5. ""It takes but one positive thought when given a chance to survive and thrive to overpower an entire army of negative thoughts."" - Robert H. Schuller

6. ""Change your thoughts and you change your world."" - Norman Vincent Peale

7. ""Keep your thoughts positive because your thoughts become your words. Keep your words positive because your words become your behavior. Keep your behavior positive because your behavior becomes your habits. Keep your habits positive because your habits become your values. Keep your values positive because your values become your destiny."" - Mahatma Gandhi

8. ""Rule your mind or it will rule you."" - Horace

9. ""Choosing to be positive and having a grateful attitude is going to determine how you're going to live your life."" - Joel Osteen

10. ""Positive minds produce positive lives. Negative minds produce negative lives. Positive thoughts are always full of faith and hope. Negative thoughts are always full of fear and doubt."" - Joyce Meyer

11. ""Positive minds produce positive lives. Negative minds produce negative lives. Positive thoughts are always full of faith and hope. Negative thoughts are always full of fear and doubt."" - Joyce Meyer

12. ""A positive mind finds a way it can be done; a negative mind looks for all the ways it can't be done."" - Napoleon Hill

13. ""There is little difference in people, but that little difference makes a big difference. The little difference is attitude. The big difference is whether it is positive or negative."" - W. Clement Stone

14. “Instead of worrying about what you cannot control, shift your energy to what you can create.” - Roy T. Bennett

15. ""Positive anything is better than negative nothing."" - Elbert Hubbard","45 Positive Mind Quotes to Clear Away Negative Thoughts","https://cdn1-production-images-kly.akamaized.net/vxiuR89_rjAnme7BLK3NSZoK1KU=/1200x675/smart/filters:quality(75):strip_icc():format(jpeg)/kly-media-production/medias/5450665/original/065349600_1766153697-2148973394.jpg","https://en.liputan6.com/trivia/read/6252220/45-positive-mind-quotes-to-clear-away-negative-thoughts","352","true","true","true","2026-01-10T03:29:11.128608+00:00","","https://www.liputan6.com/"
"Gilang Rahmatullah Akbar","killer, series, leading, andreas, andrea, now, tragedy, cult, on, illness, mental, yates, uncovering, to, hbo, documentary, max, behind","en","Documentary series The Cult Behind the Killer: The Andrea Yates Story highlights the influence of an extremist cult that allegedly exacerbated Andrea Yates mental health before the tragedy.","2026-01-07T13:35:10+07:00","HBO's documentary series, ""The Cult Behind the Killer: The Andrea Yates Story,"" offers an in-depth and crucial perspective.
Rather than simply rehashing the details of the crime, the documentary focuses on the cult's influence surrounding Andrea Yates in the years leading up to the 2001 tragedy.
The series features Rusty Yates, Andrea's ex-husband, and former followers of preacher Michael Woroniecki.
They paint a picture of a teaching based on rigid doctrine, fear, and isolation, which they claim may have exacerbated Andrea's mental illness long before the crime.
It highlights how Woroniecki's teachings allegedly brought the vulnerable Texas mother under his control, leading to the drowning of her five children.","HBO's documentary series, ""The Cult Behind the Killer: The Andrea Yates Story,"" offers an in-depth and crucial perspective.

Rather than simply rehashing the details of the crime, the documentary focuses on the cult's influence surrounding Andrea Yates in the years leading up to the 2001 tragedy.

The series features Rusty Yates, Andrea's ex-husband, and former followers of preacher Michael Woroniecki.

They paint a picture of a teaching based on rigid doctrine, fear, and isolation, which they claim may have exacerbated Andrea's mental illness long before the crime.

The series' primary goal is to challenge simplistic narratives and present the case as a complex convergence of mental illness, external influences, and unchecked authority.

It highlights how Woroniecki's teachings allegedly brought the vulnerable Texas mother under his control, leading to the drowning of her five children.","Uncovering the Tragedy of Andrea Yates: 'The Cult Behind the Killer' Now Available on HBO Max","https://cdn1-production-images-kly.akamaized.net/hVVMRsismAWLyRfDuxlE1zl6F2c=/1200x675/smart/filters:quality(75):strip_icc():format(jpeg)/kly-media-production/medias/5465332/original/050428000_1767764958-andrea-yates.jpg","https://en.liputan6.com/trivia/read/6252212/uncovering-the-tragedy-of-andrea-yates-the-cult-behind-the-killer-now-available-on-hbo-max","134","true","true","true","2026-01-10T03:29:10.936244+00:00","","https://www.liputan6.com/"
"Gilang Rahmatullah Akbar","snow, hawaii, in, hawaiian, winter, system, known, weather, on, low, rare, phenomenon, covers, kona, is, were, for, mountaintops","en","The summits of Maunakea and Mauna Loa in Hawaii were covered in heavy snow in early January 2026 due to the Kona low storm system, an unusual phenomenon that attracted worldwide attention.","2026-01-07T12:40:25+07:00","Liputan6.com, Jakarta - In early January 2026, an unusual phenomenon blanketed the summits of Hawaii's Maunakea and Mauna Loa mountains in thick snow.
These two tallest volcanoes on the Big Island of Hawaii transformed into a stunning winter landscape, caused by a storm system known locally as a ""Kona low.""
This system developed over the Hawaiian Islands, causing a drastic drop in temperatures and bringing heavy rain for several days.
AdvertisementAlthough Hawaii is known as a tropical paradise, snow on its mountaintops is not entirely uncommon, but the amount and impact this time were quite significant.
The National Weather Service (NWS) even issued a winter weather warning for the region.","Liputan6.com, Jakarta - In early January 2026, an unusual phenomenon blanketed the summits of Hawaii's Maunakea and Mauna Loa mountains in thick snow.

These two tallest volcanoes on the Big Island of Hawaii transformed into a stunning winter landscape, caused by a storm system known locally as a ""Kona low.""

This system developed over the Hawaiian Islands, causing a drastic drop in temperatures and bringing heavy rain for several days.

Advertisement

Although Hawaii is known as a tropical paradise, snow on its mountaintops is not entirely uncommon, but the amount and impact this time were quite significant.

The National Weather Service (NWS) even issued a winter weather warning for the region.","Kona Low Phenomenon: Rare Snow Covers Hawaiian Mountaintops","https://cdn1-production-images-kly.akamaized.net/muod0r0MIE3jemVI_er-K-i1kjI=/1200x675/smart/filters:quality(75):strip_icc():format(jpeg)/kly-media-production/medias/5465279/original/005513600_1767763551-hawaii-snow.jpeg","https://en.liputan6.com/trivia/read/6252195/kona-low-phenomenon-rare-snow-covers-hawaiian-mountaintops","111","true","true","true","2026-01-10T03:29:10.992825+00:00","","https://www.liputan6.com/"
"Bimo Bagas Basworo","8, many, beautiful, their, these, costumes, work, people, cosplayers, most, top, for, cosplay, female, characters","en","Lets meet the eight most beautiful female cosplayers.","2026-01-07T12:00:00+07:00","Liputan6.com, Jakarta - Cosplay is a special art form where people dress up as their favorite characters from games, movies, comics, and anime.
Cosplayers bring fictional characters to life at events around the world.
They share their work online and inspire millions of fans.
It has become a popular hobby and career for many people today.
These women are known for their beautiful costumes and creative work.","Liputan6.com, Jakarta - Cosplay is a special art form where people dress up as their favorite characters from games, movies, comics, and anime. These talented artists spend many hours making costumes, styling wigs, and creating makeup looks. Cosplayers bring fictional characters to life at events around the world. They share their work online and inspire millions of fans. Cosplay combines creativity, skill, and passion. It has become a popular hobby and career for many people today.

Today, we will look at eight amazing female cosplayers. These women are known for their beautiful costumes and creative work. Let's meet them.","Top 8 Most Beautiful Female Cosplayers","https://cdn1-production-images-kly.akamaized.net/H8Nbxc7jwGdKY7pt9IAheQrzfjE=/1200x675/smart/filters:quality(75):strip_icc():format(jpeg)/kly-media-production/medias/5465202/original/096313500_1767761536-photo-collage.png__17_.png","https://en.liputan6.com/trivia/read/6252161/top-8-most-beautiful-female-cosplayers","99","true","true","true","2026-01-10T03:29:11.201459+00:00","","https://www.liputan6.com/"
"Gilang Rahmatullah Akbar","80, was, presidential, in, ronald, adopted, son, at, on, reagan, michael, dies, reagans, january, institute, statement","en","Michael Reagan, the adopted son of former US President Ronald Reagan, has died at the age of 80. Heres a complete profile of the conservative political commentator.","2026-01-07T11:55:25+07:00","Michael Edward Reagan, born John Charles Flaugher on March 18, 1945, passed away on January 4, 2026, at the age of 80.
His death, which happened in Los Angeles, left his family and followers deeply saddened.
The sad news was confirmed in a family statement released on Sunday, January 6, 2026.
The Ronald Reagan Presidential Foundation and Institute also offered condolences, highlighting Michael's role as a conservative political commentator, Republican strategist, and influential radio talk show host.
The statement from the Ronald Reagan Presidential Foundation and Institute further noted that Michael Reagan was a man whose life was shaped by unwavering faith, purpose, and devotion.","Michael Edward Reagan, born John Charles Flaugher on March 18, 1945, passed away on January 4, 2026, at the age of 80.

His death, which happened in Los Angeles, left his family and followers deeply saddened.

His wife, Colleen, and their children, Cameron and Ashley, requested privacy during this time of mourning.

The sad news was confirmed in a family statement released on Sunday, January 6, 2026.

The Ronald Reagan Presidential Foundation and Institute also offered condolences, highlighting Michael's role as a conservative political commentator, Republican strategist, and influential radio talk show host.

The statement from the Ronald Reagan Presidential Foundation and Institute further noted that Michael Reagan was a man whose life was shaped by unwavering faith, purpose, and devotion.","Michael Reagan, Ronald Reagan's Adopted Son, dies at 80","https://cdn1-production-images-kly.akamaized.net/UuoR-sy2SiZDwM2j04a0XWZDEdo=/1200x675/smart/filters:quality(75):strip_icc():format(jpeg)/kly-media-production/medias/5465226/original/078089700_1767761634-michael-reagan-death.jpg","https://en.liputan6.com/trivia/read/6252163/michael-reagan-ronald-reagans-adopted-son-dies-at-80","121","true","true","true","2026-01-10T03:29:12.238618+00:00","","https://www.liputan6.com/"
"Miftakhul Ulum, Diterbitkan Januari, Nurrohman Sidiq, Tim Redaksi","struktur, kenali, krusial, total, otomotif, tingginya, dibebankan, variabel, terbaru, pajak, 2026, dibayar, kendaraan","id","Tahukah anda bahwa jika membeli mobil baru di tahun 2026 bisa dikenai pajak mencapai 40% dari harga total?","2026-01-09T10:07:43+07:00","Liputan6.com, Jakarta - Industri otomotif Indonesia memasuki babak baru di tahun 2026 dengan regulasi perpajakan yang telah dirancang.
Bagi anda yang berencana meminang mobil baru, memahami struktur biaya sangatlah krusial karena pajak merupakan komponen terbesar yang membentuk harga.
Namun untuk diketahui, tingginya rasio pajak yang dibebankan tetap menjadi variabel krusial yang memengaruhi penetapan harga jual akhirMenurut pantauan ekonomi dan otomotif terbaru, total beban pajak untuk satu unit mobil baru di tahun 2026 diperkirakan dapat mencapai sekitar 40 persen dari harga jual kendaraan.
Artinya, pada mobil seharga Rp100 juta, sekitar Rp40 juta di antaranya adalah kontribusi untuk pajak negara dan daerah.
Lalu apa apa saja pajak yang akan dibebankan saat anda akan membeli mobil baru?","Liputan6.com, Jakarta - Industri otomotif Indonesia memasuki babak baru di tahun 2026 dengan regulasi perpajakan yang telah dirancang. Bagi anda yang berencana meminang mobil baru, memahami struktur biaya sangatlah krusial karena pajak merupakan komponen terbesar yang membentuk harga. Belum ada perubahan skema pajak dibandingkan tahun 2025. Namun untuk diketahui, tingginya rasio pajak yang dibebankan tetap menjadi variabel krusial yang memengaruhi penetapan harga jual akhir

Menurut pantauan ekonomi dan otomotif terbaru, total beban pajak untuk satu unit mobil baru di tahun 2026 diperkirakan dapat mencapai sekitar 40 persen dari harga jual kendaraan. Artinya, pada mobil seharga Rp100 juta, sekitar Rp40 juta di antaranya adalah kontribusi untuk pajak negara dan daerah.

Lalu apa apa saja pajak yang akan dibebankan saat anda akan membeli mobil baru? Berikut rincianya.","Minat Beli Kendaraan Mobil Baru 2026? Kenali Pajak Apa Saja yang Harus Dibayar","https://cdn0-production-images-kly.akamaized.net/q0wc45j5sOmDxBpRhn4cxsrbFgA=/1200x675/smart/filters:quality(75):strip_icc():format(jpeg)/kly-media-production/medias/3412105/original/047684200_1616748119-20210326-Pembiayaan-mobil-bekas-tidak-khawatir-subsidi-pajak-mobil-baru-TALLO-2.jpg","https://otosia.liputan6.com/mobil/read/6252187/minat-beli-kendaraan-mobil-baru-2026-kenali-pajak-apa-saja-yang-harus-dibayar","125","true","true","true","2026-01-10T03:29:13.444367+00:00","","https://www.liputan6.com/"
"Mochamad Rizal Ahba Ohorella, Diterbitkan Januari, Nurrohman Sidiq, Tim Redaksi","2025, vehicle, suzuki, website, varian, spesifikasi, suv, xl7, hybrid, 2026, mesin, zeta, lengkapnya","id","Harga Suzuki XL7 Desember 2025 lengkap semua varian, mulai Zeta hingga Alpha Hybrid, disertai perbandingan fitur, dimensi, dan spesifikasi mesin.","2026-01-06T10:55:55+07:00","Liputan6.com, Jakarta - Harga Suzuki XL7 per Desember 2025 menjadi perhatian bagi konsumen yang mencari SUV 7 penumpang dengan opsi mesin konvensional maupun hybrid.
Suzuki menghadirkan beragam varian mulai dari Zeta, Beta Hybrid, hingga Alpha Hybrid dengan pilihan transmisi manual dan otomatis.
Secara umum, Suzuki XL7 tetap mempertahankan karakter SUV kompak dengan ground clearance tinggi serta kabin lega.
Kehadiran teknologi Smart Hybrid Vehicle by Suzuki (SHVS) juga menjadi nilai tambah pada varian tertentu.
Berikut ini perbandingan lengkap Suzuki XL7 berdasarkan fitur umum, dimensi dan performa, spesifikasi mesin, serta daftar harga dari website resmi Suzuki per Desember 2025.","Liputan6.com, Jakarta - Harga Suzuki XL7 per Desember 2025 menjadi perhatian bagi konsumen yang mencari SUV 7 penumpang dengan opsi mesin konvensional maupun hybrid. Suzuki menghadirkan beragam varian mulai dari Zeta, Beta Hybrid, hingga Alpha Hybrid dengan pilihan transmisi manual dan otomatis.

Secara umum, Suzuki XL7 tetap mempertahankan karakter SUV kompak dengan ground clearance tinggi serta kabin lega. Kehadiran teknologi Smart Hybrid Vehicle by Suzuki (SHVS) juga menjadi nilai tambah pada varian tertentu.

Berikut ini perbandingan lengkap Suzuki XL7 berdasarkan fitur umum, dimensi dan performa, spesifikasi mesin, serta daftar harga dari website resmi Suzuki per Desember 2025.","Harga Suzuki XL7 Semua Varian per Januari 2026, Berikut Spesifikasi Lengkapnya","https://cdn0-production-images-kly.akamaized.net/9USd_q5GbXZQbvEwdqTBVigL1Vw=/0x0:2560x1440/1200x675/filters:quality(75):strip_icc():format(jpeg):watermark(kly-media-production/assets/images/watermarks/liputan6/watermark-color-landscape-new.png,1100,20,0)/kly-media-production/medias/5354850/original/016154600_1758266431-20250919_115505.jpg","https://otosia.liputan6.com/otosia/read/6247226/harga-suzuki-xl7-semua-varian-per-januari-2026-berikut-spesifikasi-lengkapnya","97","true","true","true","2026-01-10T03:29:13.440078+00:00","","https://www.liputan6.com/"
"Mochamad Rizal Ahba Ohorella, Diterbitkan Januari, Nurrohman Sidiq, Tim Redaksi","2025, sikap, murah, volume, segmen, tumpuan, sepenuhnya, terjangkau, 21, selektif, 2026, berharga, konsumen, lengkapnya, daftar","id","Daftar Mobil Murah 2026 merangkum mobil terjangkau dari EV, hybrid, hingga konvensional yang meluncur sepanjang 20252026 dan layak dibeli tahun ini juga.","2026-01-06T10:49:29+07:00","Liputan6.com, Jakarta - Mobil Murah 2025 menjadi tumpuan penting industri otomotif nasional di tengah kondisi pasar yang belum sepenuhnya pulih.
Penurunan daya beli dan sikap konsumen yang makin selektif membuat segmen terjangkau kembali dilirik sebagai penopang volume penjualan.
Sepanjang tahun ini, berbagai pabrikan tetap agresif meluncurkan produk baru, baik berbasis listrik, hybrid, maupun mesin konvensional.
Menariknya, sebagian besar model tersebut masih berada dalam rentang harga yang relatif rasional bagi konsumen Indonesia.
Berikut kaleidoskop mobil murah yang meluncur sepanjang 2025 dan berpotensi menarik minat beli pada 2026.","Liputan6.com, Jakarta - Mobil Murah 2025 menjadi tumpuan penting industri otomotif nasional di tengah kondisi pasar yang belum sepenuhnya pulih. Penurunan daya beli dan sikap konsumen yang makin selektif membuat segmen terjangkau kembali dilirik sebagai penopang volume penjualan.

Sepanjang tahun ini, berbagai pabrikan tetap agresif meluncurkan produk baru, baik berbasis listrik, hybrid, maupun mesin konvensional. Menariknya, sebagian besar model tersebut masih berada dalam rentang harga yang relatif rasional bagi konsumen Indonesia.

Dengan batas atas harga di kisaran Rp300 jutaan tanpa menyentuh Rp400 juta, mobil-mobil berikut dinilai masih memungkinkan untuk dicicil dengan nominal bulanan yang realistis. Berikut kaleidoskop mobil murah yang meluncur sepanjang 2025 dan berpotensi menarik minat beli pada 2026.","21 Pilihan Mobil Berharga Terjangkau Terbaik 2026, Ini Daftar Lengkapnya","https://cdn0-production-images-kly.akamaized.net/Vu-tkLADhDqySrvMDK1oxlKl6Ig=/1200x675/smart/filters:quality(75):strip_icc():format(jpeg)/kly-media-production/medias/5151352/original/005271600_1741157168-VinFast_VF3.jpg","https://otosia.liputan6.com/otosia/read/6247726/21-pilihan-mobil-berharga-terjangkau-terbaik-2026-ini-daftar-lengkapnya","110","true","true","true","2026-01-10T03:29:13.504055+00:00","","https://www.liputan6.com/"
"Mochamad Rizal Ahba Ohorella, Diterbitkan Januari, Nurrohman Sidiq, Tim Redaksi","medan, warna, 4, terbaru, varian, spesifikasi, trail, honda, libas, crf150l, mesin, 2026, andalan, motor, tahan, tangguh","id","Harga Motor Honda CRF150L terbaru hadir dengan empat varian warna dan mesin 150 cc tangguh untuk kebutuhan trail harian dan off-road ringan.","2026-01-06T10:38:15+07:00","Liputan6.com, Jakarta - Harga Motor Honda CRF150L menjadi perhatian pecinta motor trail yang mencari kendaraan tangguh untuk penggunaan harian maupun off-road.
Honda CRF150L dipasarkan resmi oleh Honda Indonesia dengan empat pilihan warna dan harga yang sama.
Motor trail ini dirancang untuk memberikan keseimbangan antara performa mesin, kenyamanan berkendara, dan daya tahan di berbagai kondisi jalan.
Dengan karakter mesin yang responsif, CRF150L cocok digunakan di medan tanah hingga aspal.
Berikut daftar varian warna beserta spesifikasi lengkap Honda CRF150L berdasarkan data resmi dari Honda Indonesia.","Liputan6.com, Jakarta - Harga Motor Honda CRF150L menjadi perhatian pecinta motor trail yang mencari kendaraan tangguh untuk penggunaan harian maupun off-road. Honda CRF150L dipasarkan resmi oleh Honda Indonesia dengan empat pilihan warna dan harga yang sama.

Motor trail ini dirancang untuk memberikan keseimbangan antara performa mesin, kenyamanan berkendara, dan daya tahan di berbagai kondisi jalan. Dengan karakter mesin yang responsif, CRF150L cocok digunakan di medan tanah hingga aspal.

Berikut daftar varian warna beserta spesifikasi lengkap Honda CRF150L berdasarkan data resmi dari Honda Indonesia.","4 Harga Motor Honda CRF150L Terbaru per Januari 2026, Andalan Siap Libas Segala Medan","https://cdn0-production-images-kly.akamaized.net/vhlGbrccANyL8HijamLi5MzKhn4=/1200x675/smart/filters:quality(75):strip_icc():format(jpeg)/kly-media-production/medias/1764681/original/045304100_1510196380-crf150l.jpg","https://otosia.liputan6.com/otosia/read/6247765/4-harga-motor-honda-crf150l-terbaru-per-januari-2026-andalan-siap-libas-segala-medan","83","true","true","true","2026-01-10T03:29:12.853165+00:00","","https://www.liputan6.com/"
"Mochamad Rizal Ahba Ohorella, Diterbitkan Desember, Nurrohman Sidiq, Tim Redaksi","jarak, 7, spesifikasi, tujuh, pertimbangan, terjauh, daya, tempuh, road, listrik, perjalanan, ev, trip","id","7 mobil listrik dengan jarak tempuh terjauh untuk road trip nyaman tanpa sering isi daya, cocok untuk perjalanan jarak jauh.","2025-12-24T12:06:09+07:00","Liputan6.com, Jakarta - Menjelang musim libur dan mudik akhir tahun, mobil listrik dengan daya jelajah panjang menjadi pilihan ideal bagi pengendara yang ingin melakukan perjalanan jauh tanpa sering berhenti mengisi daya.
Berbagai pabrikan kini menawarkan model EV dengan kapasitas baterai besar, efisiensi tinggi, dan teknologi pengisian cepat.
Berikut daftar tujuh mobil listrik dengan jarak tempuh paling jauh di kelasnya lengkap dengan spesifikasi utama dan harga yang dapat menjadi pertimbangan sebelum melakukan road trip jarak jauh, dilansir dari berbagai sumber pada Rabu (24/12/2025).","Liputan6.com, Jakarta - Menjelang musim libur dan mudik akhir tahun, mobil listrik dengan daya jelajah panjang menjadi pilihan ideal bagi pengendara yang ingin melakukan perjalanan jauh tanpa sering berhenti mengisi daya. Berbagai pabrikan kini menawarkan model EV dengan kapasitas baterai besar, efisiensi tinggi, dan teknologi pengisian cepat.

Berikut daftar tujuh mobil listrik dengan jarak tempuh paling jauh di kelasnya lengkap dengan spesifikasi utama dan harga yang dapat menjadi pertimbangan sebelum melakukan road trip jarak jauh, dilansir dari berbagai sumber pada Rabu (24/12/2025).","7 EV dengan Jarak Tempuh Terjauh untuk Road Trip Jarak Jauh","https://cdn1-production-images-kly.akamaized.net/MWRT_h8BYwwBq1yeqHBIfyB1uog=/1200x675/smart/filters:quality(75):strip_icc():format(jpeg)/kly-media-production/medias/5345440/original/062952500_1757563718-Mercedes-Benz-EQS-solid-state-battery-prototype-012-6-1260x709.jpg","https://otosia.liputan6.com/otosia/read/6234790/7-ev-dengan-jarak-tempuh-terjauh-untuk-road-trip-jarak-jauh","82","true","true","true","2026-01-10T03:29:16.243281+00:00","","https://www.liputan6.com/"
"Mochamad Rizal Ahba Ohorella, Diterbitkan Desember, Nurrohman Sidiq, Tim Redaksi","inspirasi, 20252026, utamamobil, 7, spesifikasi, tujuh, perjalanan, road, penumpang, mudik, keren, nyaman, tren, trip","id","Rekomendasi mobil rumah dan mobil keluarga paling nyaman untuk perjalanan jauh 2025–2026.","2025-12-24T12:02:45+07:00","Liputan6.com, Jakarta - Tren perjalanan jauh bersama keluarga di tahun 2025–2026 semakin meningkat, baik untuk liburan, mudik, maupun road trip lintas kota.
Karena itu, kendaraan yang nyaman, bertenaga, dan memiliki kabin luas menjadi kebutuhan utama.
Mobil dengan konsep mobil rumah banyak diminati karena mampu menampung penumpang sekaligus barang bawaan tanpa mengorbankan kenyamanan.
Selain itu, fitur keselamatan dan efisiensi mesin juga menjadi faktor penting dalam perjalanan jarak jauh.
Berikut tujuh inspirasi mobil rumah yang dinilai paling ideal untuk menemani perjalanan jauh berdasarkan spesifikasi dan karakter masing-masing, dilansir dari berbagai sumber pada Rabu (24/12/2025).","Liputan6.com, Jakarta - Tren perjalanan jauh bersama keluarga di tahun 2025–2026 semakin meningkat, baik untuk liburan, mudik, maupun road trip lintas kota. Karena itu, kendaraan yang nyaman, bertenaga, dan memiliki kabin luas menjadi kebutuhan utama.

Mobil dengan konsep mobil rumah banyak diminati karena mampu menampung penumpang sekaligus barang bawaan tanpa mengorbankan kenyamanan. Selain itu, fitur keselamatan dan efisiensi mesin juga menjadi faktor penting dalam perjalanan jarak jauh.

Berikut tujuh inspirasi mobil rumah yang dinilai paling ideal untuk menemani perjalanan jauh berdasarkan spesifikasi dan karakter masing-masing, dilansir dari berbagai sumber pada Rabu (24/12/2025).","7 Inspirasi Mobil untuk Keluarga yang Keren Buat Perjalanan Jauh 2025–2026","https://cdn0-production-images-kly.akamaized.net/qYdvd3fEF4F8TCIKFcUfmCPqxEs=/1200x675/smart/filters:quality(75):strip_icc():format(jpeg)/kly-media-production/medias/5422264/original/003499700_1763975013-IMG-20251124-WA0015.jpg","https://otosia.liputan6.com/otosia/read/6236539/7-inspirasi-mobil-untuk-keluarga-yang-keren-buat-perjalanan-jauh-20252026","92","true","true","true","2026-01-10T03:29:16.329752+00:00","","https://www.liputan6.com/"
"Mochamad Rizal Ahba Ohorella, Diterbitkan Desember, Nurrohman Sidiq, Tim Redaksi","pilihannya, sisi, inspirasi, 20252026, model, 7, tujuh, seru, van, perjalanan, tersendiri, keren, titik, tangguh","id","Inspirasi mobil rumah dan campervan paling menarik untuk perjalanan jauh 2025–2026, dari off-grid adventure hingga motorhome mewah.","2025-12-24T11:45:19+07:00","Liputan6.com, Jakarta - Perjalanan jauh menjadi semakin seru dan fleksibel dengan konsep mobil rumah atau campervan yang nyaman sekaligus fungsional.
Kendaraan-kendaraan ini tak hanya membawa Anda dari titik A ke titik B, tapi juga menghadirkan kenyamanan layaknya rumah berjalan di tengah petualangan.
Dari motorhome mewah bernilai fantastis hingga van adventure yang tangguh menjelajah medan tak bersahabat, pilihannya sangat beragam.
Setiap model memiliki keunikan tersendiri, baik dari sisi desain, fitur interior, maupun kemampuan jelajahnya.
Berikut tujuh inspirasi mobil rumah paling keren yang bisa jadi pilihan untuk perjalanan jauh Anda berdasarkan sumber resmi masing-masing model, dihimpun dari berbagai sumber pada Rabu (24/12/2025).","Liputan6.com, Jakarta - Perjalanan jauh menjadi semakin seru dan fleksibel dengan konsep mobil rumah atau campervan yang nyaman sekaligus fungsional. Kendaraan-kendaraan ini tak hanya membawa Anda dari titik A ke titik B, tapi juga menghadirkan kenyamanan layaknya rumah berjalan di tengah petualangan.

Dari motorhome mewah bernilai fantastis hingga van adventure yang tangguh menjelajah medan tak bersahabat, pilihannya sangat beragam. Setiap model memiliki keunikan tersendiri, baik dari sisi desain, fitur interior, maupun kemampuan jelajahnya.

Berikut tujuh inspirasi mobil rumah paling keren yang bisa jadi pilihan untuk perjalanan jauh Anda berdasarkan sumber resmi masing-masing model, dihimpun dari berbagai sumber pada Rabu (24/12/2025).","7 Inspirasi Mobil Rumah yang Keren untuk Perjalanan Jauh 2025–2026","https://cdn1-production-images-kly.akamaized.net/9btaZpbPFxkvhG-pFw8MaGHksUc=/1200x675/smart/filters:quality(75):strip_icc():format(jpeg)/kly-media-production/medias/5217068/original/096405700_1747043463-Motorhome-Holiday-Red-Centre__1_.jpg","https://otosia.liputan6.com/otosia/read/6236739/7-inspirasi-mobil-rumah-yang-keren-untuk-perjalanan-jauh-20252026","100","true","true","true","2026-01-10T03:29:16.191207+00:00","","https://www.liputan6.com/"
"Mochamad Rizal Ahba Ohorella, Diterbitkan Desember, Nurrohman Sidiq, Tim Redaksi","sisi, samasama, pilih, hev, yaris, segmen, sporty, hrv, spesifikasi, tss, honda, gr, toyota, hybrid, vs, suv, fitur, rp100","id","Honda HR-V e:HEV vs Toyota Yaris Cross GR HEV CVT TSS  menjadi perbandingan menarik di kelas SUV hybrid kompak, terutama karena selisih harga keduanya hanya Rp1","2025-12-24T11:43:47+07:00","Liputan6.com, Jakarta - Sama-sama berada di segmen SUV hybrid, kedua kendaraan ini mengandalkan teknologi hybrid untuk efisiensi bahan bakar.
Perbedaannya terletak pada karakter berkendara, di mana Honda HR-V e:HEV lebih menonjolkan kenyamanan dan kehalusan saat digunakan harian.
Di sisi lain, Yaris Cross GR HEV CVT TSS membawa nuansa lebih sporty dengan dukungan fitur keselamatan aktif yang lebih agresif.
Berikut perbandingan lengkap dari sisi fitur, spesifikasi, dimensi, dan harga.
Dilansir dari berbagai sumber pada Rabu (24/12/2025).","Liputan6.com, Jakarta - Sama-sama berada di segmen SUV hybrid, kedua kendaraan ini mengandalkan teknologi hybrid untuk efisiensi bahan bakar. Perbedaannya terletak pada karakter berkendara, di mana Honda HR-V e:HEV lebih menonjolkan kenyamanan dan kehalusan saat digunakan harian.

Di sisi lain, Yaris Cross GR HEV CVT TSS membawa nuansa lebih sporty dengan dukungan fitur keselamatan aktif yang lebih agresif. Berikut perbandingan lengkap dari sisi fitur, spesifikasi, dimensi, dan harga. Dilansir dari berbagai sumber pada Rabu (24/12/2025).","Beda Rp100 Ribu, Pilih Mana? Honda HR-V e:HEV vs Toyota Yaris Cross GR HEV CVT TSS","https://cdn0-production-images-kly.akamaized.net/ZDQJ9wBZrOCWZWNhjLTked3mghU=/1200x675/smart/filters:quality(75):strip_icc():format(jpeg)/kly-media-production/medias/5448570/original/099542200_1766033466-YARIS.jpg","https://otosia.liputan6.com/otosia/read/6239266/beda-rp100-ribu-pilih-mana-honda-hr-v-ehev-vs-toyota-yaris-cross-gr-hev-cvt-tss","75","true","true","true","2026-01-10T03:29:15.842650+00:00","","https://www.liputan6.com/"
"Mochamad Rizal Ahba Ohorella, Diterbitkan Desember, Nurrohman Sidiq, Tim Redaksi","2025, perhatian, pilih, xpander, pembeli, mpvsejak, terbaru, varian, meluncur, terjangkau, mitsubishi, modern, popularitasnya, membeli, daftar","id","Harga mobil Xpander bekas terbaru 2025 berdasarkan varian dan tahun produksi, cocok untuk keluarga yang mencari MPV nyaman dan bernilai stabil.","2025-12-24T11:42:06+07:00","Liputan6.com, Jakarta - Harga mobil Xpander bekas masih menjadi perhatian banyak calon pembeli di Indonesia, khususnya mereka yang mencari mobil keluarga dengan harga lebih terjangkau.
Mitsubishi Xpander dikenal luas berkat desain modern, kabin lapang, serta fitur yang cukup lengkap di kelas MPV.
Sejak pertama kali meluncur pada 2017, Xpander langsung mendapatkan tempat di hati konsumen Tanah Air.
Memahami harga pasar Xpander bekas menjadi langkah penting sebelum membeli.
Berikut daftar lengkapnya yang dihimpun dari berbagai sumber pada Rabu (24/12/2025).","Liputan6.com, Jakarta - Harga mobil Xpander bekas masih menjadi perhatian banyak calon pembeli di Indonesia, khususnya mereka yang mencari mobil keluarga dengan harga lebih terjangkau. Mitsubishi Xpander dikenal luas berkat desain modern, kabin lapang, serta fitur yang cukup lengkap di kelas MPV.

Sejak pertama kali meluncur pada 2017, Xpander langsung mendapatkan tempat di hati konsumen Tanah Air. Popularitasnya membuat unit bekasnya tetap diminati, baik untuk penggunaan keluarga maupun kebutuhan harian.

Memahami harga pasar Xpander bekas menjadi langkah penting sebelum membeli. Berikut daftar lengkapnya yang dihimpun dari berbagai sumber pada Rabu (24/12/2025).","Daftar Harga Mobil Xpander Bekas Terbaru 2025, Bisa Pilih Berdasarkan Varian","https://cdn1-production-images-kly.akamaized.net/P-J3ui7Gh-YF9CS3PxZOCdWw72c=/1200x675/smart/filters:quality(75):strip_icc():format(jpeg)/kly-media-production/medias/5263447/original/036204700_1750822441-New_Mitsubishi_Xpander_Cross_CVT_Exterior__20_.jpg","https://otosia.liputan6.com/otosia/read/6242766/daftar-harga-mobil-xpander-bekas-terbaru-2025-bisa-pilih-berdasarkan-varian","91","true","true","true","2026-01-10T03:29:16.097879+00:00","","https://www.liputan6.com/"
"Mochamad Rizal Ahba Ohorella, Diterbitkan Desember, Nurrohman Sidiq, Tim Redaksi","tersedia, area, beristirahat, lengkap, tol, toilet, rest, trans, fasilitas, nyaman, titik, semarang","id","Lokasi Rest Area di Tol Semarang dengan fasilitas lengkap, masjid, SPBU, restoran, dan area parkir nyaman untuk perjalanan jauh.","2025-12-23T13:42:05+07:00","Liputan6.com, Jakarta - Lokasi Rest Area di Tol Semarang menjadi informasi penting bagi pengendara yang melintas jalur Pantura maupun tol Trans Jawa.
Keberadaan rest area membantu pengemudi beristirahat dengan aman dan nyaman selama perjalanan jauh.
Selain sebagai tempat beristirahat, rest area di Tol Semarang juga dilengkapi beragam fasilitas penunjang seperti SPBU, masjid, toilet, hingga tempat makan.
Beberapa di antaranya bahkan memiliki pemandangan alam yang menenangkan.
Berikut ini daftar lokasi rest area di Tol Semarang yang bisa menjadi pilihan persinggahan, lengkap dengan fasilitas yang tersedia di masing-masing titik, dilansir dari berbagai sumber pada Selasa (23/12/2025).","Liputan6.com, Jakarta - Lokasi Rest Area di Tol Semarang menjadi informasi penting bagi pengendara yang melintas jalur Pantura maupun tol Trans Jawa. Keberadaan rest area membantu pengemudi beristirahat dengan aman dan nyaman selama perjalanan jauh.

Selain sebagai tempat beristirahat, rest area di Tol Semarang juga dilengkapi beragam fasilitas penunjang seperti SPBU, masjid, toilet, hingga tempat makan. Beberapa di antaranya bahkan memiliki pemandangan alam yang menenangkan.

Berikut ini daftar lokasi rest area di Tol Semarang yang bisa menjadi pilihan persinggahan, lengkap dengan fasilitas yang tersedia di masing-masing titik, dilansir dari berbagai sumber pada Selasa (23/12/2025).","Lokasi Rest Area di Tol Semarang Paling Lengkap dan Nyaman","https://cdn1-production-images-kly.akamaized.net/76g72NHhGSuvWQ2GqaocmTbUaWY=/1200x675/smart/filters:quality(75):strip_icc():format(jpeg)/kly-media-production/medias/4399257/original/043618300_1681788174-WhatsApp_Image_2023-04-18_at_10.21.46.jpeg","https://otosia.liputan6.com/otosia/read/6242542/lokasi-rest-area-di-tol-semarang-paling-lengkap-dan-nyaman","94","true","true","true","2026-01-10T03:29:19.000330+00:00","","https://www.liputan6.com/"
"Mochamad Rizal Ahba Ohorella, Diterbitkan Desember, Nurrohman Sidiq, Tim Redaksi","2018, city, stylish, unik, car, suzuki, pembeli, varian, ignis, terjangkau, desain, matic","id","Harga Suzuki Ignis bekas 2018 masih terjangkau dengan desain stylish, mesin irit, dan pilihan varian manual serta AGS.","2025-12-23T13:36:55+07:00","Liputan6.com, Jakarta - Harga Suzuki Ignis bekas masih tergolong menarik di pasar mobil seken, terutama untuk unit produksi tahun 2018.
Mobil ini kerap direkomendasikan karena menawarkan desain modern dengan karakter city car yang praktis.
Suzuki Ignis 2018 bekas memiliki tampilan yang modis, interior nyaman, serta konsumsi bahan bakar yang efisien.
Selain itu, Suzuki Ignis matic bekas juga diminati berkat desain unik dan ground clearance yang cukup tinggi.
Dengan harga yang relatif terjangkau, pembeli bisa mendapatkan city car kekinian dengan fitur yang mendukung kenyamanan pengemudi dan penumpang, dilansir dari berbagai sumber pada Selasa (23/12/2025).","Liputan6.com, Jakarta - Harga Suzuki Ignis bekas masih tergolong menarik di pasar mobil seken, terutama untuk unit produksi tahun 2018. Mobil ini kerap direkomendasikan karena menawarkan desain modern dengan karakter city car yang praktis. Tak heran jika Ignis banyak diburu oleh pembeli dengan budget terbatas.

Suzuki Ignis 2018 bekas memiliki tampilan yang modis, interior nyaman, serta konsumsi bahan bakar yang efisien. Varian matic menjadi incaran karena memberikan kemudahan berkendara di kondisi lalu lintas perkotaan. Mobil ini juga dikenal mudah dikendarai dan cocok untuk penggunaan harian.

Selain itu, Suzuki Ignis matic bekas juga diminati berkat desain unik dan ground clearance yang cukup tinggi. Dengan harga yang relatif terjangkau, pembeli bisa mendapatkan city car kekinian dengan fitur yang mendukung kenyamanan pengemudi dan penumpang, dilansir dari berbagai sumber pada Selasa (23/12/2025).","Harga Suzuki Ignis Bekas, City Car Stylish Harga Terjangkau","https://cdn1-production-images-kly.akamaized.net/tmCrbgBm-ajYguCciB3eMy7cWbI=/1200x675/smart/filters:quality(75):strip_icc():format(jpeg)/kly-media-production/medias/2299954/original/009250700_1533233917-suzuki_ignis_sport.jpg","https://otosia.liputan6.com/otosia/read/6241811/harga-suzuki-ignis-bekas-city-car-stylish-harga-terjangkau","128","true","true","true","2026-01-10T03:29:18.325768+00:00","","https://www.liputan6.com/"
"Miftakhul Ulum, Diterbitkan Januari, Nurrohman Sidiq, Tim Redaksi","5, v, hev, varian, tss, q, mesin, toyota, hybrid, 2026, meluncur, veloz, konsumen, daftar","id","Tahun 2026 diperkirakan menjadi periode yang cukup dinamis bagi pasar otomotif Indonesia. Laju elektrifikasi, meningkatnya pilihan kendaraan hybrid.","2026-01-09T14:00:16+07:00","Toyota Veloz Hybrid resmi diluncurkan di Indonesia dan dipersiapkan untuk pengiriman kepada konsumen mulai tahun 2026.
Peluncuran Veloz Hybrid ini juga menjadi bagian dari pergeseran tren otomotif menuju elektrifikasi di Indonesia.
Toyota Veloz Hybrid dipersenjatai dengan mesin berkapasitas 1.500 cc yang dipadukan dengan sistem hybrid Toyota yang sudah dikenal pada model seperti Yaris Cross Hybrid.
Toyota Veloz Hybrid varian tertinggi akan dibekali Toyota Safety Sense (TSS), serupa dengan model sebelumnya.
Ke depannya, Veloz Hybrid akan dipasarkan dalam beberapa pilihan varian, yakni V HEV, Q HEV, Q HEV Modellista, serta Q HEV TSS Modellista.","Toyota Veloz Hybrid resmi diluncurkan di Indonesia dan dipersiapkan untuk pengiriman kepada konsumen mulai tahun 2026. MPV tujuh penumpang ini menjadi salah satu langkah penting Toyota dalam menghadirkan kendaraan ramah lingkungan namun tetap terjangkau bagi pasar keluarga di Indonesia. Peluncuran Veloz Hybrid ini juga menjadi bagian dari pergeseran tren otomotif menuju elektrifikasi di Indonesia.

Toyota Veloz Hybrid dipersenjatai dengan mesin berkapasitas 1.500 cc yang dipadukan dengan sistem hybrid Toyota yang sudah dikenal pada model seperti Yaris Cross Hybrid. Mesin dengan kode 2NR-VEX tersebut memanfaatkan kombinasi motor listrik dan mesin bensin untuk memberikan efisiensi bahan bakar yang lebih baik tanpa mengorbankan performa berkendara.

Saat peluncuran di GJAW 2025, Toyota membuka pre-booking Veloz Hybrid dengan harga mulai Rp 299 juta untuk varian paling dasar (V Grade). Harga ini hanya berlaku khusus selama periode pameran sampai akhir Desember 2025 dan memberi kesempatan awal bagi konsumen untuk mendapatkan unit dengan harga menarik.

Veloz Hybrid diperkirakan akan tersedia dalam empat varian berbeda, dengan harga tertinggi mencapai sekitar Rp 390 jutaan untuk tipe terlengkap. Hal ini memberikan rentang opsi bagi konsumen yang ingin memilih spesifikasi sesuai kebutuhan dan anggaran mereka. Toyota Veloz Hybrid varian tertinggi akan dibekali Toyota Safety Sense (TSS), serupa dengan model sebelumnya. Paket fitur keselamatan aktif tersebut mencakup Pre-Collision System, Lane Departure Alert, serta Adaptive Cruise Control.

Ke depannya, Veloz Hybrid akan dipasarkan dalam beberapa pilihan varian, yakni V HEV, Q HEV, Q HEV Modellista, serta Q HEV TSS Modellista.","5 Daftar Mobil Baru yang Diperkirakan Meluncur Tahun 2026","https://cdn0-production-images-kly.akamaized.net/2c9_1PTacRzeW4MwfHp8GPbNbXU=/1200x675/smart/filters:quality(75):strip_icc():format(jpeg)/kly-media-production/medias/5426918/original/003335500_1764321394-20251124_110059.jpg","https://otosia.liputan6.com/mobil/read/6252276/5-daftar-mobil-baru-yang-diperkirakan-meluncur-tahun-2026","237","true","true","true","2026-01-10T03:29:18.728635+00:00","","https://www.liputan6.com/"
"Mochamad Rizal Ahba Ohorella, Diterbitkan Desember, Nurrohman Sidiq, Tim Redaksi","5, tantangan, simulator, wajib, dicoba, merasakan, rekomendasi, sensasi, truk, game, tersendiri, gim, virtual, sopir","id","Game Truk Simulator terbaik yang menghadirkan sensasi mengemudi truk realistis, mulai dari jalan kota hingga medan offroad.","2025-12-23T13:34:46+07:00","Liputan6.com, Jakarta - Game Truk Simulator menjadi salah satu genre gim yang cukup digemari karena menawarkan sensasi berkendara kendaraan besar secara realistis.
Melalui ponsel Android, pemain bisa merasakan pengalaman mengemudi truk tanpa harus menggunakan perangkat komputer.
Beragam game truk simulator hadir dengan konsep berbeda, mulai dari pengantaran barang, pengelolaan sampah, hingga perjalanan jarak jauh antar kota.
Setiap gim menawarkan tantangan tersendiri yang membuat pemain tidak mudah bosan.
Berikut ini lima rekomendasi game truk simulator yang bisa menjadi pilihan untuk mengisi waktu luang dan merasakan sensasi menjadi sopir truk secara virtual, dirangkum dari berbagai sumber pada Selasa (23/12/2025).","Liputan6.com, Jakarta - Game Truk Simulator menjadi salah satu genre gim yang cukup digemari karena menawarkan sensasi berkendara kendaraan besar secara realistis. Melalui ponsel Android, pemain bisa merasakan pengalaman mengemudi truk tanpa harus menggunakan perangkat komputer.

Beragam game truk simulator hadir dengan konsep berbeda, mulai dari pengantaran barang, pengelolaan sampah, hingga perjalanan jarak jauh antar kota. Setiap gim menawarkan tantangan tersendiri yang membuat pemain tidak mudah bosan.

Berikut ini lima rekomendasi game truk simulator yang bisa menjadi pilihan untuk mengisi waktu luang dan merasakan sensasi menjadi sopir truk secara virtual, dirangkum dari berbagai sumber pada Selasa (23/12/2025).","Game Truk Simulator, 5 Rekomendasi yang Wajib Dicoba","https://cdn1-production-images-kly.akamaized.net/djgIZLbi7aeyLbQr-htvDnCWmpQ=/1200x675/smart/filters:quality(75):strip_icc():format(jpeg)/kly-media-production/medias/5451784/original/052435400_1766370901-game.jpg","https://otosia.liputan6.com/otosia/read/6241687/game-truk-simulator-5-rekomendasi-yang-wajib-dicoba","97","true","true","true","2026-01-10T03:29:18.744896+00:00","","https://www.liputan6.com/"
"Mochamad Rizal Ahba Ohorella, Diterbitkan Desember, Nurrohman Sidiq, Tim Redaksi","2025, jarak, tersedia, cocok, touring, spesifikasi, seiring, terjauh, perjalanan, tempuh, listrik, motor","id","Harga motor listrik dengan jarak tempuh terjauh yang cocok untuk touring dan perjalanan akhir tahun 2025.","2025-12-23T13:33:18+07:00","Liputan6.com, Jakarta - Harga motor listrik dengan jarak tempuh terjauh semakin menarik perhatian menjelang akhir tahun 2025.
Motor listrik kini tak hanya difokuskan untuk mobilitas jarak dekat, tetapi juga mulai dilirik untuk kebutuhan perjalanan lebih jauh.
Perjalanan akhir tahun seperti touring ringan atau perjalanan antarkota kini mulai memungkinkan dilakukan menggunakan motor listrik.
Berikut daftar motor listrik dengan jarak tempuh terjauh yang tersedia di Indonesia, lengkap dengan harga dan spesifikasi utama.
Data ini dapat menjadi referensi bagi kamu yang mempertimbangkan motor listrik untuk perjalanan akhir tahun.","Liputan6.com, Jakarta - Harga motor listrik dengan jarak tempuh terjauh semakin menarik perhatian menjelang akhir tahun 2025. Motor listrik kini tak hanya difokuskan untuk mobilitas jarak dekat, tetapi juga mulai dilirik untuk kebutuhan perjalanan lebih jauh. Hal ini seiring meningkatnya kapasitas baterai dan efisiensi motor penggerak.

Perjalanan akhir tahun seperti touring ringan atau perjalanan antarkota kini mulai memungkinkan dilakukan menggunakan motor listrik. Beberapa model bahkan mampu menempuh jarak di atas 100 km dalam sekali pengisian daya. Faktor inilah yang membuat motor listrik semakin relevan sebagai kendaraan alternatif.

Berikut daftar motor listrik dengan jarak tempuh terjauh yang tersedia di Indonesia, lengkap dengan harga dan spesifikasi utama. Data ini dapat menjadi referensi bagi kamu yang mempertimbangkan motor listrik untuk perjalanan akhir tahun.","Harga Motor Listrik Jarak Tempuh Terjauh, Cocok untuk Touring Akhir Tahun 2025","https://cdn1-production-images-kly.akamaized.net/fVKbSr2tp5evfr5l1KIJPnzXiKg=/1200x675/smart/filters:quality(75):strip_icc():format(jpeg)/kly-media-production/medias/4121321/original/069724500_1660276387-Alva.jpg","https://otosia.liputan6.com/otosia/read/6241927/harga-motor-listrik-jarak-tempuh-terjauh-cocok-untuk-touring-akhir-tahun-2025","120","true","true","true","2026-01-10T03:29:19.048500+00:00","","https://www.liputan6.com/"
"Mochamad Rizal Ahba Ohorella, Diterbitkan Desember, Nurrohman Sidiq, Tim Redaksi","2025, kabin, jalanjalan, suhu, siang, seiring, persiapan, ac, freon, refrigerant, penjelasan, habis, tekanan, cek","id","Cara cek freon AC mobil habis atau belum sebelum perjalanan akhir tahun 2025, lengkap dengan tekanan ideal dan ciri-cirinya.","2025-12-22T12:00:07+07:00","Liputan6.com, Jakarta - Cara cek freon AC mobil penting diketahui sebelum bepergian, terutama saat persiapan liburan akhir tahun 2025.
Freon atau refrigerant merupakan komponen utama dalam sistem AC mobil yang berfungsi mendinginkan udara di dalam kabin.
Tanpa tekanan freon yang sesuai, kinerja AC tidak akan optimal.
Kenyamanan berkendara sangat dipengaruhi oleh suhu kabin, terlebih saat cuaca panas di siang hari.
Membuka jendela saja tidak cukup untuk menurunkan suhu, sehingga AC menjadi andalan utama.","Liputan6.com, Jakarta - Cara cek freon AC mobil penting diketahui sebelum bepergian, terutama saat persiapan liburan akhir tahun 2025. Freon atau refrigerant merupakan komponen utama dalam sistem AC mobil yang berfungsi mendinginkan udara di dalam kabin. Tanpa tekanan freon yang sesuai, kinerja AC tidak akan optimal.

Kenyamanan berkendara sangat dipengaruhi oleh suhu kabin, terlebih saat cuaca panas di siang hari. Membuka jendela saja tidak cukup untuk menurunkan suhu, sehingga AC menjadi andalan utama. Karena itulah kondisi freon harus selalu dalam keadaan normal.

Freon memiliki masa pakai dan bisa berkurang seiring waktu pemakaian. Saat udara yang keluar dari AC mulai terasa kurang dingin, hal tersebut bisa menjadi indikasi awal. Berikut penjelasan lengkap yang dirangkum dari berbagai sumber pada Senin (19/12/2025).","Cara Cek Freon AC Mobil Habis atau Belum, Persiapan Jalan-jalan Akhir Tahun 2025","https://cdn0-production-images-kly.akamaized.net/X56P-2zBDy8aR1Odlh4R06X-JgY=/1200x675/smart/filters:quality(75):strip_icc():format(jpeg)/kly-media-production/medias/5072540/original/052860500_1735562479-Service_Mobil_di_Dokter_Mobil_Bogor.jpg","https://otosia.liputan6.com/otosia/read/6241682/cara-cek-freon-ac-mobil-habis-atau-belum-persiapan-jalan-jalan-akhir-tahun-2025","119","true","true","true","2026-01-10T03:29:21.815035+00:00","","https://www.liputan6.com/"
"Mochamad Rizal Ahba Ohorella, Diterbitkan Desember, Nurrohman Sidiq, Tim Redaksi","pilihannya, ulasan, stabil, segmen, brio, honda, transmisinya, terpaku, tergantung, tipe, rp100, daftar, muda","id","Uang Rp100 juta masih cukup realistis untuk membawa pulang Honda Brio bekas di pasar mobil Indonesia.","2025-12-19T16:00:34+07:00","Liputan6.com, Jakarta - Dengan uang Rp100 juta, Honda Brio bekas menjadi salah satu pilihan favorit bagi pembeli mobil pertama hingga keluarga muda.
Dimensinya yang kompak cocok untuk pemakaian harian, sementara nilai jual kembali yang relatif stabil membuatnya semakin diminati.
Tak heran jika Brio kerap direkomendasikan di segmen city car.
Beberapa generasi awal hingga versi yang lebih muda masih masuk dalam pilihan, tergantung tipe dan jenis transmisinya.
Berikut ulasan lengkap yang dihimpun dari berbagai sumber pada Jumat (19/12/2025).","Liputan6.com, Jakarta - Dengan uang Rp100 juta, Honda Brio bekas menjadi salah satu pilihan favorit bagi pembeli mobil pertama hingga keluarga muda. Dimensinya yang kompak cocok untuk pemakaian harian, sementara nilai jual kembali yang relatif stabil membuatnya semakin diminati. Tak heran jika Brio kerap direkomendasikan di segmen city car.

Dengan anggaran tersebut, kamu juga tidak perlu terpaku pada satu tahun produksi saja. Beberapa generasi awal hingga versi yang lebih muda masih masuk dalam pilihan, tergantung tipe dan jenis transmisinya. Berikut ulasan lengkap yang dihimpun dari berbagai sumber pada Jumat (19/12/2025).","Honda Brio Rp100 Juta Dapat Tahun Berapa? Ini Daftar Pilihannya","https://cdn0-production-images-kly.akamaized.net/YJEevwyRdQIvEuyxTzvHRfi6HRg=/445x429:3715x2270/1200x675/filters:quality(75):strip_icc():format(jpeg):watermark(kly-media-production/assets/images/watermarks/liputan6/watermark-color-landscape-new.png,1100,20,0)/kly-media-production/medias/4147964/original/084547100_1662438295-IMG_20220315_100140.jpg","https://otosia.liputan6.com/otosia/read/6240388/honda-brio-rp100-juta-dapat-tahun-berapa-ini-daftar-pilihannya","90","true","true","true","2026-01-10T03:29:22.032159+00:00","","https://www.liputan6.com/"
"Mochamad Rizal Ahba Ohorella, Diterbitkan Desember, Nurrohman Sidiq, Tim Redaksi","terealisasi, big, tampang, suzuki, garang, xmax, burgman, skutik, sorotan, tenggara, 350, yamaha","id","Suzuki Burgman 350 dirumorkan siap comeback di kelas big skutik 300–400 cc untuk menantang Honda Forza 350 dan Yamaha XMAX 300.","2025-12-19T15:54:12+07:00","Liputan6.com, Jakarta - Suzuki Burgman 350 menjadi sorotan seiring mencuatnya kabar dari China mengenai pengembangan big skutik anyar Suzuki di kelas 300–400 cc.
Model ini disebut-sebut akan turun langsung menantang Honda Forza 350 dan Yamaha XMAX 300 yang selama ini mendominasi pasar.
Jika benar terealisasi, kehadirannya bakal menghidupkan kembali persaingan di segmen big skutik menengah.
Isu tersebut memunculkan harapan besar, terutama di kawasan Asia Tenggara yang sudah lama menantikan Burgman versi kapasitas menengah.
Suzuki dinilai memiliki modal kuat dari nama besar Burgman yang identik dengan kenyamanan dan kesan premium.","Liputan6.com, Jakarta - Suzuki Burgman 350 menjadi sorotan seiring mencuatnya kabar dari China mengenai pengembangan big skutik anyar Suzuki di kelas 300–400 cc. Model ini disebut-sebut akan turun langsung menantang Honda Forza 350 dan Yamaha XMAX 300 yang selama ini mendominasi pasar. Jika benar terealisasi, kehadirannya bakal menghidupkan kembali persaingan di segmen big skutik menengah.

Isu tersebut memunculkan harapan besar, terutama di kawasan Asia Tenggara yang sudah lama menantikan Burgman versi kapasitas menengah. Suzuki dinilai memiliki modal kuat dari nama besar Burgman yang identik dengan kenyamanan dan kesan premium. Karena itu, rumor ini langsung menarik perhatian para penggemar skutik bongsor, berikut ini penjelasan lengkapnya yang dilansir dari GreatBiker pada Jumat (19/12/2025).","Tampang Garang Suzuki Burgman 350, Yamaha XMAX Lewat?","https://cdn0-production-images-kly.akamaized.net/TSmGdL0T3ufBlwirvFKdtU4v7VY=/1200x675/smart/filters:quality(75):strip_icc():format(jpeg)/kly-media-production/medias/5450142/original/095671300_1766130708-suz.jpg","https://otosia.liputan6.com/otosia/read/6240331/tampang-garang-suzuki-burgman-350-yamaha-xmax-lewat","111","true","true","true","2026-01-10T03:29:21.597725+00:00","","https://www.liputan6.com/"
"Mochamad Rizal Ahba Ohorella, Diterbitkan Desember, Nurrohman Sidiq, Tim Redaksi","125, unik, touring, sentuhan, saudara, penampakannya, gorilla, santai, retro, honda, monkey, keren, motor, tampilan, ringan","id","Motor retro honda mulai ramai diperbincangkan setelah muncul laporan dari berbagai negara mengenai kemungkinan kebangkitan nama legendaris Gorilla dalam format","2025-12-19T13:43:22+07:00","Liputan6.com, Jakarta - Setelah Monkey 125 meraih kesuksesan global, menghidupkan kembali Gorilla dalam versi 125 dinilai sebagai langkah logis bagi Honda.
Di masa lalu, Gorilla dikenal sebagai saudara Monkey yang memiliki karakter lebih kokoh dan siap diajak melibas berbagai kondisi jalan.
Dengan pendekatan desain klasik yang dipadukan sentuhan modern, Gorilla 125 digadang-gadang akan menyasar penggemar mini bike yang menginginkan tampilan unik sekaligus fungsional untuk perjalanan santai maupun touring ringan.
Berikut penjelasan lengkapnya dilansir dari GreatBiker pada Jumat (19/12/2025).","Liputan6.com, Jakarta - Setelah Monkey 125 meraih kesuksesan global, menghidupkan kembali Gorilla dalam versi 125 dinilai sebagai langkah logis bagi Honda. Di masa lalu, Gorilla dikenal sebagai saudara Monkey yang memiliki karakter lebih kokoh dan siap diajak melibas berbagai kondisi jalan.

Dengan pendekatan desain klasik yang dipadukan sentuhan modern, Gorilla 125 digadang-gadang akan menyasar penggemar mini bike yang menginginkan tampilan unik sekaligus fungsional untuk perjalanan santai maupun touring ringan. Berikut penjelasan lengkapnya dilansir dari GreatBiker pada Jumat (19/12/2025).","Honda Juga Punya Motor Retro Keren, Begini Penampakannya","https://cdn1-production-images-kly.akamaized.net/dDm0ICdZoU6mu9ZPeDEdwhasRBo=/1200x675/smart/filters:quality(75):strip_icc():format(jpeg)/kly-media-production/medias/5450032/original/070754800_1766125862-Grea.jpg","https://otosia.liputan6.com/otosia/read/6240240/honda-juga-punya-motor-retro-keren-begini-penampakannya","78","true","true","true","2026-01-10T03:29:21.915335+00:00","","https://www.liputan6.com/"
"Mochamad Rizal Ahba Ohorella, Diterbitkan Desember, Nurrohman Sidiq, Tim Redaksi","2025, beragam, chery, rentang, website, segmen, terbaru, rp, suv, 11, produknya, premium, daftar","id","Harga mobil baru Chery di Indonesia kini semakin beragam dengan pilihan model bermesin bensin, hybrid, hingga listrik murni.","2025-12-19T13:38:16+07:00","Liputan6.com, Jakarta - Harga Mobil Baru Chery di Indonesia hadir dengan beragam teknologi penggerak, mulai dari mesin konvensional, sistem hybrid, hingga mobil listrik murni.
Melalui jajaran produknya, Chery menyasar segmen SUV kompak hingga premium dengan fitur modern dan desain agresif.
Rentang harga yang ditawarkan pun cukup beragam, dimulai dari Rp 259 jutaan.
Berikut daftar harga mobil baru Chery terbaru, dilansir dari website resmi Chery Indonesia pada Kamis (18/12/2025).","Liputan6.com, Jakarta - Harga Mobil Baru Chery di Indonesia hadir dengan beragam teknologi penggerak, mulai dari mesin konvensional, sistem hybrid, hingga mobil listrik murni. Melalui jajaran produknya, Chery menyasar segmen SUV kompak hingga premium dengan fitur modern dan desain agresif. Rentang harga yang ditawarkan pun cukup beragam, dimulai dari Rp 259 jutaan.

Berikut daftar harga mobil baru Chery terbaru, dilansir dari website resmi Chery Indonesia pada Kamis (18/12/2025).","11 Daftar Harga Mobil Baru Chery Desember 2025","https://cdn0-production-images-kly.akamaized.net/67JVnHSCVxAlP-_qEJapxyTuvic=/1200x675/smart/filters:quality(75):strip_icc():format(jpeg)/kly-media-production/medias/5127728/original/075423900_1739180360-IMG-20250210-WA0005.jpg","https://otosia.liputan6.com/otosia/read/6239626/11-daftar-harga-mobil-baru-chery-desember-2025","68","true","true","true","2026-01-10T03:29:21.992055+00:00","","https://www.liputan6.com/"
"Mochamad Rizal Ahba Ohorella, Diterbitkan Desember, Nurrohman Sidiq, Tim Redaksi","rp3, cocok, jutaan, sederhana, risiko, terjangkau, solusi, 2026, skutik, ringkas, motor, tangguh","id","Motor Bekas Rp3 Jutaan masih layak dipilih untuk harian, menawarkan mesin bandel, irit bahan bakar, dan perawatan murah.","2025-12-19T13:37:29+07:00","Liputan6.com, Jakarta - Motor Bekas Rp3 Jutaan masih menjadi solusi favorit bagi masyarakat yang membutuhkan kendaraan harian dengan biaya terjangkau.
Di rentang harga ini, konsumen bisa menemukan berbagai model motor yang dikenal irit, tangguh, dan mudah dirawat.
Meski sebagian besar unit sudah berusia di atas 10 tahun, banyak motor di kelas ini tetap layak pakai selama perawatan sebelumnya dilakukan dengan baik.
Karakter mesin yang sederhana justru menjadi keunggulan utama karena minim risiko kerusakan.
Pilihan motor bekas harga Rp3 jutaan juga sangat beragam, mulai dari skutik ringkas hingga motor bebek legendaris yang terkenal awet dan hemat bahan bakar, dilansir dari berbagai sumber pada Jumat (19/12/2025).","Liputan6.com, Jakarta - Motor Bekas Rp3 Jutaan masih menjadi solusi favorit bagi masyarakat yang membutuhkan kendaraan harian dengan biaya terjangkau. Di rentang harga ini, konsumen bisa menemukan berbagai model motor yang dikenal irit, tangguh, dan mudah dirawat.

Meski sebagian besar unit sudah berusia di atas 10 tahun, banyak motor di kelas ini tetap layak pakai selama perawatan sebelumnya dilakukan dengan baik. Karakter mesin yang sederhana justru menjadi keunggulan utama karena minim risiko kerusakan.

Pilihan motor bekas harga Rp3 jutaan juga sangat beragam, mulai dari skutik ringkas hingga motor bebek legendaris yang terkenal awet dan hemat bahan bakar, dilansir dari berbagai sumber pada Jumat (19/12/2025).","Punya Uang Rp3 Juta, Motor Apa yang Paling Cocok di Tahun 2026?","https://cdn1-production-images-kly.akamaized.net/EHtBw5iOeAWLj1pExf8IM_awiTw=/1200x675/smart/filters:quality(75):strip_icc():format(jpeg)/kly-media-production/medias/1212023/original/084764600_1461318270-Untitled-1.jpg","https://otosia.liputan6.com/otosia/read/6239659/punya-uang-rp3-juta-motor-apa-yang-paling-cocok-di-tahun-2026","104","true","true","true","2026-01-10T03:29:25.326803+00:00","","https://www.liputan6.com/"
"Mochamad Rizal Ahba Ohorella, Diterbitkan Desember, Nurrohman Sidiq, Tim Redaksi","pilihannya, jutaan, rp150, segmen, terjangkau, pertimbangan, mpv, 2026, ringkas, konsumen, nyaman","id","Mobil Rp150 Jutaan masih jadi pilihan realistis di awal 2026, tersedia city car baru hingga MPV bekas yang nyaman untuk keluarga.","2025-12-19T13:30:09+07:00","Liputan6.com, Jakarta - Mobil Rp150 Jutaan masih menjadi segmen favorit bagi konsumen yang ingin memiliki kendaraan dengan harga terjangkau di awal tahun 2026.
Dengan bujet sekitar Rp150 jutaan, konsumen bisa memilih city car ringkas, MPV keluarga, hingga mobil bekas bermesin besar yang terkenal nyaman.
Setiap model menawarkan karakter berbeda sesuai kebutuhan penggunaan harian maupun keluarga.
Berikut daftar mobil Rp150 jutaan yang bisa menjadi pertimbangan untuk awal tahun 2026, dilansir dari berbagai sumber pada Jumat (19/12/2025).","Liputan6.com, Jakarta - Mobil Rp150 Jutaan masih menjadi segmen favorit bagi konsumen yang ingin memiliki kendaraan dengan harga terjangkau di awal tahun 2026. Dengan bujet sekitar Rp150 jutaan, konsumen bisa memilih city car ringkas, MPV keluarga, hingga mobil bekas bermesin besar yang terkenal nyaman. Setiap model menawarkan karakter berbeda sesuai kebutuhan penggunaan harian maupun keluarga.

Berikut daftar mobil Rp150 jutaan yang bisa menjadi pertimbangan untuk awal tahun 2026, dilansir dari berbagai sumber pada Jumat (19/12/2025).","Mobil Rp150 Jutaan untuk Awal Tahun 2026, Ini Pilihannya","https://cdn1-production-images-kly.akamaized.net/gz9Vz1YFSoSPdZrWJi6HH6gsFOo=/0x0:4896x3264/1200x675/filters:quality(75):strip_icc():format(jpeg):watermark(kly-media-production/assets/images/watermarks/liputan6/watermark-color-landscape-new.png,1100,20,0)/kly-media-production/medias/4427606/original/054364800_1684117128-DSCF5969.JPG","https://otosia.liputan6.com/otosia/read/6240212/mobil-rp150-jutaan-untuk-awal-tahun-2026-ini-pilihannya","75","true","true","true","2026-01-10T03:29:25.244797+00:00","","https://www.liputan6.com/"
"Mochamad Rizal Ahba Ohorella, Diterbitkan Desember, Nurrohman Sidiq, Tim Redaksi","2025, merek, nonjepangberikut, model, melonjaknya, penjualan, liputan6, terlaris, wholesales, liputan6com, rajanya, ragam","id","Mobil China terlaris di Indonesia sepanjang Januari–November 2025 menunjukkan tren kuat merek asal Tiongkok di pasar nasional.","2025-12-18T15:48:47+07:00","Liputan6.com, Jakarta - Peningkatan minat terhadap kendaraan elektrifikasi menjadi faktor utama melonjaknya penjualan mobil China.
Harga yang kompetitif dan ragam model membuat konsumen semakin terbuka terhadap merek non-Jepang.
Berikut daftar 10 mobil China terlaris di Indonesia selama Januari hingga November 2025, dilansir Liputan6 berdasarkan data wholesales Gaikindo pada Kamis (18/12/2025).","Liputan6.com, Jakarta - Peningkatan minat terhadap kendaraan elektrifikasi menjadi faktor utama melonjaknya penjualan mobil China. Harga yang kompetitif dan ragam model membuat konsumen semakin terbuka terhadap merek non-Jepang.

Berikut daftar 10 mobil China terlaris di Indonesia selama Januari hingga November 2025, dilansir Liputan6 berdasarkan data wholesales Gaikindo pada Kamis (18/12/2025).","Mobil China Terlaris di Indonesia 2025, Siapa Rajanya?","https://cdn1-production-images-kly.akamaized.net/ni6jfMjFNyDEq7DKi6Vs_1nQ7XM=/1200x675/smart/filters:quality(75):strip_icc():format(jpeg)/kly-media-production/medias/5444693/original/056355600_1765786464-BYD_Atto.jpg","https://otosia.liputan6.com/otosia/read/6239215/mobil-china-terlaris-di-indonesia-2025-siapa-rajanya","50","true","true","true","2026-01-10T03:29:24.935634+00:00","","https://www.liputan6.com/"
"Mochamad Rizal Ahba Ohorella, Diterbitkan Desember, Nurrohman Sidiq, Tim Redaksi","roda, medan, struktur, suspensi, penggerak, pabrikan, rekomendasi, perkotaan, suv, hadapi, listrik, offroad, pembeda, diajak","id","Mobil listrik offroad mulai meramaikan pasar Indonesia, menawarkan penggerak AWD, bodi tangguh, dan fitur canggih untuk menghadapi berbagai medan.","2025-12-18T15:45:31+07:00","Liputan6.com, Jakarta - Mobil listrik di Indonesia kini tak lagi identik dengan penggunaan perkotaan semata.
Sejumlah pabrikan mulai menghadirkan model dengan karakter offroad yang menonjol.
Penggunaan sistem penggerak roda cerdas, suspensi khusus, serta struktur bodi kokoh menjadi pembeda utama mobil listrik offroad dibanding SUV listrik konvensional.
Berikut daftar mobil listrik berperforma offroad yang sudah diperkenalkan di Indonesia, dilansir dari berbagai sumber pada Kamis (18/12/2025).","Liputan6.com, Jakarta - Mobil listrik di Indonesia kini tak lagi identik dengan penggunaan perkotaan semata. Sejumlah pabrikan mulai menghadirkan model dengan karakter offroad yang menonjol. Penggunaan sistem penggerak roda cerdas, suspensi khusus, serta struktur bodi kokoh menjadi pembeda utama mobil listrik offroad dibanding SUV listrik konvensional.

Berikut daftar mobil listrik berperforma offroad yang sudah diperkenalkan di Indonesia, dilansir dari berbagai sumber pada Kamis (18/12/2025).","Rekomendasi Mobil yang Bisa Diajak Offroad di Indonesia, Siap Hadapi Medan Berat","https://cdn1-production-images-kly.akamaized.net/GHUZgbyNtkE2_GXAq2ljZktFTDw=/1200x675/smart/filters:quality(75):strip_icc():format(jpeg)/kly-media-production/medias/4988137/original/096462300_1730485755-IMG_4779.jpg","https://otosia.liputan6.com/otosia/read/6237697/rekomendasi-mobil-yang-bisa-diajak-offroad-di-indonesia-siap-hadapi-medan-berat","64","true","true","true","2026-01-10T03:29:25.026568+00:00","","https://www.liputan6.com/"
"Mochamad Rizal Ahba Ohorella, Diterbitkan Desember, Nurrohman Sidiq, Tim Redaksi","harganya, bebek, eksis, suzuki, 4, segini, tvs, terbarunya, tersendiri, skutik, popularitas, motor, terjangkauberikut, yamaha","id","Motor bebek masih eksis di Indonesia. Simak daftar harga motor bebek Honda, Yamaha, Suzuki, dan TVS yang masih dijual resmi.","2025-12-17T14:07:57+07:00","Liputan6.com, Jakarta - Motor bebek hingga kini masih memiliki tempat tersendiri di pasar otomotif nasional.
Meski popularitas skutik terus meningkat, motor bebek tetap diminati karena efisiensi bahan bakar, ketangguhan, serta kemudahan perawatan.
Pabrikan besar seperti Honda, Yamaha, Suzuki, dan TVS masih mempertahankan lini motor bebek mereka untuk memenuhi kebutuhan konsumen yang mengutamakan fungsi, keawetan, dan harga terjangkau.
Berikut ini daftar motor bebek yang masih eksis dan dijual resmi di Indonesia, lengkap dengan harga terbarunya, dirangkum dari berbagai sumber pada Rabu (16/12/2025).","Liputan6.com, Jakarta - Motor bebek hingga kini masih memiliki tempat tersendiri di pasar otomotif nasional. Meski popularitas skutik terus meningkat, motor bebek tetap diminati karena efisiensi bahan bakar, ketangguhan, serta kemudahan perawatan.

Pabrikan besar seperti Honda, Yamaha, Suzuki, dan TVS masih mempertahankan lini motor bebek mereka untuk memenuhi kebutuhan konsumen yang mengutamakan fungsi, keawetan, dan harga terjangkau.

Berikut ini daftar motor bebek yang masih eksis dan dijual resmi di Indonesia, lengkap dengan harga terbarunya, dirangkum dari berbagai sumber pada Rabu (16/12/2025).","4 Motor Bebek yang Masih Eksis Hingga saat Sekarang, Segini Harganya","https://cdn0-production-images-kly.akamaized.net/yjOydtB5jEaw7fkgqYEZvxQFiXo=/1200x675/smart/filters:quality(75):strip_icc():format(jpeg)/kly-media-production/medias/2747152/original/088219600_1552155797-AHM_Honda_Supra_X_125_FI._06_.jpg","https://otosia.liputan6.com/otosia/read/6238378/4-motor-bebek-yang-masih-eksis-hingga-saat-sekarang-segini-harganya","81","true","true","true","2026-01-10T03:29:25.191738+00:00","","https://www.liputan6.com/"
"Mochamad Rizal Ahba Ohorella, Diterbitkan Desember, Nurrohman Sidiq, Tim Redaksi","pilih, geely, terjangkaumasingmasing, jutaan, 1, duel, byd, rp200, atto, wuling, listrik, ex2, binguo, ev","id","Duel mobil listrik Rp200 jutaan menghadirkan Geely EX2, BYD Atto 1, dan Wuling Binguo EV dengan karakter berbeda.","2025-12-17T13:57:47+07:00","Liputan6.com, Jakarta - Duel mobil listrik Rp200 jutaan kini semakin menarik dengan kehadiran Geely EX2, BYD Atto 1, dan Wuling New Binguo EV.
Ketiga mobil listrik ini menyasar konsumen perkotaan yang menginginkan kendaraan ramah lingkungan dengan harga relatif terjangkau.
Masing-masing model hadir dengan pendekatan berbeda, mulai dari desain bodi, performa, hingga daya jelajah baterai.
Perbedaan ini membuat calon pembeli perlu mempertimbangkan kebutuhan utama sebelum menentukan pilihan.
Berikut perbandingan lengkap Geely EX2, BYD Atto 1, dan Wuling New Binguo EV dari sisi fitur, dimensi, spesifikasi, dilansir Liputan6 dari berbagai sumber Rabu (17/12/2025).","Liputan6.com, Jakarta - Duel mobil listrik Rp200 jutaan kini semakin menarik dengan kehadiran Geely EX2, BYD Atto 1, dan Wuling New Binguo EV. Ketiga mobil listrik ini menyasar konsumen perkotaan yang menginginkan kendaraan ramah lingkungan dengan harga relatif terjangkau.

Masing-masing model hadir dengan pendekatan berbeda, mulai dari desain bodi, performa, hingga daya jelajah baterai. Perbedaan ini membuat calon pembeli perlu mempertimbangkan kebutuhan utama sebelum menentukan pilihan.

Berikut perbandingan lengkap Geely EX2, BYD Atto 1, dan Wuling New Binguo EV dari sisi fitur, dimensi, spesifikasi, dilansir Liputan6 dari berbagai sumber Rabu (17/12/2025).","Duel Mobil Listrik Rp200 Jutaan: Pilih Geely EX2, BYD Atto 1, atau Wuling Binguo EV?","https://cdn0-production-images-kly.akamaized.net/k2er9v7QdAPLTsv2yUXFn4sIOTw=/1200x675/smart/filters:quality(75):strip_icc():format(jpeg)/kly-media-production/medias/5447268/original/057418900_1765952568-per.jpg","https://otosia.liputan6.com/otosia/read/6238413/duel-mobil-listrik-rp200-jutaan-pilih-geely-ex2-byd-atto-1-atau-wuling-binguo-ev","91","true","true","true","2026-01-10T03:29:28.113483+00:00","","https://www.liputan6.com/"
"Mochamad Rizal Ahba Ohorella, Diterbitkan Desember, Nurrohman Sidiq, Tim Redaksi","2025, dinilai, diprediksi, insentif, triliun, seiring, rp, hybrid, intip, ertiga, innova, 2026, listrik, kendaraan","id","Insentif PPnBM mobil hybrid berakhir 2025. Cek harga terbaru Ertiga Hybrid, XL7 Hybrid, Yaris Cross, hingga Innova Zenix.","2025-12-17T11:48:07+07:00","Liputan6.com, Jakarta - Pemerintah memastikan tidak akan melanjutkan insentif kendaraan listrik dan hybrid pada 2026.
Anggaran yang sebelumnya dialokasikan untuk insentif tersebut akan dialihkan untuk mendukung proyek mobil nasional, seiring industri kendaraan listrik yang dinilai sudah berkembang pesat di Indonesia.
Menteri Koordinator Bidang Perekonomian Airlangga Hartarto menyebut pemerintah telah menggelontorkan sekitar Rp 7 triliun untuk mendorong pasar kendaraan listrik.
Karena insentif PPnBM mobil hybrid hanya berlaku hingga Desember 2025, harga sejumlah model hybrid berpotensi naik mulai 2026.
Berikut beberapa daftar harga mobil hybrid yang saat ini masih menikmati insentif per 1 Desember 2025, dirangkum dari berbagai sumber pada Selasa (16/12/2025).","Liputan6.com, Jakarta - Pemerintah memastikan tidak akan melanjutkan insentif kendaraan listrik dan hybrid pada 2026. Anggaran yang sebelumnya dialokasikan untuk insentif tersebut akan dialihkan untuk mendukung proyek mobil nasional, seiring industri kendaraan listrik yang dinilai sudah berkembang pesat di Indonesia.

Menteri Koordinator Bidang Perekonomian Airlangga Hartarto menyebut pemerintah telah menggelontorkan sekitar Rp 7 triliun untuk mendorong pasar kendaraan listrik. Dengan hadirnya pabrik dan peralihan impor dari CBU ke CKD, biaya produksi dinilai semakin efisien sehingga insentif tidak lagi dibutuhkan.

Karena insentif PPnBM mobil hybrid hanya berlaku hingga Desember 2025, harga sejumlah model hybrid berpotensi naik mulai 2026. Berikut beberapa daftar harga mobil hybrid yang saat ini masih menikmati insentif per 1 Desember 2025, dirangkum dari berbagai sumber pada Selasa (16/12/2025).","Tahun 2026 Diprediksi Naik, Intip Harga Mobil Hybrid dari Ertiga hingga Innova per Desember Ini","https://cdn0-production-images-kly.akamaized.net/9USd_q5GbXZQbvEwdqTBVigL1Vw=/0x0:2560x1440/1200x675/filters:quality(75):strip_icc():format(jpeg):watermark(kly-media-production/assets/images/watermarks/liputan6/watermark-color-landscape-new.png,1100,20,0)/kly-media-production/medias/5354850/original/016154600_1758266431-20250919_115505.jpg","https://otosia.liputan6.com/otosia/read/6237393/tahun-2026-diprediksi-naik-intip-harga-mobil-hybrid-dari-ertiga-hingga-innova-per-desember-ini","120","true","true","true","2026-01-10T03:29:26.904877+00:00","","https://www.liputan6.com/"
"Mochamad Rizal Ahba Ohorella, Diterbitkan Desember, Nurrohman Sidiq, Tim Redaksi","reborn, turbo, mitsubishi, zenix, destinator, toyota, hybrid, perbandingan, innova, fitur, tangguh","id","Adu kuat Innova Reborn Diesel, Innova Zenix Hybrid, dan Mitsubishi Destinator dari sisi karakter, fitur, dan harga.","2025-12-17T11:46:53+07:00","Liputan6.com, Jakarta - Segmen MPV dan SUV keluarga menengah di Indonesia semakin kompetitif dengan hadirnya berbagai pilihan yang menawarkan karakter berbeda.
Toyota Innova Reborn tetap bertahan sebagai opsi tangguh bermesin diesel, sementara Innova Zenix Hybrid hadir membawa teknologi elektrifikasi.
Di sisi lain, Mitsubishi Destinator menawarkan pendekatan berbeda lewat mesin bensin turbo dan fitur keselamatan modern.
Ketiganya menyasar konsumen keluarga, namun dengan filosofi desain dan pengalaman berkendara yang tidak sama.
Berikut perbandingan Innova Reborn, Innova Zenix Hybrid, dan Mitsubishi Destinator berdasarkan fitur, dimensi, spesifikasi, serta harga, dilansir dari berbagai sumber pada Rabu (17/12/2025).","Liputan6.com, Jakarta - Segmen MPV dan SUV keluarga menengah di Indonesia semakin kompetitif dengan hadirnya berbagai pilihan yang menawarkan karakter berbeda. Toyota Innova Reborn tetap bertahan sebagai opsi tangguh bermesin diesel, sementara Innova Zenix Hybrid hadir membawa teknologi elektrifikasi.

Di sisi lain, Mitsubishi Destinator menawarkan pendekatan berbeda lewat mesin bensin turbo dan fitur keselamatan modern. Ketiganya menyasar konsumen keluarga, namun dengan filosofi desain dan pengalaman berkendara yang tidak sama.

Berikut perbandingan Innova Reborn, Innova Zenix Hybrid, dan Mitsubishi Destinator berdasarkan fitur, dimensi, spesifikasi, serta harga, dilansir dari berbagai sumber pada Rabu (17/12/2025).","Perbandingan Innova Reborn, Innova Zenix Hybrid dan Mitsubishi Destinator, Mana Paling Menarik?","https://cdn0-production-images-kly.akamaized.net/WjAP_h1o4snMVWMG4qi1kn1EfaI=/1200x675/smart/filters:quality(75):strip_icc():format(jpeg)/kly-media-production/medias/5445355/original/022631600_1765852330-VS1.jpg","https://otosia.liputan6.com/otosia/read/6238188/perbandingan-innova-reborn-innova-zenix-hybrid-dan-mitsubishi-destinator-mana-paling-menarik","92","true","true","true","2026-01-10T03:29:27.945694+00:00","","https://www.liputan6.com/"
"Mochamad Rizal Ahba Ohorella, Diterbitkan Desember, Tim Redaksi","nmax, rasional, rileks, suzuki, yamaha, spesifikasi, burgman, premium, 125ex, skutik, sepαskutik, alternatif, pcx, street","id","Suzuki Burgman Street 125EX menawarkan mesin irit SEP-α, fitur praktis, dan kenyamanan premium di kelas skutik 125 cc.","2025-12-17T11:43:05+07:00","Liputan6.com, Jakarta - Suzuki Burgman Street 125EX resmi hadir sebagai skutik premium yang menitikberatkan kenyamanan, efisiensi, dan desain elegan.
Model ini menjadi motor Suzuki pertama yang mengadopsi teknologi mesin Suzuki Eco Performance Alpha (SEP-α).
Skutik ini dirancang untuk kebutuhan mobilitas perkotaan dengan posisi duduk rileks, dek kaki luas, serta ruang penyimpanan besar.
Karakter berkendara dibuat halus dan mudah dikendalikan di lalu lintas padat.
Dengan fitur modern, konsumsi bahan bakar efisien, serta harga kompetitif, Burgman Street 125EX diposisikan sebagai alternatif rasional selain Yamaha NMAX dan Honda PCX.","Liputan6.com, Jakarta - Suzuki Burgman Street 125EX resmi hadir sebagai skutik premium yang menitikberatkan kenyamanan, efisiensi, dan desain elegan. Model ini menjadi motor Suzuki pertama yang mengadopsi teknologi mesin Suzuki Eco Performance Alpha (SEP-α).

Skutik ini dirancang untuk kebutuhan mobilitas perkotaan dengan posisi duduk rileks, dek kaki luas, serta ruang penyimpanan besar. Karakter berkendara dibuat halus dan mudah dikendalikan di lalu lintas padat.

Dengan fitur modern, konsumsi bahan bakar efisien, serta harga kompetitif, Burgman Street 125EX diposisikan sebagai alternatif rasional selain Yamaha NMAX dan Honda PCX.","Harga dan Spesifikasi Suzuki Burgman Street 125EX Indonesia, Alternatif NMAX dan PCX?","https://cdn1-production-images-kly.akamaized.net/hfCTLjENptDRFUCFSeDk5ZZFPg4=/1200x675/smart/filters:quality(75):strip_icc():format(jpeg)/kly-media-production/medias/5446774/original/007367800_1765941361-Burg.jpg","https://otosia.liputan6.com/otosia/read/6238205/harga-dan-spesifikasi-suzuki-burgman-street-125ex-indonesia-alternatif-nmax-dan-pcx","86","true","true","true","2026-01-10T03:29:28.142405+00:00","","https://www.liputan6.com/"
"Mochamad Rizal Ahba Ohorella, Diterbitkan Desember, Nurrohman Sidiq, Tim Redaksi","pilih, geely, pro, dimensi, 1, byd, banget, premium, mepet, atto, listrik, ex2, fitur","id","Adu spesifikasi Geely EX2 Pro vs BYD Atto 1 Premium dengan harga yang hampir sama, mana paling pas untuk kebutuhanmu?","2025-12-16T14:19:42+07:00","Liputan6.com, Jakarta - Pasar mobil listrik entry-level semakin ramai dengan kehadiran Geely EX2 Pro dan BYD Atto 1 Premium.
Keduanya menawarkan harga yang sangat berdekatan, membuat calon konsumen perlu mempertimbangkan dengan matang sebelum memilih.
Meski sama-sama berada di segmen mobil listrik kompak, karakter keduanya cukup berbeda.
Geely EX2 Pro menonjolkan performa dan dimensi lebih besar, sementara BYD Atto 1 Premium mengedepankan fitur kenyamanan dan keselamatan.
Berikut perbandingan Geely EX2 Pro dan BYD Atto 1 Premium berdasarkan spesifikasi, dimensi, serta fitur yang ditawarkan, dirangkum pada Selasa (16/12/2025).","Liputan6.com, Jakarta - Pasar mobil listrik entry-level semakin ramai dengan kehadiran Geely EX2 Pro dan BYD Atto 1 Premium. Keduanya menawarkan harga yang sangat berdekatan, membuat calon konsumen perlu mempertimbangkan dengan matang sebelum memilih.

Meski sama-sama berada di segmen mobil listrik kompak, karakter keduanya cukup berbeda. Geely EX2 Pro menonjolkan performa dan dimensi lebih besar, sementara BYD Atto 1 Premium mengedepankan fitur kenyamanan dan keselamatan.

Berikut perbandingan Geely EX2 Pro dan BYD Atto 1 Premium berdasarkan spesifikasi, dimensi, serta fitur yang ditawarkan, dirangkum pada Selasa (16/12/2025).","Harga Mepet Banget, Pilih Geely EX2 Pro atau BYD Atto 1 Premium","https://cdn1-production-images-kly.akamaized.net/qo4kMd11jejdjJXmOb6fcUvnN9M=/1200x675/smart/filters:quality(75):strip_icc():format(jpeg)/kly-media-production/medias/5444691/original/062364600_1765786463-gell.jpg","https://otosia.liputan6.com/otosia/read/6236682/harga-mepet-banget-pilih-geely-ex2-pro-atau-byd-atto-1-premium","86","true","true","true","2026-01-10T03:29:28.216348+00:00","","https://www.liputan6.com/"
"Mochamad Rizal Ahba Ohorella, Diterbitkan Desember, Nurrohman Sidiq, Tim Redaksi","diesel, reborn, g, versus, varian, mumpuni, zenix, mesin, toyota, hybrid, vs, innova","id","Banding Toyota Innova Reborn Diesel dengan Innova Zenix G Hybrid dari tenaga mesin, dimensi, hingga keunggulan tiap varian.","2025-12-16T14:15:58+07:00","Liputan6.com, Jakarta - Memilih antara Toyota Innova Reborn Diesel dengan Innova Zenix G Hybrid jadi pertimbangan penting bagi konsumen yang ingin kenyamanan sekaligus performa optimal di 2025–2026.
Keduanya hadir dengan karakter mesin berbeda diesel klasik versus teknologi hybrid terbaru yang memengaruhi pengalaman berkendara dan efisiensi bahan bakar.
Innova Reborn Diesel dikenal dengan torsi besar pada putaran rendah, cocok untuk beban berat atau rute panjang dengan banyak tanjakan.
Sementara itu, Innova Zenix G Hybrid menawarkan tenaga gabungan mesin bensin plus motor listrik yang lebih responsif dan efisien, terutama saat konsumsi bahan bakar.
Berikut perbandingan kedua varian dengan detail spesifikasi masing-masing model, dilansir dari berbagai sumber pada Selasa (16/12/2025)","Liputan6.com, Jakarta - Memilih antara Toyota Innova Reborn Diesel dengan Innova Zenix G Hybrid jadi pertimbangan penting bagi konsumen yang ingin kenyamanan sekaligus performa optimal di 2025–2026. Keduanya hadir dengan karakter mesin berbeda diesel klasik versus teknologi hybrid terbaru yang memengaruhi pengalaman berkendara dan efisiensi bahan bakar.

Innova Reborn Diesel dikenal dengan torsi besar pada putaran rendah, cocok untuk beban berat atau rute panjang dengan banyak tanjakan. Sementara itu, Innova Zenix G Hybrid menawarkan tenaga gabungan mesin bensin plus motor listrik yang lebih responsif dan efisien, terutama saat konsumsi bahan bakar.

Pilihan terbaik tergantung kebutuhan anda. Berikut perbandingan kedua varian dengan detail spesifikasi masing-masing model, dilansir dari berbagai sumber pada Selasa (16/12/2025)","Toyota Innova Reborn Diesel vs Innova Zenix G Hybrid, Mana Paling Mumpuni?","https://cdn0-production-images-kly.akamaized.net/WjAP_h1o4snMVWMG4qi1kn1EfaI=/1200x675/smart/filters:quality(75):strip_icc():format(jpeg)/kly-media-production/medias/5445355/original/022631600_1765852330-VS1.jpg","https://otosia.liputan6.com/otosia/read/6237209/toyota-innova-reborn-diesel-vs-innova-zenix-g-hybrid-mana-paling-mumpuni","112","true","true","true","2026-01-10T03:29:30.095535+00:00","","https://www.liputan6.com/"
"Mochamad Rizal Ahba Ohorella, Diterbitkan Desember, Nurrohman Sidiq, Tim Redaksi","xpander, 4, suzuki, segmen, efisiensi, mpv, veloz, perbandingan, stargazer, hybrid, toyota, tersendiri, primadona, ertiga","id","Empat MPV populer Indonesia dibandingkan dari karakter mesin, dimensi, dan nilai harga untuk kebutuhan keluarga.","2025-12-16T14:10:07+07:00","Liputan6.com, Jakarta - Segmen MPV di Indonesia terus menjadi primadona karena menawarkan keseimbangan antara kenyamanan, efisiensi, dan daya angkut keluarga.
Toyota Veloz, Suzuki Ertiga Hybrid, Hyundai Stargazer, dan Mitsubishi Xpander hadir dengan karakter berbeda yang menyasar kebutuhan konsumen modern.
Masing-masing model mengusung pendekatan tersendiri, mulai dari fitur keselamatan, efisiensi bahan bakar, hingga desain eksterior dan interior yang disesuaikan dengan pasar Indonesia.
Perbedaan harga dan performa membuat pemilihan MPV kini semakin menarik untuk dipertimbangkan.
Berikut perbandingan empat MPV terbaik yang saat ini menjadi pilihan utama masyarakat Indonesia, dirangkum Selasa (16/12/2025).","Liputan6.com, Jakarta - Segmen MPV di Indonesia terus menjadi primadona karena menawarkan keseimbangan antara kenyamanan, efisiensi, dan daya angkut keluarga. Toyota Veloz, Suzuki Ertiga Hybrid, Hyundai Stargazer, dan Mitsubishi Xpander hadir dengan karakter berbeda yang menyasar kebutuhan konsumen modern.

Masing-masing model mengusung pendekatan tersendiri, mulai dari fitur keselamatan, efisiensi bahan bakar, hingga desain eksterior dan interior yang disesuaikan dengan pasar Indonesia. Perbedaan harga dan performa membuat pemilihan MPV kini semakin menarik untuk dipertimbangkan.

Berikut perbandingan empat MPV terbaik yang saat ini menjadi pilihan utama masyarakat Indonesia, dirangkum Selasa (16/12/2025).","Perbandingan 4 MPV Terbaik Indonesia: Veloz, Ertiga Hybrid, Stargazer, atau Xpander?","https://cdn0-production-images-kly.akamaized.net/1hz2NOjBR57ivZTmNA21LBwtwdY=/1200x675/smart/filters:quality(75):strip_icc():format(jpeg)/kly-media-production/medias/4107296/original/002751300_1659328365-WhatsApp_Image_2022-06-10_at_11.16.04_AM.jpeg","https://otosia.liputan6.com/otosia/read/6237253/perbandingan-4-mpv-terbaik-indonesia-veloz-ertiga-hybrid-stargazer-atau-xpander","89","true","true","true","2026-01-10T03:29:30.132068+00:00","","https://www.liputan6.com/"
"Bayu Kurniawan Santoso","puji, persita, energi, skor, cetak, fc, carlos, borneo, babak, kalahkan, kemenangan, klub, pena, 20","id","Pelatih Persita Tangerang, Carlos Pena memuji performa dominan timnya usai mengalahkan Borneo FC 2-0 di Stadion Indomilk Arena, Tangerang, Jumat (9/1/2026). Kemenangan bersejarah yang juga memastikan raihan poin terbaik Persita di putaran pertama.","2025-09-27T09:45:04+07:00","Carlos Pena Puji Persita Usai Cetak Sejarah Kalahkan Borneo FCBola 10 jam yang laluPelatih Persita Tangerang, Carlos Pena, menyampaikan apresiasi tinggi kepada seluruh elemen klub setelah timnya meraih kemenangan bersejarah atas Borneo FC 2-0 di Stadion Indomilk Arena, Tangerang, Jumat (9/1/2026), dalam lanjutan BRI Super League musim ini.
Persita sukses mengalahkan Borneo FC dengan skor 2-0, hasil yang menjadi kemenangan pertama sepanjang sejarah klub atas Pesut Etam.
Juga, menurut saya, ini adalah jumlah poin terbaik dalam putaran pertama dalam sejarah,"" ujar Carlos Pena dalam konferensi pers usai pertandingan.
Menilai jalannya pertandingan, Carlos Pena menyebut Persita tampil dominan sejak awal laga.
Menurut Carlos Pena, Persita tidak memilih bertahani bertahan setelah unggul.","Carlos Pena Puji Persita Usai Cetak Sejarah Kalahkan Borneo FC

Bola 10 jam yang lalu

Pelatih Persita Tangerang, Carlos Pena, menyampaikan apresiasi tinggi kepada seluruh elemen klub setelah timnya meraih kemenangan bersejarah atas Borneo FC 2-0 di Stadion Indomilk Arena, Tangerang, Jumat (9/1/2026), dalam lanjutan BRI Super League musim ini. Persita sukses mengalahkan Borneo FC dengan skor 2-0, hasil yang menjadi kemenangan pertama sepanjang sejarah klub atas Pesut Etam. Selain itu, tiga poin tersebut juga memastikan Persita mencatatkan raihan poin terbaik mereka di putaran pertama kompetisi. ""Hari ini adalah kemenangan pertama melawan Borneo FC dalam sejarah Persita. Juga, menurut saya, ini adalah jumlah poin terbaik dalam putaran pertama dalam sejarah,"" ujar Carlos Pena dalam konferensi pers usai pertandingan. Pelatih asal Spanyol tersebut menegaskan kemenangan ini bukan hanya milik para pemain di lapangan, tetapi juga buah kerja keras banyak pihak yang selama ini bekerja di balik layar klub. ""Ini tentang orang-orang yang bekerja sangat keras di belakang layar. Banyak orang yang bekerja untuk klub ini. Saya sangat senang terutama untuk mereka,"" katanya. Menilai jalannya pertandingan, Carlos Pena menyebut Persita tampil dominan sejak awal laga. Energi tinggi yang ditunjukkan pemain dinilainya menjadi kunci untuk mengendalikan permainan. ""Saya pikir ini adalah penampilan yang sangat baik dan dominan dari tim saya. Kami memulai pertandingan dengan energi yang sangat besar dan mencetak gol. Ketika mencetak gol, segalanya menjadi lebih mudah,"" jelasnya. Menurut Carlos Pena, Persita tidak memilih bertahani bertahan setelah unggul. Tim tetap bermain agresif dan menciptakan banyak peluang, khususnya di babak pertama. ""Kami tidak bertahan. Tim terus menyerang dan memiliki banyak peluang di babak pertama. Saya pikir skor di babak pertama masih kurang,"" ujarnya. Pada babak kedua, masuknya pemain cadangan dengan energi baru turut membantu Persita menjaga intensitas permainan hingga memastikan kemenangan 2-0. ""Dengan energi dari pemain pengganti dan komitmen semua orang, kami berhasil menutup pertandingan dengan skor 2-0, hasil yang sangat pantas kami dapatkan,"" pungkas Carlos Pena. Kemenangan ini semakin mempertegas progres Persita di bawah arahan Carlos Pena, sekaligus menjadi modal penting untuk menghadapi paruh kedua kompetisi dengan kepercayaan diri tinggi.","Carlos Pena Puji Persita Usai Cetak Sejarah Kalahkan Borneo FC","https://cdn0-production-images-kly.akamaized.net/UIX4HFdIqaxxTG9NUlRqn8wV8e0=/1280x720/smart/filters:quality(75):strip_icc()/kly-media-production/thumbnails/5468720/original/050769300_1767981322-carlos-pena-menang-0a1a5f.jpg","https://enamplus.liputan6.com/bola/read/6254427/carlos-pena-puji-persita-usai-cetak-sejarah-kalahkan-borneo-fc?medium=Streamline&campaign=VideoGallery","338","true","true","true","2026-01-10T03:29:29.222194+00:00","","https://www.liputan6.com/"
"Bayu Kurniawan Santoso","united, realistis, bicara, klasemen, terpeleset, fc, laga, borneo, fabio, lefundes, mencetak, malik, kompetisi, menutup","id","Pelatih Borneo FC, Fabio Lefundes mengakui timnya tampil jauh dari harapan dan tidak layak meraih hasil positif, meski masih optimistis bersaing di papan atas klasemen BRI Super League musim ini.","2025-09-27T09:45:04+07:00","Borneo FC Terpeleset, Fabio Lefundes Bicara Realistis soal KlasemenBola 11 jam yang laluPelatih Borneo FC, Fabio Lefundes, melontarkan evaluasi jujur terhadap performa timnya usai kalah dari Persita Tangerang 2-0 dalam lanjutan laga BRI Super League 2025/2026.
""Jujur saja, hari ini kami sama sekali tidak layak dengan pertandingan ini,"" ujar Fabio Lefundes dalam sesi konferensi pers setelah laga.
Fabio mengakui target pribadinya adalah membawa Borneo FC menutup putaran pertama kompetisi di papan atas klasemen.
Dalam kesempatan tersebut, Fabio juga menyinggung beberapa mantan anak asuhnya yang kini mencetak gol ke gawang Borneo FC.
Menatap sisa musim, Fabio menegaskan Borneo FC masih memiliki 16 pertandingan tersisa untuk memperbaiki posisi.","Borneo FC Terpeleset, Fabio Lefundes Bicara Realistis soal Klasemen

Bola 11 jam yang lalu

Pelatih Borneo FC, Fabio Lefundes, melontarkan evaluasi jujur terhadap performa timnya usai kalah dari Persita Tangerang 2-0 dalam lanjutan laga BRI Super League 2025/2026. Pelatih asal Brasil tersebut menilai anak asuhnya sama sekali tidak pantas mendapatkan hasil positif di laga yang dimainkan di Stadion Indomilk Arena, Tangerang, Jumat (9/1/2026) sore WIB. ""Jujur saja, hari ini kami sama sekali tidak layak dengan pertandingan ini,"" ujar Fabio Lefundes dalam sesi konferensi pers setelah laga. Meski begitu, Fabio menegaskan persaingan di papan klasemen masih terbuka. Ia menyebut sejumlah tim pesaing seperti Persib Bandung, Persija Jakarta, hingga Malut United masih berada dalam jarak poin yang memungkinkan perubahan posisi. ""Kalau bicara klasemen, semuanya masih terbuka. Persib, Persija, dan Malut United juga ada di bawah kami. Banyak hal masih bisa terjadi,"" jelasnya. Fabio mengakui target pribadinya adalah membawa Borneo FC menutup putaran pertama kompetisi di papan atas klasemen. Namun, ia menekankan target tersebut harus dibuktikan lewat performa di lapangan. ""Kalau saya harus memilih, saya ingin menutup putaran pertama di papan atas. Tapi itu harus dibuktikan di pertandingan-pertandingan ke depan,"" tegasnya. Dalam kesempatan tersebut, Fabio juga menyinggung beberapa mantan anak asuhnya yang kini mencetak gol ke gawang Borneo FC. Salah satunya adalah Javlon, yang menurut Fabio pernah ia beri kepercayaan bermain di posisi berbeda. ""Soal Javlon, dari satu sisi saya sedih karena dia mencetak gol ke gawang Borneo. Tapi di sisi lain saya juga senang. Artinya, kesempatan yang pernah saya berikan sekarang terlihat hasilnya,"" ujarnya. Fabio turut mengaitkan situasi tersebut dengan pengalaman serupa ketika Malik Risaldi mencetak gol di menit akhir saat menghadapi Persebaya. Ia menyebut telah mengikuti perjalanan karier Malik sejak terdegradasi bersama Persela Lamongan hingga berkembang di Madura United. ""Itulah sepak bola. Saya pertama kali melihat Malik saat dia degradasi bersama Persela, lalu saya bawa ke Madura United,"" kata Fabio. Menatap sisa musim, Fabio menegaskan Borneo FC masih memiliki 16 pertandingan tersisa untuk memperbaiki posisi. Ia mengingatkan pentingnya menjaga konsistensi dan mental juara jika ingin bersaing hingga akhir kompetisi. ""Seperti yang dikatakan Muhammad Sihran, kita harus tegakkan kepala. Masih ada 16 pertandingan lagi,"" ucapnya. Fabio menutup dengan pesan tegas soal ambisi juara. Menurutnya, keberuntungan tidak bisa dijadikan sandaran utama dalam perjalanan panjang sebuah kompetisi. ""Kalau kita ingin juara, jangan kasih kendor. Kita mungkin bisa beruntung satu atau dua kali, tapi tidak mungkin beruntung 16 kali,"" pungkasnya.","Borneo FC Terpeleset, Fabio Lefundes Bicara Realistis soal Klasemen","https://cdn0-production-images-kly.akamaized.net/zWdKtDC8OPUqT83LuC3MabmKz28=/1280x720/smart/filters:quality(75):strip_icc()/kly-media-production/thumbnails/5468719/original/078539900_1767979388-soal-persaingan-papan-atas-fed1e8.jpg","https://enamplus.liputan6.com/bola/read/6254424/borneo-fc-terpeleset-fabio-lefundes-bicara-realistis-soal-klasemen?medium=Streamline&campaign=VideoGallery","395","true","true","true","2026-01-10T03:29:29.692177+00:00","","https://www.liputan6.com/"
"Bayu Kurniawan Santoso","menit, persita, fc, situasi, kebobolan, pergantian, sulit, borneo, fabio, lefundes, menurutnya, bangkit","id","Pelatih Borneo FC, Fabio Lefundes mengakui Persita Tangerang layak menang setelah timnya kebobolan cepat dan gagal memaksimalkan peluang pada laga lanjutan BRI Super League 2025/2026, Jumat (9/1/2026) sore WIB di Stadion Indomilk Arena, Tangerang.","2025-09-27T09:45:04+07:00","Kebobolan Menit Awal, Fabio Lefundes Nilai Borneo FC Sulit BangkitBola 11 jam yang laluPelatih Borneo FC, Fabio Lefundes, mengakui Persita Tangerang tampil lebih efektif dan layak meraih kemenangan pada laga lanjutan BRI Super League 2025/2026 yang dimainkan di Stadion Indomilk Arena, Tangerang, Jumat (9/1/2026) sore WIB.
Kami kebobolan di menit ketiga dan itu membuat kami sulit untuk bangkit,"" ujar Fabio Lefundes dalam sesi konferensi pers usai pertandingan.
Setelah tertinggal 0-1, Borneo FC sebenarnya sempat mendapatkan peluang emas untuk menyamakan kedudukan.
Pada babak kedua, Borneo FC mencoba melakukan perubahan dengan memasukkan pemain pengganti.
Terkait kepemimpinan wasit, Fabio Lefundes memilih untuk tidak memperpanjang pembahasan.","Kebobolan Menit Awal, Fabio Lefundes Nilai Borneo FC Sulit Bangkit

Bola 11 jam yang lalu

Pelatih Borneo FC, Fabio Lefundes, mengakui Persita Tangerang tampil lebih efektif dan layak meraih kemenangan pada laga lanjutan BRI Super League 2025/2026 yang dimainkan di Stadion Indomilk Arena, Tangerang, Jumat (9/1/2026) sore WIB. Menurutnya, gol cepat yang tercipta di awal pertandingan membuat timnya berada dalam situasi sulit. ""Kami datang ke sini untuk mencari tiga poin. Tapi secara jujur, hasil ini sangat layak untuk mereka. Kami kebobolan di menit ketiga dan itu membuat kami sulit untuk bangkit,"" ujar Fabio Lefundes dalam sesi konferensi pers usai pertandingan. Setelah tertinggal 0-1, Borneo FC sebenarnya sempat mendapatkan peluang emas untuk menyamakan kedudukan. Namun, kesempatan tersebut gagal dimaksimalkan oleh para pemain Pesut Etam. ""Ketika Persita unggul 1-0, kami punya satu peluang yang sangat bagus, tetapi gagal dimanfaatkan. Setelah itu pertandingan berjalan dengan banyak transisi,"" jelas pelatih asal Brasil tersebut. Fabio juga menyoroti ancaman Persita dari situasi bola mati. Menurutnya, kekuatan set piece lawan menjadi salah satu faktor utama yang menyulitkan timnya sepanjang laga. ""Banyak bola mati dan set piece mereka sangat berbahaya. Mereka sangat bagus dalam situasi itu,"" kata Fabio. Pada babak kedua, Borneo FC mencoba melakukan perubahan dengan memasukkan pemain pengganti. Namun, rencana tersebut tidak berjalan sesuai harapan, terlebih setelah adanya pemain yang mengalami cedera. ""Kami melakukan satu pergantian di awal babak kedua untuk mencoba sesuatu yang berbeda. Tapi setelah beberapa menit, kondisi tim turun lagi. Lalu di pertengahan babak kedua kami melakukan dua pergantian, namun tiba-tiba ada pemain cedera sehingga harus melakukan tiga pergantian. Efeknya justru negatif,"" ujarnya. Fabio menambahkan, dalam 15 menit terakhir, anak asuhnya telah berupaya maksimal untuk mengejar ketertinggalan. Namun, waktu yang tersisa tidak cukup untuk mengubah hasil pertandingan. ""Ada sisa waktu sekitar 15 menit dan kami sudah melakukan yang terbaik. Tapi tidak ada hasil, meski ada tambahan waktu,"" tutur Fabio. Terkait kepemimpinan wasit, Fabio Lefundes memilih untuk tidak memperpanjang pembahasan. Meski demikian, ia sempat menyinggung penugasan perangkat pertandingan yang menurutnya terbilang jarang terjadi. ""Saya tidak mau membicarakan wasit. Saya sudah tahu bagaimana dia memimpin pertandingan saat saya berada di Korea. Tapi yang aneh, dia memimpin pertandingan kami di sini dan juga akan memimpin laga Persib melawan Persija hari Minggu. Hal seperti ini jarang saya lihat,"" ucapnya. Kekalahan ini menjadi bahan evaluasi penting bagi Borneo FC dalam upaya mereka bersaing di papan atas BRI Super League 2025/2026, sementara Persita terus menunjukkan konsistensi berkat efektivitas permainan dan keunggulan dalam situasi bola mati.","Kebobolan Menit Awal, Fabio Lefundes Nilai Borneo FC Sulit Bangkit","https://cdn1-production-images-kly.akamaized.net/R7xgMW6iN2cep61A_NOWG89K1gE=/1280x720/smart/filters:quality(75):strip_icc()/kly-media-production/thumbnails/5468709/original/090910600_1767974458-fabio-lefundes-soal-match-f7496d.jpg","https://enamplus.liputan6.com/bola/read/6254402/kebobolan-menit-awal-fabio-lefundes-nilai-borneo-fc-sulit-bangkit?medium=Streamline&campaign=VideoGallery","406","true","true","true","2026-01-10T03:29:29.913890+00:00","","https://www.liputan6.com/"
"Muhammad Daffa Satrio","persib, tegaskan, poin, maksimal, persija, bandung, mauricio, el, super, laga, latihan, raih, kontra, souza","id","Pelatih Persija Jakarta, Mauricio Souza, menegaskan timnya akan meraih tiga poin di laga El Clasico Indonesia melawan Persib Bandung, Minggu (11/1/2026) di GBLA, menegaskan tekad Macan Kemayoran untuk menang dalam duel sengit BRI Super League 2025/2026.","2025-09-27T09:45:04+07:00","El Clasico Indonesia, Mauricio Souza Tegaskan Persija Jakarta Raih 3 Poin di Laga Kontra Persib!
Bola 12 jam yang laluPelatih Persija Jakarta, Mauricio Souza, menegaskan tekad timnya untuk meraih kemenangan saat menghadapi Persib Bandung dalam laga pekan ke-17 BRI Super League 2025/2026.
Kami datang ke Bandung untuk menang dan meraih tiga poin,"" tegas Mauricio Souza di sela latihan Persija, Jumat (9/1/2026) di Depok.
Latihan Persija terlihat penuh energi, dengan skema taktik yang dirancang khusus untuk menghadapi Persib.
Dengan motivasi tinggi dan strategi matang, Mauricio Souza percaya Persija mampu meninggalkan Bandung dengan hasil maksimal, membuktikan ambisi tim untuk menang di laga adu gengsi lawan Maung Bandung.","El Clasico Indonesia, Mauricio Souza Tegaskan Persija Jakarta Raih 3 Poin di Laga Kontra Persib!

Bola 12 jam yang lalu

Pelatih Persija Jakarta, Mauricio Souza, menegaskan tekad timnya untuk meraih kemenangan saat menghadapi Persib Bandung dalam laga pekan ke-17 BRI Super League 2025/2026. Pertandingan ini digelar di Stadion Gelora Bandung Lautan Api (GBLA), Minggu (11/1/2026) sore WIB. ""Laga ini bukan sekadar pertandingan, tapi adu gengsi. Kami datang ke Bandung untuk menang dan meraih tiga poin,"" tegas Mauricio Souza di sela latihan Persija, Jumat (9/1/2026) di Depok. Mauricio menekankan bahwa seluruh pemain, mulai dari skuad muda hingga pemain asing, telah mempersiapkan diri secara maksimal. Fokus utama adalah disiplin, kerja sama tim, dan menjaga mental tetap kuat di lapangan. Latihan Persija terlihat penuh energi, dengan skema taktik yang dirancang khusus untuk menghadapi Persib. Mauricio terus memberi arahan agar tim mampu mengantisipasi kekuatan lawan sekaligus memaksimalkan peluang yang ada. Ratusan The Jakmania hadir di latihan untuk memberikan dukungan langsung kepada tim. Kehadiran suporter fanatik ini dianggap sebagai motivasi tambahan bagi para pemain untuk tampil maksimal di laga klasik ini. Mauricio Souza menekankan pentingnya memenangkan duel ini tidak hanya untuk tiga poin, tetapi juga untuk membangun kepercayaan diri tim dan memutus tren negatif Persija saat menghadapi Persib di musim-musim sebelumnya. Persija berharap kemenangan di laga El Clasico Indonesia ini bisa memperkuat posisi mereka di papan atas BRI Super League sekaligus memupuk semangat juara Macan Kemayoran. Dengan motivasi tinggi dan strategi matang, Mauricio Souza percaya Persija mampu meninggalkan Bandung dengan hasil maksimal, membuktikan ambisi tim untuk menang di laga adu gengsi lawan Maung Bandung.","El Clasico Indonesia, Mauricio Souza Tegaskan Persija Jakarta Raih 3 Poin di Laga Kontra Persib!","https://cdn1-production-images-kly.akamaized.net/ap29u_CpiARKM1akpoJI2-aemWc=/640x320/smart/filters:quality(75):strip_icc()/kly-media-production/medias/5468700/original/050834300_1767973305-jakmania_4.jpg","https://enamplus.liputan6.com/bola/read/6254396/el-clasico-indonesia-mauricio-souza-tegaskan-persija-jakarta-raih-3-poin-di-laga-kontra-persib?medium=Streamline&campaign=VideoGallery","259","true","true","true","2026-01-10T03:29:31.291290+00:00","","https://www.liputan6.com/"
"Muhammad Daffa Satrio","persib, sangar, ridho, sambutan, jakmania, berapiapi, persija, gengsi, bandung, rizky, suporter, vs, laga, latihan, jelang","id","Rizky Ridho menyambut ratusan The Jakmania dengan sambutan berapi-api saat latihan Persija Jakarta di Depok, Jumat (9/1/2026), memberi motivasi tambahan bagi tim sebelum menghadapi Persib Bandung di BRI Super League 2025/2026 dan menegaskan tekad Macan Kemayoran memutus rekor negatif lawan Maung Bandung.","2025-09-27T09:45:04+07:00","Rizky Ridho Berikan Sambutan Berapi-api di Depan The Jakmania Jelang Laga Gengsi Vs PersibBola 12 jam yang laluRibuan The Jakmania mendatangi Persija Training Ground, Depok, Jumat (9/1/2026), untuk memberikan dukungan penuh jelang laga sengit kontra Persib Bandung di BRI Super League 2025/2026.
Latihan Persija makin bersemangat saat Rizky Ridho, bek andalan tim, memberikan sambutan berapi-api di depan para suporter.
Media officer Persija, Kukuh Wahyudi, menilai sambutan Rizky Ridho sebagai tradisi positif sebelum lawan Persib.
Persija akan menghadapi Persib Bandung di Stadion Gelora Bandung Lautan Api (GBLA), Minggu (11/1/2026) sore WIB.
Sambutan berapi-api Rizky Ridho diharapkan memicu tim memutus rekor negatif melawan Maung Bandung.","Sangar! Rizky Ridho Berikan Sambutan Berapi-api di Depan The Jakmania Jelang Laga Gengsi Vs Persib

Bola 12 jam yang lalu

Ribuan The Jakmania mendatangi Persija Training Ground, Depok, Jumat (9/1/2026), untuk memberikan dukungan penuh jelang laga sengit kontra Persib Bandung di BRI Super League 2025/2026. Latihan Persija makin bersemangat saat Rizky Ridho, bek andalan tim, memberikan sambutan berapi-api di depan para suporter. Ia mengobarkan semangat rekan-rekannya dan menekankan pentingnya harga diri bagi tim dan pendukung. ""Teman-teman, ini bukan sekadar pertandingan! Kita harus tunjukkan kemampuan terbaik dan buat The Jakmania bangga!"" teriak Rizky Ridho, disambut sorak-sorai meriah dari para suporter. Sambutan Rizky disambut tepuk tangan dan chants dari The Jakmania, membuat atmosfer latihan penuh energi. Kehadirannya juga memotivasi pemain muda dan pemain asing di skuad Macan Kemayoran. Media officer Persija, Kukuh Wahyudi, menilai sambutan Rizky Ridho sebagai tradisi positif sebelum lawan Persib. ""Pidato Rizky memberikan suntikan semangat yang luar biasa bagi tim dan pelatih,"" ujarnya. Pelatih Mauricio Souza juga terlihat makin bersemangat setelah mendengar pidato motivasi Rizky. Ia bahkan sempat menanyakan ke manajemen kapan The Jakmania akan hadir di latihan. Persija akan menghadapi Persib Bandung di Stadion Gelora Bandung Lautan Api (GBLA), Minggu (11/1/2026) sore WIB. Sambutan berapi-api Rizky Ridho diharapkan memicu tim memutus rekor negatif melawan Maung Bandung.","Sangar! Rizky Ridho Berikan Sambutan Berapi-api di Depan The Jakmania Jelang Laga Gengsi Vs Persib","https://cdn1-production-images-kly.akamaized.net/Qun4fCtcz0ZGgwz5cSf3WrhEjhU=/640x320/smart/filters:quality(75):strip_icc()/kly-media-production/medias/5468697/original/031839300_1767972340-jakmania_3.jpg","https://enamplus.liputan6.com/bola/read/6254394/sangar-rizky-ridho-berikan-sambutan-berapi-api-di-depan-the-jakmania-jelang-laga-gengsi-vs-persib?medium=Streamline&campaign=VideoGallery","208","true","true","true","2026-01-10T03:29:31.391182+00:00","","https://www.liputan6.com/"
"Mochamad Rizal Ahba Ohorella, Diterbitkan Desember, Nurrohman Sidiq, Tim Redaksi","2025, biaya, lengkap, tol, update, jakartacikampek, tarif, vital, perjalanan, sheikh, golongan, penyesuaian, kendaraan, zayed","id","Cek tarif Tol Jakarta–Cikampek 2025 untuk semua golongan kendaraan lengkap dengan rincian per gerbang masuk.","2025-12-15T14:59:10+07:00","Liputan6.com, Jakarta - Tol Jakarta–Cikampek merupakan akses utama yang menghubungkan Jakarta dengan kawasan industri besar di timur Jawa Barat.
Ruas ini menjadi jalur vital bagi pengguna harian maupun kendaraan logistik yang melintas setiap hari.
Sejak adanya penyesuaian tarif pada Maret 2024, biaya perjalanan mengalami perubahan sebagai bagian dari integrasi antara Tol Jakarta–Cikampek dan Tol Layang MBZ Sheikh Mohamed bin Zayed.
Penyesuaian tersebut bertujuan menjaga kualitas infrastruktur dan meningkatkan kelancaran arus kendaraan.
Agar pengendara dapat mempersiapkan biaya perjalanan dengan tepat, berikut informasi lengkap tarif Tol Jakarta–Cikampek 2025 berdasarkan golongan kendaraan serta tarif per gerbang masuk, dilansir dari Badan Pengatur Jalan Tol pada Senin (15/12/2025).","Liputan6.com, Jakarta - Tol Jakarta–Cikampek merupakan akses utama yang menghubungkan Jakarta dengan kawasan industri besar di timur Jawa Barat. Ruas ini menjadi jalur vital bagi pengguna harian maupun kendaraan logistik yang melintas setiap hari.

Sejak adanya penyesuaian tarif pada Maret 2024, biaya perjalanan mengalami perubahan sebagai bagian dari integrasi antara Tol Jakarta–Cikampek dan Tol Layang MBZ Sheikh Mohamed bin Zayed. Penyesuaian tersebut bertujuan menjaga kualitas infrastruktur dan meningkatkan kelancaran arus kendaraan.

Agar pengendara dapat mempersiapkan biaya perjalanan dengan tepat, berikut informasi lengkap tarif Tol Jakarta–Cikampek 2025 berdasarkan golongan kendaraan serta tarif per gerbang masuk, dilansir dari Badan Pengatur Jalan Tol pada Senin (15/12/2025).","Tarif Tol Jakarta–Cikampek 2025, Update Lengkap Semua Golongan","https://cdn0-production-images-kly.akamaized.net/10HgaSVfDmHclj3nbv90qDyfUvM=/1200x675/smart/filters:quality(75):strip_icc():format(jpeg)/kly-media-production/medias/4384996/original/071120700_1680741641-IMG-20230405-WA0031.jpg","https://otosia.liputan6.com/otosia/read/6235020/tarif-tol-jakartacikampek-2025-update-lengkap-semua-golongan","103","true","true","true","2026-01-10T03:29:32.101470+00:00","","https://www.liputan6.com/"
"Mochamad Rizal Ahba Ohorella, Diterbitkan Desember, Nurrohman Sidiq, Tim Redaksi","20252026, touring, menyambut, 7, tepatbaik, tujuh, rute, perjalanan, tersendiri, matic, 2026, suasana, motor, nyaman","id","Tujuh motor pilihan terbaik untuk touring jarak jauh menyambut Tahun Baru 2026, dari skutik premium hingga adventure tangguh.","2025-12-15T14:24:14+07:00","Liputan6.com, Jakarta - Menyambut Tahun Baru 2026, touring jarak jauh menjadi pilihan banyak pengendara untuk menikmati perjalanan dengan suasana berbeda.
Kenyamanan, performa mesin, serta fitur pendukung menjadi faktor penting dalam memilih motor yang tepat.
Baik rute dalam kota, lintas provinsi, hingga jalan dengan kondisi beragam, motor touring ideal harus mampu memberikan rasa aman dan menyenangkan selama perjalanan.
Karena itu, pemilihan motor perlu disesuaikan dengan gaya berkendara dan kebutuhan perjalanan.
Berikut ini tujuh motor yang dinilai paling cocok untuk touring menyambut Tahun Baru 2026, masing-masing memiliki karakter dan keunggulan tersendiri, dirangkum dari berbagai sumber pada Senin (15/12/2025).","Liputan6.com, Jakarta - Menyambut Tahun Baru 2026, touring jarak jauh menjadi pilihan banyak pengendara untuk menikmati perjalanan dengan suasana berbeda. Kenyamanan, performa mesin, serta fitur pendukung menjadi faktor penting dalam memilih motor yang tepat.

Baik rute dalam kota, lintas provinsi, hingga jalan dengan kondisi beragam, motor touring ideal harus mampu memberikan rasa aman dan menyenangkan selama perjalanan. Karena itu, pemilihan motor perlu disesuaikan dengan gaya berkendara dan kebutuhan perjalanan.

Berikut ini tujuh motor yang dinilai paling cocok untuk touring menyambut Tahun Baru 2026, masing-masing memiliki karakter dan keunggulan tersendiri, dirangkum dari berbagai sumber pada Senin (15/12/2025).","7 Motor Matic Paling Nyaman Buat Touring Jauh 2025-2026","https://cdn0-production-images-kly.akamaized.net/PeFstEpgRQ-saE_-8AqKTVAUFD8=/1200x675/smart/filters:quality(75):strip_icc():format(jpeg)/kly-media-production/medias/4634443/original/087756300_1698995842-New_Honda_ADV160_Dynamic_grey.jpg","https://otosia.liputan6.com/otosia/read/6236362/7-motor-matic-paling-nyaman-buat-touring-jauh-2025-2026","96","true","true","true","2026-01-10T03:29:31.999022+00:00","","https://www.liputan6.com/"
"Mochamad Rizal Ahba Ohorella, Diterbitkan Desember, Tim Redaksi","20252026, 7, situasi, risiko, persiapan, tujuh, perlengkapan, perjalanan, teknis, motor, tambahan, ringan","id","Tujuh perlengkapan tambahan motor yang penting dibawa saat perjalanan jauh 2025–2026 demi keamanan dan kenyamanan berkendara.","2025-12-15T14:21:11+07:00","Liputan6.com, Jakarta - Perjalanan jauh dengan motor pada periode 2025–2026 membutuhkan persiapan yang lebih matang, tidak hanya dari kondisi kendaraan tetapi juga perlengkapan pendukung.
Kelengkapan yang tepat dapat membantu mengantisipasi berbagai situasi darurat di jalan.
Mulai dari gangguan teknis ringan hingga kondisi cuaca dan kesehatan pengendara, semuanya perlu dipertimbangkan sebelum memulai perjalanan.
Dengan membawa perlengkapan tambahan yang sesuai, risiko kendala di perjalanan dapat diminimalkan.
Berikut tujuh perlengkapan tambahan motor yang direkomendasikan untuk dibawa saat melakukan perjalanan jauh, dilansir dari berbagai sumber pada Senin (15/12/2025).","Liputan6.com, Jakarta - Perjalanan jauh dengan motor pada periode 2025–2026 membutuhkan persiapan yang lebih matang, tidak hanya dari kondisi kendaraan tetapi juga perlengkapan pendukung. Kelengkapan yang tepat dapat membantu mengantisipasi berbagai situasi darurat di jalan.

Mulai dari gangguan teknis ringan hingga kondisi cuaca dan kesehatan pengendara, semuanya perlu dipertimbangkan sebelum memulai perjalanan. Dengan membawa perlengkapan tambahan yang sesuai, risiko kendala di perjalanan dapat diminimalkan.

Berikut tujuh perlengkapan tambahan motor yang direkomendasikan untuk dibawa saat melakukan perjalanan jauh, dilansir dari berbagai sumber pada Senin (15/12/2025).","7 Perlengkapan Tambahan Motor untuk Perjalanan Jauh 2025-2026","https://cdn0-production-images-kly.akamaized.net/S-e7qWEKBV-7omBWaW1hiiq4_Lk=/1200x675/smart/filters:quality(75):strip_icc():format(jpeg)/kly-media-production/medias/4980921/original/008401800_1729960661-20241026_233429.jpg","https://otosia.liputan6.com/otosia/read/6236427/7-perlengkapan-tambahan-motor-untuk-perjalanan-jauh-2025-2026","84","true","true","true","2026-01-10T03:29:31.548512+00:00","","https://www.liputan6.com/"
"Mochamad Rizal Ahba Ohorella, Diterbitkan Desember, Nurrohman Sidiq, Tim Redaksi","2025, merek, persaingan, gaikindo, terlaris, wholesales, suv, kategori, kendaraan, daftar, 20","id","Daftar 20 mobil terlaris di Indonesia November 2025, dipimpin BYD Atto 1 yang mencatat lonjakan penjualan signifikan.","2025-12-12T15:08:32+07:00","Liputan6.com, Jakarta - Gabungan Industri Kendaraan Bermotor Indonesia (GAIKINDO) merilis daftar mobil dan merek terlaris pada November 2025, yang menunjukkan dinamika menarik di pasar otomotif nasional.
Data ini sekaligus memotret perubahan preferensi konsumen di tengah persaingan produk yang semakin beragam.
Pada kategori mobil penumpang, sejumlah model populer dari berbagai segmen kembali menempati posisi atas, termasuk MPV keluarga, city car, hingga SUV kompak dan kendaraan listrik yang mulai mendominasi.
Sementara itu, pada kategori merek terlaris, peta persaingan wholesales menunjukkan dominasi kuat pabrikan Jepang, meski merek-merek baru seperti BYD dan Jaecoo mulai mencatat kenaikan signifikan sepanjang 2025.
Berikut daftar mobil terlaris pada November 2025 yang dirangkum dari Gaikindo pada Kamis (11/12/2025).","Liputan6.com, Jakarta - Gabungan Industri Kendaraan Bermotor Indonesia (GAIKINDO) merilis daftar mobil dan merek terlaris pada November 2025, yang menunjukkan dinamika menarik di pasar otomotif nasional. Data ini sekaligus memotret perubahan preferensi konsumen di tengah persaingan produk yang semakin beragam.

Pada kategori mobil penumpang, sejumlah model populer dari berbagai segmen kembali menempati posisi atas, termasuk MPV keluarga, city car, hingga SUV kompak dan kendaraan listrik yang mulai mendominasi. Sementara itu, pada kategori merek terlaris, peta persaingan wholesales menunjukkan dominasi kuat pabrikan Jepang, meski merek-merek baru seperti BYD dan Jaecoo mulai mencatat kenaikan signifikan sepanjang 2025.

Berikut daftar mobil terlaris pada November 2025 yang dirangkum dari Gaikindo pada Kamis (11/12/2025).","20 Mobil dan Merek Mobil Terlaris di Indonesia November 2025","https://cdn0-production-images-kly.akamaized.net/jkMDu9Zd41_BHabqaN7hp7IGvg4=/1200x675/smart/filters:quality(75):strip_icc():format(jpeg)/kly-media-production/medias/5301965/original/092317300_1753964823-3.jpg","https://otosia.liputan6.com/otosia/read/6234039/20-mobil-dan-merek-mobil-terlaris-di-indonesia-november-2025","109","true","true","true","2026-01-10T03:29:34.313164+00:00","","https://www.liputan6.com/"
"Mochamad Rizal Ahba Ohorella, Diterbitkan Desember, Nurrohman Sidiq, Tim Redaksi","cocok, 7, terbaru, suv, perjalanan, mudik, seater, 7seater, spesial, performa, fitur, daftar, tangguh","id","Rekomendasi 7 mobil 7 seater terbaik 2025 untuk mudik keluarga akhir tahun lengkap dengan harga, fitur, dan spesifikasi ringkas.","2025-12-12T15:05:00+07:00","Liputan6.com, Jakarta - Mudik akhir tahun selalu menjadi momen spesial bagi banyak keluarga di Indonesia.
Agar perjalanan jauh tetap nyaman dan aman, memilih mobil 7 seater yang tepat menjadi hal penting mulai dari ruang kabin yang lega, konsumsi bahan bakar yang efisien, hingga fitur keselamatan yang lengkap untuk melewati berbagai kondisi jalan.
Tahun 2025 menawarkan banyak pilihan mobil keluarga dengan teknologi modern, performa kuat, serta fitur yang mendukung perjalanan jarak jauh.
Dalam daftar ini, kamu bisa menemukan berbagai model terbaik yang cocok untuk mudik akhir tahun, mulai dari MPV irit hingga SUV tangguh dan bahkan opsi kendaraan listrik terbaru.
Berikut ini daftar lengkapnya, dilansir dari berbagai sumber pada Jumat (12/12/2025).","Liputan6.com, Jakarta - Mudik akhir tahun selalu menjadi momen spesial bagi banyak keluarga di Indonesia. Agar perjalanan jauh tetap nyaman dan aman, memilih mobil 7 seater yang tepat menjadi hal penting mulai dari ruang kabin yang lega, konsumsi bahan bakar yang efisien, hingga fitur keselamatan yang lengkap untuk melewati berbagai kondisi jalan.

Tahun 2025 menawarkan banyak pilihan mobil keluarga dengan teknologi modern, performa kuat, serta fitur yang mendukung perjalanan jarak jauh. Dalam daftar ini, kamu bisa menemukan berbagai model terbaik yang cocok untuk mudik akhir tahun, mulai dari MPV irit hingga SUV tangguh dan bahkan opsi kendaraan listrik terbaru. Berikut ini daftar lengkapnya, dilansir dari berbagai sumber pada Jumat (12/12/2025).","7 Mobil 7-Seater Terbaik Cocok untuk Mudik Akhir Tahun","https://cdn0-production-images-kly.akamaized.net/3cq7TdTFeOOIeUEasfZyJ5a-_Nc=/1200x675/smart/filters:quality(75):strip_icc():format(jpeg)/kly-media-production/medias/4938264/original/068412500_1725612812-WhatsApp_Image_2024-09-06_at_14.50.18.jpg","https://otosia.liputan6.com/otosia/read/6234775/7-mobil-7-seater-terbaik-cocok-untuk-mudik-akhir-tahun","110","true","true","true","2026-01-10T03:29:33.042590+00:00","","https://www.liputan6.com/"
"Mochamad Rizal Ahba Ohorella, Diperbarui Desember, Nurrohman Sidiq, Tim Redaksi","bikin, jarang, model, rentang, 10, perawatan, mudahdengan, menimbulkan, rp, tergantung, mesin, 70, tangguh","id","Daftar 10 mobil bekas bandel di bawah Rp 70 juta yang terkenal irit, minim perawatan, dan cocok untuk penggunaan harian.","2025-12-12T07:47:21+07:00","Liputan6.com, Jakarta - Pilihan mobil bekas dengan harga di bawah Rp 70 juta semakin diminati oleh masyarakat yang membutuhkan kendaraan fungsional tanpa harus mengeluarkan budget besar.
Banyak model lama yang masih tangguh digunakan hingga saat ini berkat mesin yang bandel dan perawatan mudah.
Dengan rentang harga ini dan tergantung kondisi, sejumlah mobil keluarga, city car hingga hatchback lawas masih menawarkan kenyamanan dan keandalan.
Sebagian besar model bahkan dikenal jarang menimbulkan masalah berarti selama dirawat dengan benar.
Berikut daftar lengkap 10 mobil bekas di bawah Rp 70 juta yang bisa menjadi pilihan menarik untuk kebutuhan harian maupun mobil keluarga, dirangkum dari berbagai sumber pada Kamis (11/12/2025).","Liputan6.com, Jakarta - Pilihan mobil bekas dengan harga di bawah Rp 70 juta semakin diminati oleh masyarakat yang membutuhkan kendaraan fungsional tanpa harus mengeluarkan budget besar. Banyak model lama yang masih tangguh digunakan hingga saat ini berkat mesin yang bandel dan perawatan mudah.

Dengan rentang harga ini dan tergantung kondisi, sejumlah mobil keluarga, city car hingga hatchback lawas masih menawarkan kenyamanan dan keandalan. Sebagian besar model bahkan dikenal jarang menimbulkan masalah berarti selama dirawat dengan benar.

Berikut daftar lengkap 10 mobil bekas di bawah Rp 70 juta yang bisa menjadi pilihan menarik untuk kebutuhan harian maupun mobil keluarga, dirangkum dari berbagai sumber pada Kamis (11/12/2025).","10 Mobil Bekas di Bawah Rp 70 Juta yang Jarang Bikin Masalah","https://cdn0-production-images-kly.akamaized.net/lB_5tuoK5tM8wn1Cg5w6S2IoUMM=/1200x675/smart/filters:quality(75):strip_icc():format(jpeg)/kly-media-production/medias/4175582/original/099092100_1664449697-wallpapers_toyota_avanza_2006_6.jpg","https://otosia.liputan6.com/otosia/read/6233900/10-mobil-bekas-di-bawah-rp-70-juta-yang-jarang-bikin-masalah","105","true","true","true","2026-01-10T03:29:34.531945+00:00","","https://www.liputan6.com/"
"Mochamad Rizal Ahba Ohorella, Diterbitkan Desember, Nurrohman Sidiq, Tim Redaksi","termurah, 9, 2025, preferensi, periode, segmen, terbaru, spesifikasi, termahal, terjangkau, segar, suv, daftar","id","Urutan 9 mobil baru 2025 dari yang termurah hingga termahal, lengkap harga resmi dan spesifikasi ringkas tiap model.","2025-12-12T07:42:00+07:00","Liputan6.com, Jakarta - Tahun 2025 menjadi salah satu periode penting bagi industri otomotif Indonesia, ditandai dengan hadirnya deretan mobil baru dari berbagai segmen mulai dari mobil listrik terjangkau, SUV modern, hingga MPV keluarga.
Setiap pabrikan menawarkan teknologi terbaru, desain lebih segar, dan performa yang disesuaikan dengan kebutuhan mobilitas masyarakat saat ini.
Melalui daftar mobil terbaru tahun 2025 ini, pembaca dapat melihat harga, spesifikasi utama, serta keunggulan masing-masing model.
Informasi ini diharapkan membantu calon pembeli dalam menentukan pilihan kendaraan yang paling sesuai dengan kebutuhan dan preferensi mereka.
Berikut ini untuk daftar lengkapnya sesuai yang dihimpun dari berbagai sumber pada Jum'at (12/12/2025).","Liputan6.com, Jakarta - Tahun 2025 menjadi salah satu periode penting bagi industri otomotif Indonesia, ditandai dengan hadirnya deretan mobil baru dari berbagai segmen mulai dari mobil listrik terjangkau, SUV modern, hingga MPV keluarga. Setiap pabrikan menawarkan teknologi terbaru, desain lebih segar, dan performa yang disesuaikan dengan kebutuhan mobilitas masyarakat saat ini.

Melalui daftar mobil terbaru tahun 2025 ini, pembaca dapat melihat harga, spesifikasi utama, serta keunggulan masing-masing model. Informasi ini diharapkan membantu calon pembeli dalam menentukan pilihan kendaraan yang paling sesuai dengan kebutuhan dan preferensi mereka.

Berikut ini untuk daftar lengkapnya sesuai yang dihimpun dari berbagai sumber pada Jum'at (12/12/2025).","9 Mobil Baru 2025 dari Termurah hingga Termahal, Mana Pilihan Anda?","https://cdn1-production-images-kly.akamaized.net/jH8qYHOv66BWJdhRDAB4lebNRTU=/0x1514:3023x3218/1200x675/filters:quality(75):strip_icc():format(jpeg):watermark(kly-media-production/assets/images/watermarks/liputan6/watermark-gray-landscape-new.png,1100,20,0)/kly-media-production/medias/5293708/original/070305900_1753341210-IMG_0986.JPG","https://otosia.liputan6.com/otosia/read/6234714/9-mobil-baru-2025-dari-termurah-hingga-termahal-mana-pilihan-anda","100","true","true","true","2026-01-10T03:29:34.504599+00:00","","https://www.liputan6.com/"
"Nurrohman Sidiq, Diterbitkan Desember, Tim Redaksi","2025, minibus, serbaguna, lengkap, terbaru, varian, spesifikasi, terjangkau, daihatsu, gran, 6, teknis, max","id","Mobil Daihatsu Gran Max Minibus tetap menjadi kendaraan serbaguna favorit. Berikut harga terbaru dan spesifikasi teknis tiap varian.","2025-12-11T15:10:57+07:00","Liputan6.com, Jakarta - Di Indonesia, Daihatsu Gran Max Minibus telah lama dikenal sebagai kendaraan serbaguna dengan kapasitas angkut besar dan harga yang terjangkau.
Model ini menjadi pilihan banyak pengguna, baik untuk kebutuhan keluarga maupun operasional usaha yang membutuhkan kabin luas dan keandalan harian.
Sebelum membeli, penting untuk mengecek harga terbaru Gran Max Minibus agar sesuai dengan anggaran yang dimiliki.
Berikut daftar harga terbaru lengkap dengan varian serta spesifikasi teknis, dirangkum dari laman resmi Daihatsu Indonesia, Kamis (11/12/2025).","Liputan6.com, Jakarta - Di Indonesia, Daihatsu Gran Max Minibus telah lama dikenal sebagai kendaraan serbaguna dengan kapasitas angkut besar dan harga yang terjangkau. Model ini menjadi pilihan banyak pengguna, baik untuk kebutuhan keluarga maupun operasional usaha yang membutuhkan kabin luas dan keandalan harian.

Sebelum membeli, penting untuk mengecek harga terbaru Gran Max Minibus agar sesuai dengan anggaran yang dimiliki. Berikut daftar harga terbaru lengkap dengan varian serta spesifikasi teknis, dirangkum dari laman resmi Daihatsu Indonesia, Kamis (11/12/2025).","6 Harga Daihatsu Gran Max Minibus Terbaru 2025, Pilihan Lengkap untuk Keluarga dan Usaha","https://cdn1-production-images-kly.akamaized.net/5JmUa626WuNu9CWjL0zxB-viB38=/1200x675/smart/filters:quality(75):strip_icc():format(jpeg)/kly-media-production/medias/5440638/original/036662600_1765440651-Daihatsu_Gran_Max_Mini_Bus.jpg","https://otosia.liputan6.com/otosia/read/6234049/6-harga-daihatsu-gran-max-minibus-terbaru-2025-pilihan-lengkap-untuk-keluarga-dan-usaha","77","true","true","true","2026-01-10T03:29:34.622738+00:00","","https://www.liputan6.com/"
"Mochamad Rizal Ahba Ohorella, Diterbitkan Desember, Nurrohman Sidiq, Tim Redaksi","nmax, wujud, skuter, suzuki, segmen, sporty, tiongkok, 150, burgman, lawan, liputan6com, sketsa, rumor, yamaha","id","Suzuki Burgman 150 muncul dalam rumor terbaru dengan desain sporty, fitur premium, dan performa 149cc yang siap menantang NMAX.","2025-12-11T11:31:43+07:00","Liputan6.com, Jakarta - Rumor mengenai kehadiran Suzuki Burgman 150 semakin menguat dan langsung menarik perhatian pecinta skuter premium.
Jika resmi meluncur, motor ini akan masuk ke segmen 150cc yang saat ini dikuasai model-model populer seperti Yamaha NMAX dan Honda PCX.
Meskipun belum ada pengumuman resmi dari Suzuki, sejumlah bocoran sketsa dan informasi menyebut Burgman 150 kemungkinan dikembangkan bersama mitra mereka di Tiongkok.
Dari informasi awal, Burgman 150 dikabarkan membawa mesin 149cc berpendingin air dengan performa bertenaga.
Hal ini membuatnya cocok untuk penggunaan harian di perkotaan maupun perjalanan jarak menengah, memberikan pengalaman berkendara yang nyaman dan responsif.","Liputan6.com, Jakarta - Rumor mengenai kehadiran Suzuki Burgman 150 semakin menguat dan langsung menarik perhatian pecinta skuter premium. Jika resmi meluncur, motor ini akan masuk ke segmen 150cc yang saat ini dikuasai model-model populer seperti Yamaha NMAX dan Honda PCX.

Meskipun belum ada pengumuman resmi dari Suzuki, sejumlah bocoran sketsa dan informasi menyebut Burgman 150 kemungkinan dikembangkan bersama mitra mereka di Tiongkok. Langkah ini memungkinkan Burgman hadir dengan desain modern, fitur lengkap, dan harga yang kompetitif.

Dari informasi awal, Burgman 150 dikabarkan membawa mesin 149cc berpendingin air dengan performa bertenaga. Hal ini membuatnya cocok untuk penggunaan harian di perkotaan maupun perjalanan jarak menengah, memberikan pengalaman berkendara yang nyaman dan responsif. Berikut detailnya, dilansir Liputan6.com dari Greatbiker pada Kamis (11/12/2025).","Siap Lawan NMAX, Wujud Suzuki Burgman 150 Tampil Lebih Sporty?","https://cdn0-production-images-kly.akamaized.net/ReRwsp-BN_NdYYHgw8o7fLHZckQ=/1200x675/smart/filters:quality(75):strip_icc():format(jpeg)/kly-media-production/medias/5426727/original/080793900_1764315439-suzuki-burgman150-2-1.jpg","https://otosia.liputan6.com/otosia/read/6233778/siap-lawan-nmax-wujud-suzuki-burgman-150-tampil-lebih-sporty","119","true","true","true","2026-01-10T03:29:37.211311+00:00","","https://www.liputan6.com/"
"Mochamad Rizal Ahba Ohorella, Diterbitkan Desember, Nurrohman Sidiq, Tim Redaksi","warna, model, tampangnya, terbaru, honda, mesin, cb125r, 2026, bocoran, liputan6com, keren, fitur, pembaruan, usd, terkontrol","id","Honda CB125R 2026 hadir dengan mesin Euro5+ 15 PS, IMU-ABS, SHOWA USD 41 mm, TFT 5, tangki 10,1 L, dan empat warna matte baru.","2025-12-11T10:54:37+07:00","Liputan6.com, Jakarta - Honda secara resmi meluncurkan CB125R 2026 di Eropa dengan pembaruan yang menegaskan statusnya sebagai naked bike 125 cc.
Model ini mempertahankan mesin dasar namun menerima sejumlah peningkatan pada kelengkapan fitur dan penampilan.
Walau output mesin tetap 15 tenaga kuda pada 10.000 rpm, CB125R 2026 menonjol melalui perangkat kelas profesional seperti sistem pengereman ABS terkontrol IMU, garpu depan SHOWA USD, serta rem depan besar dengan kaliper radial 4-piston.
Honda mengumumkan untuk model 2026 ini pembaruan terutama pada fitur utama, spesifikasi performa, teknologi yang diusung, efisiensi bahan bakar, serta pilihan warna baru.
Berikut detailnya dilansir Liputan6.com dari Greatbiker pada Kamis (11/12/2025).","Liputan6.com, Jakarta - Honda secara resmi meluncurkan CB125R 2026 di Eropa dengan pembaruan yang menegaskan statusnya sebagai naked bike 125 cc. Model ini mempertahankan mesin dasar namun menerima sejumlah peningkatan pada kelengkapan fitur dan penampilan.

Walau output mesin tetap 15 tenaga kuda pada 10.000 rpm, CB125R 2026 menonjol melalui perangkat kelas profesional seperti sistem pengereman ABS terkontrol IMU, garpu depan SHOWA USD, serta rem depan besar dengan kaliper radial 4-piston. Bobot ringan dan radius putar kecil semakin memperkuat karakter lincahnya.

Honda mengumumkan untuk model 2026 ini pembaruan terutama pada fitur utama, spesifikasi performa, teknologi yang diusung, efisiensi bahan bakar, serta pilihan warna baru. Berikut detailnya dilansir Liputan6.com dari Greatbiker pada Kamis (11/12/2025).","Bocoran Honda CB125R Terbaru, Tampangnya Makin Keren","https://cdn1-production-images-kly.akamaized.net/D4QV_XvJ6ZMWStiaRRy255dB_xY=/1200x675/smart/filters:quality(75):strip_icc():format(jpeg)/kly-media-production/medias/5439897/original/014779600_1765412760-cb125r.jpg","https://otosia.liputan6.com/otosia/read/6233628/bocoran-honda-cb125r-terbaru-tampangnya-makin-keren","112","true","true","true","2026-01-10T03:29:37.437733+00:00","","https://www.liputan6.com/"
"Mochamad Rizal Ahba Ohorella, Diterbitkan Desember, Nurrohman Sidiq, Tim Redaksi","sekarangpotret, manis, suasananya, sentuhan, 10, nostalgia, transportasi, potret, kenangan, suasana, kediri, tenangnya, jalanan, penuh, sederhana","id","Suasana Kediri di masa lampau menjadi bukti perkembangan kota ini dari waktu ke waktu. Dahulu, jalan masih lengang dan kendaraan bermotor pun jarang ditemui.","2025-12-10T16:57:43+07:00","Liputan6.com, Jakarta - Kediri merupakan salah satu kota di Jawa Timur yang saat ini berkembang sangat pesat.
Namun bila menengok ke masa lampau, suasananya masih begitu sederhana dan jauh dari sentuhan modern seperti sekarang.
Potret jalanan Kediri tempo dulu menunjukkan betapa tenangnya kota ini, dengan aktivitas jalan yang masih lengang dan masyarakat yang umumnya menggunakan transportasi sederhana seperti naik delman, becak atau berjalan kaki.
Deretan potret berikut menggambarkan suasana jalanan Kediri di masa lalu yang penuh kenangan dan membawa nuansa nostalgia.
Foto-foto ini dihimpun dari berbagai sumber pada Rabu (10/12/2025).","Liputan6.com, Jakarta - Kediri merupakan salah satu kota di Jawa Timur yang saat ini berkembang sangat pesat. Namun bila menengok ke masa lampau, suasananya masih begitu sederhana dan jauh dari sentuhan modern seperti sekarang.

Potret jalanan Kediri tempo dulu menunjukkan betapa tenangnya kota ini, dengan aktivitas jalan yang masih lengang dan masyarakat yang umumnya menggunakan transportasi sederhana seperti naik delman, becak atau berjalan kaki.

Deretan potret berikut menggambarkan suasana jalanan Kediri di masa lalu yang penuh kenangan dan membawa nuansa nostalgia. Foto-foto ini dihimpun dari berbagai sumber pada Rabu (10/12/2025).","10 Potret Nostalgia Kediri Tempo Dulu, Penuh Kenangan Manis","https://cdn1-production-images-kly.akamaized.net/nCJfgoyB2JDIqWUrFQp-Ot54Gd0=/1200x675/smart/filters:quality(75):strip_icc():format(jpeg)/kly-media-production/medias/5439198/original/071368600_1765352596-Jepretan_Layar_2025-12-10_pukul_14.35.09.png","https://otosia.liputan6.com/otosia/read/6233133/10-potret-nostalgia-kediri-tempo-dulu-penuh-kenangan-manis","90","true","true","true","2026-01-10T03:29:37.226192+00:00","","https://www.liputan6.com/"
"Mochamad Rizal Ahba Ohorella, Diterbitkan Desember, Nurrohman Sidiq, Tim Redaksi","2025, touring, pengendara, diminati, 7, tujuh, terbukti, perjalanan, matic, praktis, motor, berkendara, tangguh","id","Ini 7 pilihan motor matic yang paling enak untuk perjalanan jauh, lengkap dengan karakter mesin dan keunggulan masing-masing.","2025-12-10T16:50:03+07:00","Liputan6.com, Jakarta - Motor matic kini banyak diminati oleh banyak pengendara yang sering menempuh perjalanan jauh.
Selain praktis, motor matic modern juga menawarkan kenyamanan, tenaga yang cukup besar, serta fitur lengkap untuk menunjang touring harian maupun jarak jauh.
Beberapa pabrikan bahkan menghadirkan model dengan mesin berkapasitas besar, konsumsi bahan bakar efisien, serta posisi berkendara ergonomis.
Hal ini membuat motor matic semakin diminati oleh pengendara yang butuh mobilitas tinggi namun tetap mengutamakan kenyamanan.
Berikut ini adalah tujuh motor matic yang terbukti nyaman dan tangguh untuk dipakai berkendara jauh, masing-masing dengan karakter serta keunggulan berbeda sesuai kebutuhan pengendara, dirangkum dari berbagai sumber pada Rabu (10/12/2025).","Liputan6.com, Jakarta - Motor matic kini banyak diminati oleh banyak pengendara yang sering menempuh perjalanan jauh. Selain praktis, motor matic modern juga menawarkan kenyamanan, tenaga yang cukup besar, serta fitur lengkap untuk menunjang touring harian maupun jarak jauh.

Beberapa pabrikan bahkan menghadirkan model dengan mesin berkapasitas besar, konsumsi bahan bakar efisien, serta posisi berkendara ergonomis. Hal ini membuat motor matic semakin diminati oleh pengendara yang butuh mobilitas tinggi namun tetap mengutamakan kenyamanan.

Berikut ini adalah tujuh motor matic yang terbukti nyaman dan tangguh untuk dipakai berkendara jauh, masing-masing dengan karakter serta keunggulan berbeda sesuai kebutuhan pengendara, dirangkum dari berbagai sumber pada Rabu (10/12/2025).","7 Motor Matic Terbaik untuk Perjalanan Jauh, Terbaik di 2025","https://cdn0-production-images-kly.akamaized.net/wnZhrQEEO0LeeSqko0TDNhW4r7c=/1200x675/smart/filters:quality(75):strip_icc():format(jpeg)/kly-media-production/medias/1466220/original/076480100_1483956366-aerox_155.jpg","https://otosia.liputan6.com/otosia/read/6232987/7-motor-matic-terbaik-untuk-perjalanan-jauh-terbaik-di-2025","103","true","true","true","2026-01-10T03:29:37.505456+00:00","","https://www.liputan6.com/"
"Mochamad Rizal Ahba Ohorella, Diterbitkan Desember, Nurrohman Sidiq, Tim Redaksi","2025, hyundai, terbaru, varian, kursi, rp, kenyamanan, terendah, suv, tertinggi, premium, palisade, fitur, mewah","id","Simak daftar harga dan spesifikasi lengkap Hyundai Palisade 2025 per varian, dari Prime hingga Signature 4WD XRT beserta fitur dan kabinnya.","2025-12-10T11:32:46+07:00","Liputan6.com, Jakarta - Daftar harga resmi Hyundai Palisade 2025 menunjukkan varian terendah dibanderol sekitar Rp 943.800.000, sementara varian tertinggi mencapai Rp 1.259.500.000.
Rentang harga ini mencerminkan berbagai tingkat kelengkapan fitur dan kenyamanan kabin.
Setiap varian dilengkapi fitur interior, hiburan, dan kenyamanan yang berbeda mulai dari kursi dengan material kulit, captain seat, hingga sunroof dan pengaturan kursi elektrik.
Artinya, konsumen bisa memilih sesuai preferensi dan anggaran.
Berikut rincian lengkap spesifikasi dan harga untuk tiap varian Hyundai Palisade 2025, dilansir Liputan6 dari laman resmi Hyundai pada Rabu (10/12/2025).","Liputan6.com, Jakarta - Daftar harga resmi Hyundai Palisade 2025 menunjukkan varian terendah dibanderol sekitar Rp 943.800.000, sementara varian tertinggi mencapai Rp 1.259.500.000. Rentang harga ini mencerminkan berbagai tingkat kelengkapan fitur dan kenyamanan kabin.

Setiap varian dilengkapi fitur interior, hiburan, dan kenyamanan yang berbeda mulai dari kursi dengan material kulit, captain seat, hingga sunroof dan pengaturan kursi elektrik. Artinya, konsumen bisa memilih sesuai preferensi dan anggaran.

Berikut rincian lengkap spesifikasi dan harga untuk tiap varian Hyundai Palisade 2025, dilansir Liputan6 dari laman resmi Hyundai pada Rabu (10/12/2025).","Harga Mobil Hyundai Palisade Terbaru 2025, SUV Mewah dengan Fitur Premium","https://cdn0-production-images-kly.akamaized.net/jj-qeAsGuocnqPttJNtVnWpJARA=/1200x675/smart/filters:quality(75):strip_icc():format(jpeg)/kly-media-production/medias/5191801/original/039829000_1745034971-Palisade_2025.jpg","https://otosia.liputan6.com/otosia/read/6232897/harga-mobil-hyundai-palisade-terbaru-2025-suv-mewah-dengan-fitur-premium","86","true","true","true","2026-01-10T03:29:37.390294+00:00","","https://www.liputan6.com/"
"Mochamad Rizal Ahba Ohorella, Diterbitkan Desember, Nurrohman Sidiq, Tim Redaksi","unitdi, terdampak, teknis, tandatanda, sedap, wajib, terkena, dicek, terendam, kolong, ciriciri, membeli, banjir, terdalam, tercantum","id","Kenali ciri-ciri mobil bekas yang pernah terendam banjir dan risiko kerusakan yang perlu diwaspadai sebelum membeli, panduan ringkas untuk pembeli.","2025-12-10T10:26:38+07:00","Liputan6.com, Jakarta - Mengenali ciri-ciri mobil yang pernah terendam banjir penting bagi siapa saja yang hendak membeli mobil bekas.
Sebab, tanda-tanda kerusakan akibat banjir tidak selalu tampak kasat mata dan berpotensi menimbulkan masalah jangka panjang.
Sebenarnya, ciri utama bisa diidentifikas pada mobil bekas banjir contohnya karat hingga bau tidak sedap.
Nah, untuk itu berikut langkah-langkah pemeriksaan yang layak Anda lakukan sebelum memutuskan membeli satu unit.
Di bagian akhir juga tercantum risiko komponen yang umumnya terdampak setelah mobil terendam, sehingga Anda bisa menilai sejauh mana konsekuensi teknis bila ternyata unit yang diincar pernah terkena banjir, dirangkum dari berbagai sumber pada Rabu (10/12/2025).","Liputan6.com, Jakarta - Mengenali ciri-ciri mobil yang pernah terendam banjir penting bagi siapa saja yang hendak membeli mobil bekas. Sebab, tanda-tanda kerusakan akibat banjir tidak selalu tampak kasat mata dan berpotensi menimbulkan masalah jangka panjang.

Sebenarnya, ciri utama bisa diidentifikas pada mobil bekas banjir contohnya karat hingga bau tidak sedap. Selain itu ada beberapa indikasi lain. Nah, untuk itu berikut langkah-langkah pemeriksaan yang layak Anda lakukan sebelum memutuskan membeli satu unit.

Di bagian akhir juga tercantum risiko komponen yang umumnya terdampak setelah mobil terendam, sehingga Anda bisa menilai sejauh mana konsekuensi teknis bila ternyata unit yang diincar pernah terkena banjir, dirangkum dari berbagai sumber pada Rabu (10/12/2025).","Ciri-ciri Mobil Bekas Terendam Banjir, Wajib Dicek Sampai Kolong Terdalam","https://cdn0-production-images-kly.akamaized.net/npedpWMS6gMzobaIRbsmCxZuszI=/1200x675/smart/filters:quality(75):strip_icc():format(jpeg)/kly-media-production/medias/3011331/original/080605200_1577969859-20200102-Jalan-Kartini-Bekasi-3.jpg","https://otosia.liputan6.com/otosia/read/6232736/ciri-ciri-mobil-bekas-terendam-banjir-wajib-dicek-sampai-kolong-terdalam","107","true","true","true","2026-01-10T03:29:39.125816+00:00","","https://www.liputan6.com/"
"Asnida Riani, Diterbitkan Desember, Tim Redaksi","gaya, pria, dompet, rekomendasi, kulit, asli, desain, terbuat, 6, ringkas, sapi, up, kartu","id","Ada berbagai model dompet kartu pria, mulai dari desain kulit asli yang elegan hingga minimalis. Mana yang paling sesuai dengan gaya hidup dan kebutuhan Anda?","2025-12-31T02:00:41+07:00","Liputan6.com, Jakarta - Di era digitalisasi dan transaksi non-tunai yang semakin marak, dompet kartu jadi aksesori esensial bagi banyak orang, termasuk para pria.
Pemilihan dompet kartu yang tepat tidak hanya mempertimbangkan estetika, tapi juga fungsionalitas dan daya tahan.
AdvertisementBaik untuk penggunaan pribadi maupun sebagai hadiah, ulasan berikut, seperti dikutip dari berbagai sumber, Selasa, 30 Desember 2025, akan memaparkan detail penting yang perlu Anda ketahui sebelum memilih dompet kartu pria idaman.
Dompet Kartu Kulit AsliDompet kartu kulit asli untuk pria dikenal karena kualitas premium dan tampilan yang tidak lekang waktu.
Desain dompet kulit umumnya simpel, sering kali hanya satu lipatan dengan kantung yang tidak terlalu banyak, menonjolkan keindahan alami materialnya.","Liputan6.com, Jakarta - Di era digitalisasi dan transaksi non-tunai yang semakin marak, dompet kartu jadi aksesori esensial bagi banyak orang, termasuk para pria. Bukan sekadar tempat menyimpan kartu, dompet ini telah berevolusi jadi pernyataan gaya, sekaligus penunjang kepraktisan sehari-hari.

Berbagai inovasi desain dan fitur keamanan kini hadir untuk memenuhi kebutuhan pria modern. Pemilihan dompet kartu yang tepat tidak hanya mempertimbangkan estetika, tapi juga fungsionalitas dan daya tahan.

Mulai dari material kulit asli yang klasik hingga desain minimalis berteknologi canggih, setiap model menawarkan keunggulan tersendiri. Memahami karakteristik setiap jenis dompet kartu akan membantu Anda membuat keputusan yang cerdas, sesuai gaya hidup dan preferensi personal.

Advertisement

Baik untuk penggunaan pribadi maupun sebagai hadiah, ulasan berikut, seperti dikutip dari berbagai sumber, Selasa, 30 Desember 2025, akan memaparkan detail penting yang perlu Anda ketahui sebelum memilih dompet kartu pria idaman.

1. Dompet Kartu Kulit Asli

Dompet kartu kulit asli untuk pria dikenal karena kualitas premium dan tampilan yang tidak lekang waktu. Dompet yang terbuat dari kulit sapi asli cenderung awet dan tahan lama, menjadikannya investasi jangka panjang.

Umumnya, dompet ini terbuat dari kulit sapi asli, dengan beberapa produk menggunakan kulit pull up lokal yang berkualitas. Desain dompet kulit umumnya simpel, sering kali hanya satu lipatan dengan kantung yang tidak terlalu banyak, menonjolkan keindahan alami materialnya.

Cek di sini","Rekomendasi 6 Dompet Kartu untuk Pria yang Lebih Ringkas","https://cdn1-production-images-kly.akamaized.net/ne5uqJ6eFyG-41D08-7aBY92Itw=/0x239:1024x816/1200x675/filters:quality(75):strip_icc():format(jpeg)/kly-media-production/medias/5458770/original/014214100_1767090018-Dompet_Kartu.jpg","https://www.liputan6.com/lifestyle/read/6247356/rekomendasi-6-dompet-kartu-untuk-pria-yang-lebih-ringkas","214","true","true","true","2026-01-10T03:30:21.316517+00:00","","https://www.liputan6.com/"
"Asnida Riani, Diterbitkan Desember, Tim Redaksi","kasual, gaya, cowok, cotton, fleece, model, mendukung, cuaca, material, pria, kenyamanan, pakaian, sweater, premium, 6, dingin","id","Ada berbagai model, bahan premium, dan teknologi cetak terbaru untuk menunjang penampilanmu agar tetap stylish dan nyaman saat mengenakan sweater.","2025-12-29T02:00:45+07:00","Liputan6.com, Jakarta - Sweater telah jadi salah satu item fesyen esensial dalam lemari pakaian pria.
Sweater Fleece Cotton PremiumSalah satu pilihan material yang sangat digemari untuk sweater cowok adalah fleece cotton premium.
Kombinasi ini menjadikannya pilihan ideal untuk cuaca dingin karena memberikan insulasi panas yang baik, namun tetap breathable berkat kandungan katunnya.
Karakteristik utama dari sweater fleece cotton premium adalah kemampuannya menawarkan kenyamanan maksimal.
Sweater fleece cotton premium sangat serbaguna dan sering digunakan sebagai pakaian kasual sehari-hari.","Liputan6.com, Jakarta - Sweater telah jadi salah satu item fesyen esensial dalam lemari pakaian pria. Lebih dari sekadar penghangat tubuh, busana ini berevolusi jadi pernyataan gaya yang mampu meningkatkan penampilan kasual maupun semi-formal. Kehadirannya sangat fungsional, terutama saat cuaca dingin atau sebagai pelengkap gaya di berbagai kesempatan.

Perkembangan dunia fesyen membawa beragam inovasi pada model, bahan, serta teknologi produksi sweater. Dari material yang memberi kenyamanan maksimal hingga desain yang memungkinkan ekspresi diri, setiap detail dirancang untuk memenuhi kebutuhan dan selera pria modern.

Memilih sweater yang tepat bukan hanya soal tampilan, namun juga kenyamanan dan daya tahan. Dari sekian banyak, berikut beberapa modelnya, seperti dirangkum dari berbagai sumber, Sabtu, 27 Desember 2025:

Advertisement

1. Sweater Fleece Cotton Premium

Salah satu pilihan material yang sangat digemari untuk sweater cowok adalah fleece cotton premium. Bahan ini merupakan perpaduan antara serat fleece dan katun berkualitas tinggi, menghasilkan tekstur yang lembut dan nyaman di kulit.

Kombinasi ini menjadikannya pilihan ideal untuk cuaca dingin karena memberikan insulasi panas yang baik, namun tetap breathable berkat kandungan katunnya. Karakteristik utama dari sweater fleece cotton premium adalah kemampuannya menawarkan kenyamanan maksimal.

Sweater fleece cotton premium sangat serbaguna dan sering digunakan sebagai pakaian kasual sehari-hari. Model ini juga cocok sebagai lapisan tambahan saat beraktivitas di luar ruangan, memberi kehangatan tanpa mengorbankan mobilitas.","6 Model Sweater Cowok untuk Mendukung Gaya Saat Cuaca Dingin","https://cdn0-production-images-kly.akamaized.net/GCy4KuJmwQlheAHSXHs0Rtc7VUA=/0x3463:4419x5954/1200x675/filters:quality(75):strip_icc():format(jpeg)/kly-media-production/medias/4670113/original/051334700_1701400018-pexels-karolina-grabowska-4210854.jpg","https://www.liputan6.com/lifestyle/read/6245120/6-model-sweater-cowok-untuk-mendukung-gaya-saat-cuaca-dingin","212","true","true","true","2026-01-10T03:30:21.533969+00:00","","https://www.liputan6.com/"
"Asnida Riani, Diterbitkan Desember, Tim Redaksi","menjaga, tersedia, memakan, sepatu, pria, perawatan, instan, lem, penampilan, pembersih, solusi, 6, noda, penghilang","id","Berikut adalah produk perawatan sepatu pria esensial yang wajib Anda miliki untuk menjaga kualitas alas kaki.","2025-12-26T03:00:06+07:00","Investasi pada produk perawatan sepatu pria yang tepat akan sangat membantu dalam menjaga kualitas alas kaki kesayangan Anda.
Karena itu, penting untuk memahami jenis produk perawatan sepatu pria yang tersedia di pasaran.
Pembersih Sepatu InstanProduk ini dirancang khusus untuk mengatasi noda ringan dan kotoran permukaan dengan cepat, tanpa memerlukan proses pembilasan atau pengeringan yang memakan waktu.
Pembersih sepatu instan umumnya tersedia dalam bentuk semprotan atau lap basah yang sudah diresapi cairan pembersih.
Ini adalah solusi efektif untuk menjaga penampilan sepatu tetap rapi tanpa harus melakukan pembersihan mendalam yang memakan waktu.","Liputan6.com, Jakarta - Sepatu bukan hanya alas kaki, melainkan bagian penting dari penampilan yang mencerminkan gaya dan kepribadian. Merawat sepatu dengan benar menjadi kunci untuk menjaga tampilannya tetap prima, awet, dan nyaman digunakan dalam jangka panjang.

Investasi pada produk perawatan sepatu pria yang tepat akan sangat membantu dalam menjaga kualitas alas kaki kesayangan Anda. Perawatan rutin tidak hanya menjaga estetika sepatu, tapi juga aspek higienis penggunaan sepatu sehari-hari.

Berbagai jenis sepatu, mulai dari kulit, suede, hingga kanvas, memerlukan pendekatan perawatan yang berbeda. Karena itu, penting untuk memahami jenis produk perawatan sepatu pria yang tersedia di pasaran.

Advertisement

Berikut beberapa di antaranya, seperti dikutip dari berbagai sumber, Kamis, 25 Desember 2025.

1. Pembersih Sepatu Instan

Produk ini dirancang khusus untuk mengatasi noda ringan dan kotoran permukaan dengan cepat, tanpa memerlukan proses pembilasan atau pengeringan yang memakan waktu. Pembersih instan sangat ideal untuk penggunaan sehari-hari atau saat Anda sedang bepergian dan membutuhkan solusi cepat.

Pembersih sepatu instan umumnya tersedia dalam bentuk semprotan atau lap basah yang sudah diresapi cairan pembersih. Produk ini menjadi penyelamat untuk membersihkan sepatu kulit, karet, atau sintetis secara efisien.

Dengan pembersih instan, Anda dapat dengan mudah menjaga kebersihan sepatu Anda di mana saja dan kapan saja. Ini adalah solusi efektif untuk menjaga penampilan sepatu tetap rapi tanpa harus melakukan pembersihan mendalam yang memakan waktu.","6 Produk Perawatan Sepatu Pria, Penghilang Noda sampai Lem","https://cdn1-production-images-kly.akamaized.net/Z3FQvB3Z4dYwy0QNXhJxZHqO2DM=/1200x675/smart/filters:quality(75):strip_icc():format(jpeg)/kly-media-production/medias/3041050/original/063355700_1580809727-shoes-592773_960_720.jpg","https://www.liputan6.com/lifestyle/read/6244377/6-produk-perawatan-sepatu-pria-penghilang-noda-sampai-lem","216","true","true","true","2026-01-10T03:30:21.437090+00:00","","https://www.liputan6.com/"
"Alyaa Hasna Hunafa","gaya, koleksi, stylish, banyaknya, wajib, wardrobe, fashion, executive, lirik, diskon, yuk, promo","id","Mau tampil stylish sekaligus hemat? Intip koleksi fashion Executive yang lagi diskon besar dan temukan item wajib untuk melengkapi look kamu di akhir tahun.","2026-01-02T10:00:00+07:00","Selain banyaknya acara yang menuntut penampilan lebih rapi atau stylish, masa-masa ini juga identik dengan berbagai promo menarik dari brand-brand fashion ternama.
Salah satu yang patut jadi perhatian adalah Executive, yang kembali merilis deretan koleksi terbaiknya dengan penawaran harga spesial.
Dengan banyaknya pilihan yang sedang diskon, ini menjadi kesempatan ideal untuk menemukan item fashion favorit atau mencoba gaya baru yang mungkin selama ini kamu idamkan.
Promo menarik dari Executive bukan hanya memberikan nilai lebih dari segi harga, tetapi juga memudahkanmu membangun wardrobe yang lebih fungsional dan stylish.
Yuk, intip koleksi apa saja yang wajib kamu lirik di akhir tahun kali ini!","Fimela.com, Jakarta Akhir tahun selalu jadi momen yang tepat untuk menyegarkan kembali gaya berpakaian. Selain banyaknya acara yang menuntut penampilan lebih rapi atau stylish, masa-masa ini juga identik dengan berbagai promo menarik dari brand-brand fashion ternama. Salah satu yang patut jadi perhatian adalah Executive, yang kembali merilis deretan koleksi terbaiknya dengan penawaran harga spesial.

Melansir laman executive.co.id Brand Executive dikenal dengan gaya yang clean, modern, dan mudah dipadukan untuk berbagai kesempatan. Mulai dari outfit kasual harian hingga tampilan formal untuk kebutuhan profesional, setiap item-nya dirancang untuk meningkatkan rasa percaya diri pemakainya. Kabar baiknya, beberapa koleksi populer mereka kini sedang dibanderol dengan harga lebih ramah di kantong, sehingga kamu bisa upgrade gaya tanpa perlu berpikir dua kali.

Dengan banyaknya pilihan yang sedang diskon, ini menjadi kesempatan ideal untuk menemukan item fashion favorit atau mencoba gaya baru yang mungkin selama ini kamu idamkan. Promo menarik dari Executive bukan hanya memberikan nilai lebih dari segi harga, tetapi juga memudahkanmu membangun wardrobe yang lebih fungsional dan stylish. Yuk, intip koleksi apa saja yang wajib kamu lirik di akhir tahun kali ini!","Koleksi Fashion Lagi Diskon dari Executive yang Wajib Kamu Lirik!","https://cdn1-production-images-kly.akamaized.net/Uwmdgvj-wT85mrs5rzfKY-Ok7aw=/1200x675/smart/filters:quality(75):strip_icc():format(jpeg)/kly-media-production/medias/5431754/original/099709900_1764747157-WhatsApp_Image_2025-12-03_at_14.16.57_a3e4af2d.jpg","https://www.fimela.com/fashion/read/6227752/koleksi-fashion-lagi-diskon-dari-executive-yang-wajib-kamu-lirik","177","true","true","true","2026-01-10T03:30:27.419977+00:00","","https://www.liputan6.com/"
"Umi Zakiyatun Khasanah","friendly, bikin, stylish, mama, wajib, daster, kekinian, santai, style, piyama, tidur, nyaman, yuk, muda","id","Mama muda tetap bisa stylish di rumah dengan piyama dan daster kekinian, nyaman dipakai, bumil & busui friendly, cocok untuk tidur maupun santai.","2025-12-31T08:00:00+07:00","Fimela.com, Jakarta - Sebagai mama muda, kenyamanan saat di rumah jadi prioritas, tapi siapa bilang harus mengorbankan style?
Dengan pilihan piyama dan daster kekinian, waktu santai di rumah bisa tetap stylish sekaligus nyaman.
Dari bahan adem yang ringan hingga desain yang modis, semuanya dirancang untuk mama muda yang ingin tampil kece bahkan saat lagi bersantai.
Selain nyaman dipakai, beberapa pilihan juga bumil friendly dan busui friendly, jadi tetap praktis untuk aktivitas sehari-hari.
Yuk, intip rekomendasi pilihan baju tidur dan piyama yang nyaman sekaligus fashionable berikut ini!","Fimela.com, Jakarta - Sebagai mama muda, kenyamanan saat di rumah jadi prioritas, tapi siapa bilang harus mengorbankan style? Dengan pilihan piyama dan daster kekinian, waktu santai di rumah bisa tetap stylish sekaligus nyaman. Dari bahan adem yang ringan hingga desain yang modis, semuanya dirancang untuk mama muda yang ingin tampil kece bahkan saat lagi bersantai.

Selain nyaman dipakai, beberapa pilihan juga bumil friendly dan busui friendly, jadi tetap praktis untuk aktivitas sehari-hari. Kini, santai di rumah bukan hanya soal relax, tapi juga soal tetap tampil stylish tanpa ribet. Yuk, intip rekomendasi pilihan baju tidur dan piyama yang nyaman sekaligus fashionable berikut ini!","Mama Muda Wajib Punya! Piyama dan Daster Kekinian yang Bikin Rumah Makin Stylish","https://cdn0-production-images-kly.akamaized.net/ayfEdN_3w0s_8uNXgvJ18MkElIc=/1200x675/smart/filters:quality(75):strip_icc():format(jpeg)/kly-media-production/medias/5436821/original/022017900_1765186364-pexels-anna-pou-8329902.jpg","https://www.fimela.com/lifestyle/read/6231500/mama-muda-wajib-punya-piyama-dan-daster-kekinian-yang-bikin-rumah-makin-stylish","102","true","true","true","2026-01-10T03:30:27.343728+00:00","","https://www.liputan6.com/"
"Vinsensia Dianawanti","tanda, sinar, wajib, usia, perawatan, penuaan, rekomendasi, kulit, skincare, tekstur, 2026, mengatasi, unggulan, antiaging","id","Intip skincare Jepang apa saja yang dapat menjadi perawatan anti aging di 2026","2025-12-30T19:00:00+07:00","Fimela.com, Jakarta - Memasuki usia 20-an ke atas, kerutan halus, garis ekspresi, dan tekstur kulit yang kurang mulus mulai menjadi perhatian banyak orang.
Inilah mengapa skincare anti-aging menjadi bagian penting dari rutinitas perawatan kulit.
Bukan hanya untuk memperlambat tanda penuaan, tetapi juga untuk menjaga elastisitas, kelembapan, dan kecerahan kulit secara menyeluruh.
Pada 2026, skincare Jepang diprediksi akan naik daun, mengingat kualitasnya yang cukup ampuh untuk mengatasi berbagai masalah kulit.
Masing-masing brand ini menghadirkan teknologi canggih dan bahan aktif unggulan yang mampu mengatasi berbagai tanda penuaan kulit.","Fimela.com, Jakarta - Memasuki usia 20-an ke atas, kerutan halus, garis ekspresi, dan tekstur kulit yang kurang mulus mulai menjadi perhatian banyak orang. Kondisi kulit ini tidak selalu berkaitan dengan usia saja, tetapi juga faktor lingkungan, polusi, paparan sinar matahari, dan gaya hidup yang kerap menekan kemampuan regenerasi kulit. Inilah mengapa skincare anti-aging menjadi bagian penting dari rutinitas perawatan kulit. Bukan hanya untuk memperlambat tanda penuaan, tetapi juga untuk menjaga elastisitas, kelembapan, dan kecerahan kulit secara menyeluruh.

Pada 2026, skincare Jepang diprediksi akan naik daun, mengingat kualitasnya yang cukup ampuh untuk mengatasi berbagai masalah kulit. Termasuk penuaan dini. Beberapa produk dari Shiseido, Kanebo Cosmetics, dan Ashtalift menjadi rekomendasi terbaik yang layak investasi untuk hasil anti aging nyata. Masing-masing brand ini menghadirkan teknologi canggih dan bahan aktif unggulan yang mampu mengatasi berbagai tanda penuaan kulit. Berikut rekomendasi produknya:","Rekomendasi Skincare Jepang Terbaik untuk Perawatan Anti-Aging Wajib di 2026","https://cdn0-production-images-kly.akamaized.net/pmt_IzMyELYL0_Md7irCtupWx7s=/1200x675/smart/filters:quality(75):strip_icc():format(jpeg)/kly-media-production/medias/3286636/original/093458900_1604471471-pexels-photo-4239011.jpeg","https://www.fimela.com/lifestyle/read/6247252/rekomendasi-skincare-jepang-terbaik-untuk-perawatan-anti-aging-wajib-di-2026","137","true","true","true","2026-01-10T03:30:27.222764+00:00","","https://www.liputan6.com/"
"Umi Zakiyatun Khasanah","kesan, profesional, gaya, ala, stylish, favorit, look, tampilan, blazer, simpel, 3, drakor, yuk, korean","id","Tampil stylish ala drakor dengan 3 blazer Korean look favorit untuk kerja, nyaman dipakai seharian dan mudah dipadukan.","2025-12-30T08:00:00+07:00","Fimela.com, Jakarta - Siapa bilang tampil profesional di kantor harus selalu terlihat kaku?
Dengan sentuhan Korean look yang identik dengan gaya simpel, rapi, dan feminin, kamu tetap bisa tampil stylish tanpa kehilangan kesan elegan.
Tak heran jika blazer ala Korea kini jadi fashion item favorit banyak perempuan untuk menunjang aktivitas kerja.
Mulai dari tampilan formal hingga gaya kerja yang lebih santai, blazer Korean look selalu berhasil menciptakan kesan polished dalam setiap kesempatan.
Yuk, intip tiga blazer Korean look favorit yang bisa jadi pilihan andalan untuk menemani hari-hari kerja kamu.","Fimela.com, Jakarta - Siapa bilang tampil profesional di kantor harus selalu terlihat kaku? Dengan sentuhan Korean look yang identik dengan gaya simpel, rapi, dan feminin, kamu tetap bisa tampil stylish tanpa kehilangan kesan elegan. Tak heran jika blazer ala Korea kini jadi fashion item favorit banyak perempuan untuk menunjang aktivitas kerja.

Mulai dari tampilan formal hingga gaya kerja yang lebih santai, blazer Korean look selalu berhasil menciptakan kesan polished dalam setiap kesempatan. Selain nyaman dikenakan seharian, potongannya yang clean juga membuat penampilan terlihat lebih effortless dan modern. Yuk, intip tiga blazer Korean look favorit yang bisa jadi pilihan andalan untuk menemani hari-hari kerja kamu.","Tampil Profesional ala Drakor, Ini 3 Blazer Korean Look Favorit untuk Kerja","https://cdn0-production-images-kly.akamaized.net/cJ-Gw2Kymkigafkyk-ppFpMreAw=/1200x675/smart/filters:quality(75):strip_icc():format(jpeg)/kly-media-production/medias/5436788/original/050733500_1765773245-Depositphotos_812580836_L.jpg","https://www.fimela.com/lifestyle/read/6231480/tampil-profesional-ala-drakor-ini-3-blazer-korean-look-favorit-untuk-kerja","104","true","true","true","2026-01-10T03:30:27.028613+00:00","","https://www.liputan6.com/"
"Artikel Lain Dari Gilar Dhani","gen, gaya, bikin, wajib, wishlist, white, z, kekinian, sneakers, clean, andalan, dipakai, nyaman, gampang","id","Sneakers kekinian yang lagi jadi andalan Gen Z! Mulai dari model sporty sampai lifestyle, temukan pilihan sepatu nyaman dan stylish buat aktivitas harian.","2026-01-01T17:37:00+07:00","Kapanlagi.com - Buat Gen Z, sneakers itu bukan sekadar alas kaki, tapi bagian penting dari gaya hidup.
Brick Mansions Urban Street Off White Sneakers ini cocok buat kamu yang suka tampilan clean dan simpel.
Kalau kamu butuh sneaker lokal yang awet dan gampang dipakai harian, model ini layak masuk wishlist.
Tren Wangi ‘Clean Boyfriend Scent’ ala FFAR, Aroma yang Lagi Digandrungi Gen Z Beli Zirotz Flexion BW Low Rp162.500 di Shopee4.
Modus Penipuan Ini Paling Sering Incar Gen Z Beli Old School Grind Black White Rp104.000 di Shopee5.","Kapanlagi.com - Buat Gen Z, sneakers itu bukan sekadar alas kaki, tapi bagian penting dari gaya hidup. Sepatu yang nyaman, ringan, dan estetik jadi teman setia buat kuliah, nongkrong, sampai aktivitas dadakan yang nggak terencana. Sekali dapat yang pas, rasanya pengen dipakai tiap hari.

Selain tampilan, faktor kenyamanan dan fleksibilitas juga jadi pertimbangan utama. Model unisex dengan warna netral makin digemari karena gampang dipadukan sama berbagai outfit. Mau gaya santai, sporty, atau clean, sneakers yang tepat bisa langsung upgrade penampilan.

Kalau kamu lagi cari sepatu harian yang nggak cuma enak dilihat tapi juga enak dipakai, deretan sneakers di bawah ini wajib kamu lirik. Tinggal pilih sesuai gaya, klik beli online, dan siap dipakai ke mana aja.

Advertisement

1. Brick Mansions Urban Street Off White Sneakers ini cocok buat kamu yang suka tampilan clean dan simpel. Warna off white-nya gampang dipaduin sama jeans, cargo pants, atau celana hitam basic. Dipakai ke kampus atau nongkrong tetap aman dan kelihatan rapi. Material kanvas 12 oz-nya kokoh tapi tetap fleksibel, ditambah insole EVA rubber yang empuk dan bisa dilepas. Outsole gum rubber anti slip bikin langkah lebih stabil dan nyaman dipakai lama. Ukurannya tersedia lengkap dari 36–43 dengan fit true to size. Kalau kamu butuh sneaker lokal yang awet dan gampang dipakai harian, model ini layak masuk wishlist. Langsung cek dan beli online sebelum stok favorit habis. Keterbatasan Bukan Akhir Cerita, Mulya Menangkan Hadiah Fortuner dari Kejutan Tutup Botol AQUVIVA Beli Brick Mansions Urban Street Off White Rp138.000 di Shopee (Setelah 8 tahun menikah, Raisa dan Hamish Daud resmi cerai.)

2. Luckyfanstore TANA Skate Sneakers Buat yang suka kasual dengan sentuhan skate vibes, TANA Sneakers ini pas banget. Kombinasi mesh dan kulit sintetis bikin tampilannya sporty tapi tetap clean. Cocok dipakai buat aktivitas seharian tanpa kelihatan berlebihan. Outsole thermo rubber terasa ringan tapi tetap punya grip yang aman. Bagian dalamnya empuk, jadi kaki tetap nyaman meski dipakai lama dari pagi sampai malam. Modelnya unisex dengan ukuran 39–44, gampang masuk ke berbagai gaya outfit. Kalau kamu pengin sepatu santai yang fleksibel dan nggak cepat kelihatan usang, langsung klik link beli online-nya sekarang. BNI Bangga Jadi Bagian Perjalanan Putri Kusuma Wardani Cetak Sejarah di Hylo Open 2025 Beli TANA Sneakers Rp145.000 di Shopee

3. Zirotz Flexion BW Low Sneaker ini punya desain klasik low cut yang effortless ala Gen Z. Warna netral dan bahan kanvas 12 oz bikin tampilan simpel tapi tetap stylish. Dipaduin sama celana wide leg atau jeans lurus langsung masuk. Outsole rubber non-slip dan proses vulcanized bikin sepatu ini lebih kuat dan stabil. Tali double cotton tebal jadi detail kecil yang bikin tampilannya makin solid. Bonus pembelian lengkap, dari sticker sampai tali cadangan, bikin experience-nya lebih puas. Ukuran tersedia 36–44. Kalau kamu cari sneaker awet dengan vibe santai, langsung checkout online sebelum ukuran incaran kehabisan. Tren Wangi ‘Clean Boyfriend Scent’ ala FFAR, Aroma yang Lagi Digandrungi Gen Z Beli Zirotz Flexion BW Low Rp162.500 di Shopee

4. Old School Grind Black White Buat pencinta gaya old school, model ini aman banget buat dipakai harian. Warna hitam putihnya klasik dan gampang dipaduin sama outfit apa pun. Material kanvas tebal dipadukan dengan insole empuk bikin sepatu ini nyaman dipakai lama. Outsole gum rubber anti slip juga bikin langkah lebih percaya diri di berbagai kondisi. Desainnya unisex dan clean, cocok buat Gen Z yang suka tampil simpel tanpa ribet. Kalau kamu pengen sneaker tahan lama dengan look timeless, klik link pembelian dan amankan sekarang. Waspada Bestie! Modus Penipuan Ini Paling Sering Incar Gen Z Beli Old School Grind Black White Rp104.000 di Shopee

5. Ballistic V2 White Black Sneakers ini pas buat kamu yang suka gaya minimalis modern. Kombinasi hitam-putih dan material leather premium bikin tampilannya rapi dan kelihatan lebih eksklusif. Bahannya kuat tapi tetap nyaman dipakai harian. Ditambah bonus pouch, stiker, dan thank you card, pengalaman belinya jadi terasa lebih personal. Ukuran tersedia 37–41 dan cocok buat daily look yang clean. Kalau kamu pengin sneaker simpel tapi tetap standout, langsung beli online sebelum stok terbatas habis. Keterbatasan Bukan Akhir Cerita, Mulya Menangkan Hadiah Fortuner dari Kejutan Tutup Botol AQUVIVA Beli Ballistic V2 White Black Rp559.000 di Shopee Itu dia deretan sneakers kekinian yang cocok banget buat Gen Z: nyaman, fleksibel, dan gampang dipaduin buat berbagai aktivitas. Tinggal pilih yang paling sesuai sama gaya kamu, lalu klik link pembelian biar nggak kehabisan ukuran atau warna favorit. Penulis: Puji Khoirunnisa","Sneakers Kekinian yang Lagi Jadi Andalan Gen Z, Wajib Masuk Wishlist!","https://cdns.klimg.com/resized/1200x600/p/headline/sneakers-kekinian-yang-lagi-jadi-andala-6cde16.jpg","https://plus.kapanlagi.com/sneakers-kekinian-yang-lagi-jadi-andalan-gen-z-wajib-masuk-wishlist-6cde16.html","723","true","true","true","2026-01-10T03:30:27.454990+00:00","","https://www.liputan6.com/"
"Artikel Lain Dari Gilar Dhani","gaya, baggy, ala, celana, wajib, dicoba, highwaist, kulot, santai, jeans, straight, leg, dipakai, skena, wide","id","Gaya anak skena selalu identik dengan tampilan santai, effortless, tapi tetap punya karakter. Salah satu item kunci yang nggak pernah gagal membangun vibe tersebut adalah celana jeans ala anak skena.","2025-12-29T09:15:00+07:00","Highwaist Straight Jeans Wanita Celana highwaist straight ini cocok buat kamu yang suka tampilan clean tapi tetap skena.
Highwaist Kulot Wide Leg Jeans Kalau kamu suka gaya skena yang rapi tapi santai, model kulot wide leg ini bisa jadi andalan.
Stella Highwaist Kulot Jeans Celana kulot ini cocok buat kamu yang suka gaya skena yang santai tapi tetap rapi.
CLOTHG Wide Leg Highwaist Jeans Wide leg jeans ini pas buat kamu yang pengin tampil effortless ala anak skena tanpa ribet mix and match.
Beli CLOTHG Wide Leg Highwaist Jeans Rp 129.000 di Shopee Dari straight, kulot, sampai baggy, semua celana jeans ala anak skena di atas bisa jadi andalan buat gaya harian kamu.","Kapanlagi.com - Gaya anak skena selalu identik dengan tampilan santai, effortless, tapi tetap punya karakter. Salah satu item kunci yang nggak pernah gagal membangun vibe tersebut adalah celana jeans ala anak skena. Mulai dari potongan straight yang clean sampai baggy yang santai, semuanya bisa langsung ngasih kesan artsy tanpa usaha berlebih.

Buat kamu yang sering nongkrong di coffee shop, datang ke gigs kecil, atau sekadar pengin tampil rapi tapi tetap chill, jeans jadi investasi wajib. Tinggal pilih model yang sesuai kepribadian, dan gaya skena kamu langsung kebentuk dari kesan pertama.

Advertisement

1. Highwaist Straight Jeans Wanita Celana highwaist straight ini cocok buat kamu yang suka tampilan clean tapi tetap skena. Potongannya lurus dan longgar, nyaman dipakai seharian tanpa bikin gerak terbatas. Cocok banget dipaduin sama kaus band, tanktop, crop tee, atau outer oversized, gaya khas skena yang santai tapi berkarakter. Model straightnya bikin look kamu nggak kaku, malah kelihatan makin artsy dan natural. Simpel, tapi vibe-nya dapet. Ukuran tersedia dari S sampai 5XL, jadi lebih inklusif dan jatuhnya tetap rapi di berbagai bentuk tubuh. Cek dan beli Highwaist Straight Jeans ini di sekarang. Ekonomi Jatim Triwulan III 2025 Tertinggi se-Pulau Jawa, Gubernur Khofifah: Ini Bukti Soliditas Semua Pihak Beli Highwaist Straight Jeans Wanita Rp97.800 di Shopee (Setelah 8 tahun menikah, Raisa dan Hamish Daud resmi cerai.)

2. Highwaist Kulot Wide Leg Jeans Kalau kamu suka gaya skena yang rapi tapi santai, model kulot wide leg ini bisa jadi andalan. Potongan high waist bikin siluet lebih jenjang, sementara warna denimnya clean dan gampang dipaduin. Kamu bisa mix and match sesuka hati, dari look retro sampai street style versi kamu sendiri. Bahannya tebal tapi adem, cocok dipakai ke kampus, nongkrong, atau nonton live music. Langsung checkout Kulot Wide Leg Jeans favorit ini. FF Event Winterland 2025: Cara Dapetin Skin & Bundle Spesial Lewat GoPay Games! Beli Highwaist Kulot Wide Leg Jeans Rp58.000 di Shopee

3. Highwaist Oversize Baggy Jeans Buat pencinta street style skena, baggy jeans selalu jadi pilihan aman. Modelnya gombrong tapi tetap rapi berkat potongan high waist yang bikin proporsi tubuh lebih balance. Denim non-stretch-nya kokoh dan jatuhnya bagus, bikin outfit kelihatan bold tanpa berlebihan. Celana yang nyaman dipakai di berbagai aktivitas, mau buat nongkrong di akhir pekan, dipakai ke kampus, atau sekadar jalan sore bareng teman, tetap aman. Amankan Baggy Jeans ini sebelum kehabisan Ekonomi Jatim Triwulan III 2025 Tertinggi se-Pulau Jawa, Gubernur Khofifah: Ini Bukti Soliditas Semua Pihak Beli Highwaist Oversize Baggy Jeans Rp49.000 di Shopee

4. Stella Highwaist Kulot Jeans Celana kulot ini cocok buat kamu yang suka gaya skena yang santai tapi tetap rapi. Potongannya lebar dari pinggul ke bawah, nyaman dipakai dan nggak membentuk tubuh. Detail tiga kancing di pinggang jadi aksen kecil yang bikin tampilan nggak monoton. Buat yang berhijab, model kulotnya juga nyaman banget dipakai sehari-hari karena nggak membentuk tubuh. Pilihan warnanya pun mendukung vibe skena yang lebih chill, Light Snow yang cerah, Dark Snow yang tegas, dan Grey Snow yang netral. Warna-warna yang gampang masuk ke banyak outfit tanpa ribet. Cek warna favorit Stella Kulot Jeans sekarang. Waspada Bestie! Modus Penipuan Ini Paling Sering Incar Gen Z Stella Highwaist Kulot Jeans Rp174.000 di Shopee

5. CLOTHG Wide Leg Highwaist Jeans Wide leg jeans ini pas buat kamu yang pengin tampil effortless ala anak skena tanpa ribet mix and match. Potongannya pas, nggak terlalu gombrong, dan tetap nyaman dipakai seharian. Tersedia ukuran S sampai 2XL, cocok buat kamu yang butuh jeans nyaman di paha tapi tetap stylish. Langsung masukkan Wide Leg Jeans ini ke wishlist kamu. Beli CLOTHG Wide Leg Highwaist Jeans Rp 129.000 di Shopee Dari straight, kulot, sampai baggy, semua celana jeans ala anak skena di atas bisa jadi andalan buat gaya harian kamu. Tinggal pilih potongan yang paling sesuai, padukan dengan item favorit, dan tampil santai tanpa kehilangan karakter. Keterbatasan Bukan Akhir Cerita, Mulya Menangkan Hadiah Fortuner dari Kejutan Tutup Botol AQUVIVA Kalau kamu pengin upgrade gaya tanpa ribet, sekarang saatnya cek satu per satu rekomendasinya. Klik link Shopee-nya dan amankan ukuran favorit sebelum kehabisan. Penulis: Puji Khoirunnisa","Celana Jeans Ala Anak Skena: Pilihan Straight sampai Baggy yang Wajib Dicoba","https://cdns.klimg.com/resized/1200x600/p/headline/celana-jeans-ala-anak-skena-pilihan-str-ec9e11.jpg","https://plus.kapanlagi.com/celana-jeans-ala-anak-skena-pilihan-straight-sampai-baggy-yang-wajib-dicoba-ec9e11.html","668","true","true","true","2026-01-10T03:30:30.424130+00:00","","https://www.liputan6.com/"
"Artikel Lain Dari Wuri Anggarini","gen, 5, bikin, cocok, favorit, seharian, cushion, z, kulit, banget, makeup, pengin, wajah, konser, nonton, anti, geser","id","Biar makeup tetap flawless dan tahan lama saat nonton konser, cek 5 cushion favorit Gen Z ini! Dari dewy sampai velvet matte, semua bikin kulit glowing, nyaman, dan aman sepanjang hari.","2025-12-26T08:00:00+07:00","Kapanlagi.com - Buat Gen Z yang suka nonton konser, makeup tahan lama itu penting banget.
Keringetan, lampu panggung, dan seru-seruan di depan panggung bisa bikin makeup cepat luntur, jadi perlu cushion yang bisa stay sepanjang acara.
EE Whitening Cushion Kalau kamu Gen Z yang suka nonton konser atau hangout seharian, pasti ngerti banget gimana rasanya makeup luntur karena keringetan atau kena lampu panggung.
Skintific Cover Glow Perfect Cushion Buat Gen Z yang pengin makeup tetap on point tapi kulit tetap sehat, Skintific Cover Glow Perfect Cushion bisa jadi pilihan terbaik.
Wardah Colorfit 5D Blur Cloud Cushion Buat Gen Z yang pengin makeup tetap flawless tapi kulit tetap nyaman, Wardah Colorfit 5D Blur Cloud Cushion bisa jadi andalan.","Kapanlagi.com - Buat Gen Z yang suka nonton konser, makeup tahan lama itu penting banget. Keringetan, lampu panggung, dan seru-seruan di depan panggung bisa bikin makeup cepat luntur, jadi perlu cushion yang bisa stay sepanjang acara.

Selain tahan lama, cushion yang tepat harus nyaman dipakai seharian. Nggak mau kan wajah terasa berat, lengket, atau bikin kulit kering di tengah konser? Cushion yang ringan tapi coveragenya oke bakal bikin wajah tetap flawless dan glowing alami.

Belum lagi kalau cushionnya punya perlindungan tambahan kayak SPF atau vitamin, makin aman deh kulit dari efek buruk sinar matahari dan polusi. Nah, berikut ini 5 cushion favorit Gen Z yang siap nemenin kamu tetap glowing sepanjang konser.

Advertisement

1. EE Whitening Cushion Kalau kamu Gen Z yang suka nonton konser atau hangout seharian, pasti ngerti banget gimana rasanya makeup luntur karena keringetan atau kena lampu panggung. EE Whitening Cushion dari ERTOâ��S ini jadi penyelamat banget! Cushion ini hadir dengan coverage medium sampai high, jadi wajah kamu tetap flawless tanpa terlihat tebal. Hasil akhirnya dewy, bikin kulit kelihatan sehat dan glowing natural. Yang paling asik, cushion ini cocok untuk semua jenis kulit dan menyesuaikan warna kulit secara otomatis. Jadi kamu nggak perlu ribet pilih shade yang pas, langsung pakai dan warna kulit terlihat merata. SPF 30nya juga bikin kamu tetap terlindungi dari sinar matahari, apalagi kalau konser atau hangoutnya siang hari. Formulanya ringan tapi efektif, karena ada vitamin B1, B3, dan B5 yang nggak cuma bikin makeup menempel sempurna tapi juga merawat kulit. Cushion ini bisa melembabkan wajah, menyamarkan tanda penuaan dini, mencerahkan kulit, sekaligus mengontrol minyak berlebih. Jadi wajah tetap nyaman meski dipakai seharian. Desain kemasannya palet 20ml yang compact dan ringan, gampang dibawa ke mana pun, termasuk dimasukin tas konser atau pouch makeup. Tinggal tap-tap pakai sponsnya, dan wajah langsung siap tampil kece. Formulanya krim yang smooth, jadi gampang diratakan dan nggak bikin kulit terasa berat atau lengket. Beli EE Whitening Cushion Rp112.000 di Shopee (Setelah 8 tahun menikah, Raisa dan Hamish Daud resmi cerai.)

2. Skintific Cover Glow Perfect Cushion Buat Gen Z yang pengin makeup tetap on point tapi kulit tetap sehat, Skintific Cover Glow Perfect Cushion bisa jadi pilihan terbaik. Cushion ini ringan tapi punya coverage yang cukup buat meratakan warna kulit dan menyamarkan kusam. Hasil akhirnya dewy, bikin wajah terlihat segar dan glowing natural, cocok buat aktivitas seharian atau nonton konser favorit. Formulanya dilengkapi niacinamide dan yuja, jadi nggak cuma menutupi, tapi juga merawat kulit. Niacinamide membantu mencerahkan kulit dan meratakan warna, sementara yuja bikin kulit tampak bercahaya dan bebas kusam. Cocok banget buat yang pengin makeup flawless tanpa bikin kulit terasa berat atau lengket. Cushion ini juga mengandung Sodium Hyaluronate dan VITA C yang bikin wajah lembab dan terhidrasi sepanjang hari. Sodium Hyaluronate menarik air ke kulit, jadi tetap kenyal dan segar, sementara VITA C melindungi kulit dari radikal bebas sekaligus bikin glow alami lebih terlihat. Jadi, makeup tetap stay tanpa mengorbankan kesehatan kulit. Penggunaannya gampang banget. Tinggal tekan ringan pada cushion, gunakan aplikator spons untuk meratakan di wajah, dan ulangi kalau mau coverage lebih. Compactnya juga praktis dan rapat, jadi bisa dibawa ke mana aja tanpa takut foundation kering. Cocok buat daily use, hangout, atau even konser yang panjang! Beli Skintific Cover Glow Perfect Cushion Rp169.000 di Shopee

3. Wardah Colorfit 5D Blur Cloud Cushion Buat Gen Z yang pengin makeup tetap flawless tapi kulit tetap nyaman, Wardah Colorfit 5D Blur Cloud Cushion bisa jadi andalan. Cushion ini punya tampilan soft-matte yang natural, jadi wajah keliatan halus tanpa berlebihan. Cocok banget buat daily use, hangout, atau nonton konser panjang tanpa takut makeup cepat luntur. Formulanya unik karena dilengkapi 5D Pore-Blurring Powder, jadi bisa menyamarkan pori-pori dan tekstur wajah dengan mulus. Selain itu, ada nano-Hyaluron dan CICA yang bikin kulit tetap lembab, nyaman, dan gak terasa berat meski dipakai seharian. Jadi, kulit tetap terawat sambil makeup flawless Cushion ini punya coverage tinggi tapi tetap ringan di wajah. Hasilnya tahan sampai 18 jam, cocok buat kulit normal sampai oily. Warna juga otomatis menyatu sama kulit berkat teknologi COLORFIT, tersedia 8 shades yang sudah disesuaikan sama warna kulit wanita Indonesia. Jadi tinggal pilih yang paling match sama undertone kulitmu. Pengaplikasiannya gampang banget. Tinggal tekan cushion pakai aplikator spons, ratakan tipis-tipis buat daily look, atau tambahkan layer kalau pengin coverage maksimal. Cushion ini non-comedogenic, non-acnegenic, vegan, cruelty-free, dan halal, jadi aman untuk kulit berjerawat sekalipun. Beli WARDAH Colorfit 5D Blur Cloud Cushion Rp119.000 di Shopee

4. Time Phoria Timeless Lumina Matte Perfection Cushion Buat kamu yang pengin makeup tahan lama tapi tetap nyaman saat nonton konser, Time Phoria Timeless Lumina Cushion siap jadi andalan. Cushion ini punya hasil akhir velvet matte yang bikin wajah flawless tanpa terasa berat, jadi bebas keringetan atau lipatan makeup pas loncat-loncat di depan panggung. Cocok banget buat Gen Z yang pengin tampil kece seharian di konser tanpa harus touch up terus-terusan. Formulanya high coverage tapi tetap ringan di kulit. Cushion ini juga bisa mengontrol minyak berlebih, jadi wajah tetap bebas kilap meski dipakai seharian. Kulit pun terlihat rata dan halus, bikin foto selfie dan feed Instagram makin oke tanpa effort berlebihan. Penggunaan gampang banget, tinggal tekan cushion pakai puff yang tersedia, lalu ratakan ke seluruh wajah. Bisa layer kalau pengin coverage lebih tinggi, atau tipis-tipis buat daily look yang natural. Hasilnya full coverage tapi tetap nyaman, cocok buat semua jenis kulit. Cushion ini dikemas praktis dengan ukuran 11gr, gampang dibawa ke mana-mana tanpa makan tempat. Kandungannya aman, berkualitas, dan sudah terdaftar BPOM, jadi aman untuk pemakaian sehari-hari. Cocok banget buat Gen Z yang pengin tampil maksimal tapi tetap praktis. Beli Cushion Time Phoria Rp139.000 di Shopee

5. AZZURA Luminous Cushion SPF 25 Buat kamu yang suka tampil flawless pas nonton konser, AZZURA Luminous Cushion bisa jadi penyelamat makeupmu. Cushion ini punya medium-to-high coverage yang bikin noda hitam, bekas jerawat, atau bintik hitam tersamarkan, tapi tetap ringan di wajah. Jadi kamu bebas joget, loncat-loncat, dan ikut vibe konser tanpa takut makeup jadi cakey. Formulanya yang mengandung Organic Daisy Extract bikin wajah keliatan cerah dan glowing alami. Warna kulit tetap merata, jadi selfie atau foto konsermu bakal selalu on point. Cocok banget buat Gen Z yang pengin tampil estetik tapi tetap natural di tengah keramaian. Selain itu, ada tambahan Supercharged Vitamin C dan Hyaluronic Acid yang bikin kulit tetap lembap dan elastis sepanjang hari. Jadi meski seharian di konser atau festival, kulit tetap sehat dan nggak gampang kering. Makeup juga bakal stay lebih lama tanpa perlu touch up berulang. Cushion ini dilengkapi dengan SPF 25 PA+++, jadi wajah tetap terlindungi dari sinar matahari saat nonton konser outdoor. Pilihan shadenya juga lengkap: Light Beige, Natural, Medium Beige, dan Beige, siap menyesuaikan warna kulitmu supaya hasilnya flawless. Beli Cushion Azzura Rp79.900 di Shopee Ingin makeup tetap flawless dan glowing sepanjang konser? Kelima cushion ini siap jadi penyelamat. Praktis dibawa, nyaman dipakai seharian, dan bikin wajah tetap on point meski loncat-loncat di depan panggung. Langsung klik link pemesanan sekarang dan pilih cushion favoritmu, biar momen konsermu makin seru tanpa khawatir makeup luntur! Penulis: Puji Khoirunnisa","Makeup Anti Geser Saat Nonton Konser, 5 Cushion Ini Jadi Favorit Gen Z","https://cdns.klimg.com/resized/1200x600/p/headline/makeup-anti-geser-saat-nonton-konser-5--488081.jpg","https://plus.kapanlagi.com/makeup-anti-geser-saat-nonton-konser-5-cushion-ini-jadi-favorit-gen-z-488081.html","1163","true","true","true","2026-01-10T03:30:30.498993+00:00","","https://www.liputan6.com/"
"Artikel Lain Dari Wuri Anggarini","gen, hp, casing, 5, bikin, aman, cocok, andalan, nggak, z, pengin, boring, estetik, anti","id","Intip rekomendasi casing HP estetik favorit Gen Z! Dari motif lucu, 3D silver, butterfly, glitter lips, sampai gelang bracelet Xiaomi/POCO. Pilih yang paling cocok dan bikin HP makin kece!","2025-12-25T08:00:00+07:00","Ini dia beberapa casing HP favorit Gen Z yang wajib kamu intip sekarang!
Casing HP Koala CYK0090 Sekarang, HP udah kayak perpanjangan tangan buat Gen Z. Dari scroll sosmed, nonton video, sampai selfie ala-ala, semua serba lewat HP.
Casing HP Virtus motif koala ini siap bikin tampilan HP kamu langsung cute dan estetik.
Beli casing HP koala Rp19.374 di Shopee (Setelah 8 tahun menikah, Raisa dan Hamish Daud resmi cerai.)
Beli Gelang Bracelet Casing HP Rp16.999 di Shopee Kalau kamu pengin HP tampil makin estetik, cocok sama gaya favorit Gen Z, dan bikin feed Instagram makin kece, langsung intip beberapa rekomendasi casing ini sekarang.","Kapanlagi.com - HP sekarang bukan cuma alat komunikasi, tapi juga jadi bagian gaya hidup Gen Z. Dari scroll TikTok, nonton video, sampai foto-foto aesthetic, semua serba lewat HP. Makanya punya casing yang estetik itu wajib, biar HP makin personal dan stylish.

Buat anak muda, casing nggak cuma proteksi tapi juga statement item. Motif lucu, unik, atau efek 3D bisa bikin HP langsung standout di antara teman-teman. Pilihan warna dan desain juga jadi cara mengekspresikan diri tanpa ribet.

Selain tampil kece, casing yang estetik bikin aktivitas harian makin seru.

Genggam HP nyaman, nggak licin, dan tetap ringan meski motifnya menarik. Ini dia beberapa casing HP favorit Gen Z yang wajib kamu intip sekarang!

Advertisement

1. Casing HP Koala CYK0090 Sekarang, HP udah kayak perpanjangan tangan buat Gen Z. Dari scroll sosmed, nonton video, sampai selfie ala-ala, semua serba lewat HP. Makanya, punya casing yang nggak cuma aman tapi juga estetik itu penting banget biar HP makin kece dan personal. Casing HP Virtus motif koala ini siap bikin tampilan HP kamu langsung cute dan estetik. Desainnya lucu tanpa keliatan berlebihan, pas banget buat yang suka barang imut tapi tetap stylish. Ketebalan case 1,3 mm bikin pas di genggaman, nggak terlalu tebal tapi tetap aman. Bahan TPU berkualitas dipakai supaya casing ini kuat dan anti gores, jadi HP kamu terlindung dari benturan ringan atau gesekan sehari-hari. Bagian luar casing dicetak dengan printing motif lucu yang tahan lama, warna tetap cerah meski dipakai tiap hari. Semua detail dibuat supaya casing tetap smooth dan nyaman dipegang. Selain estetik, casing ini juga praktis karena antislip. Kamu nggak perlu takut HP gampang jatuh atau licin saat digenggam, apalagi pas scroll sosmed sambil jalan. Cocok buat semua tipe Samsung yang kompatibel, jadi bisa langsung pas tanpa ribet. Beli casing HP koala Rp19.374 di Shopee (Setelah 8 tahun menikah, Raisa dan Hamish Daud resmi cerai.)

2. ICase_Store LUX 3D Silver Buat Gen Z yang pengin iPhone tetap aman tapi tetap stylish, softcase dari ICase_Store ini bisa jadi pilihan. Terbuat dari bahan TPU full silikon dengan frame kamera metallic, case ini nggak cuma melindungi tapi juga bikin tampilan hp makin kece. Motif 3Dnya bikin casing terlihat unik dan elegan tanpa ribet. Bumper di sekeliling case lebih tinggi, jadi layar dan kamera hp kamu tetap aman dari goresan atau benturan kecil sehari-hari. Softcase ini ringan dan fleksibel, gampang dipasang dan dilepas kapan saja. Desainnya juga bikin iPhone tetap nyaman digenggam tanpa licin. ICase_Store menyediakan banyak pilihan untuk berbagai tipe iPhone dari seri 11 sampai seri 16 Pro Max, jadi kamu bisa pilih yang pas untuk hp kamu. Bahan TPU dan polikarbonatnya berkualitas tinggi, kuat, tapi tetap lentur. Harga yang ditawarkan juga ramah di kantong Gen Z tapi kualitas tetap premium. Softcase ini cocok banget buat yang pengin hp aman tapi tetap estetik, bisa dipakai buat daily use, atau biar feed Instagram makin kece. Selain fungsional, motif 3D dan efek silvernya bikin hp jadi statement piece di tangan kamu. Beli casing ICase_store Rp21.200 di Shopee

3. Casing OPPO Butterfly Soft Case XPD0069 Buat anak Gen Z yang pengin handphone tetap aman tapi tetep stylish, casing OPPO Butterfly Soft Case ini bisa jadi pilihan. Selain melindungi dari goresan, debu, dan kotoran, desainnya juga kekinian dengan motif lucu dan estetik. Casing tipis 1,3mm bikin handphone tetap nyaman digenggam tanpa terasa tebal. Bahan casing terbuat dari TPU berkualitas, aman untuk permukaan ponsel dan nggak akan menggores body HP kamu. Bagian luar casing punya printing menarik dengan berbagai model, jadi bisa sesuaikan sama gaya kamu. Material strap nilon bikin casing lebih fleksibel dan awet dipakai sehari-hari. Casing ini juga punya fitur flip dengan card holder, praktis banget buat yang suka bawa kartu atau e-money tanpa ribet. Bisa dijadikan teman setia saat beraktivitas karena tetap tipis tapi fungsional. Kualitas bahan kulitnya bikin casing terlihat premium dan tahan lama. Casing kompatibel dengan banyak tipe OPPO, dari A3S sampai Reno11 Pro, jadi nggak perlu khawatir soal kecocokan. Desainnya modern dan multifungsi, cocok dipakai di kampus, kerja, atau sekadar nongkrong bareng teman. Cocok banget buat Gen Z yang suka barang praktis tapi tetap estetik. Selain melindungi handphone, casing ini juga gampang dibawa kemana-mana dan ringan banget. Desainnya bikin handphone lebih stylish tanpa ribet, pas banget buat gaya hidup aktif anak muda. Yuk langsung intip beberapa rekomendasi casing OPPO Butterfly Soft Case XPD0069 dan pilih yang paling cocok buat kamu, klik linknya sekarang! Beli casing butterfly Rp25.800 di Shopee

4. CASINGBOO Glitter Lips iPhone Buat kamu yang suka HP tampil beda tanpa ribet, casing Glitter Lips iPhone dari CASINGBOO ini siap bikin gadget makin standout. Motif glitter bibir merah yang transparan bikin handphone terlihat estetik dan kekinian. Cocok banget buat yang pengin gaya tapi tetap simpel. Casing ini ringan dan anti pecah, jadi nggak bikin HP tambah berat tapi tetap aman dari benturan. Desain tepi lebih tinggi dari layar dan kamera bikin perlindungan ekstra kalau handphone nggak sengaja terjatuh. Selain itu, casing ini anti gores, anti kotor, dan anti sidik jari, cocok buat tangan yang sering kering. Dibuat dari bahan TPU berkualitas, casing ini fleksibel tapi kuat, nggak gampang retak atau rusak. Motifnya estetik banget, bikin iPhone kamu terlihat lebih premium dan kekinian. Bahannya juga tahan air dan keringat, jadi tetap aman dipakai sehari-hari. Dengan desain menutupi sebagian sisi, casing ini melindungi bagian tepi HP tanpa mengganggu tombol atau port. Selain terlihat keren, casing ini juga fungsional karena bisa mencegah kerusakan dari benda tajam atau benturan. Cocok buat kamu yang ingin HP aman tapi tetap tampil unik. Kalau kamu pengin HP makin kece, aman, dan estetik, yuk langsung klik linknya sekarang dan bawa pulang CASINGBOO Transparent Red English Lips Glitter Case ini! Beli CASINGBOO Rp15.000 di Shopee

5. Gelang Bracelet Casing Redmi Gelang Bracelet Casing untuk berbagai tipe Xiaomi dan POCO ini hadir dengan desain warna-warni yang imut dan playful, cocok buat Gen Z yang pengin HP tetap aman tapi tampil beda. Bahannya dari silikon dan TPU, lentur tapi kuat, jadi tetap nyaman digenggam tanpa terasa kaku. Ditambah lensa logam yang melapisi bagian tertentu membuat casing lebih tahan lama dan memberi sentuhan estetik. Casing ini juga dilengkapi gelang atau lanyard, jadi gampang dibawa kemana-mana tanpa takut jatuh. Desainnya anti debu dan anti air ringan, bikin HP tetap aman dari kotoran atau cipratan ringan. Cocok buat kamu yang aktif, suka jalan-jalan, atau pengin tetap stylish saat pegang HP. Gelang Bracelet Casing ini kompatibel untuk berbagai tipe, mulai dari Redmi Note 8, 9, 10, 11, 12, 13, POCO series, sampai model A1/A2 dan varian Prime atau Pro Max. Tinggal pilih sesuai tipe HP kamu, semua tetap pas dan aman. Setiap detail casing dibuat supaya tetap fleksibel tapi kuat, bikin HP terlindungi tanpa mengurangi estetika. Bentuknya yang tipis tapi dilengkapi lanyard membuatnya praktis dipakai sehari-hari. Genggam HP nyaman, sekaligus bisa digantung di pergelangan tangan saat lagi buru-buru. Warna-warna ceria dan motif lucu bikin HP jadi aksesoris fashion, bukan cuma alat komunikasi biasa.Kalau kamu pengin HP aman, mudah dibawa, dan tetap terlihat estetik, langsung klik link pemesanan dan pilih Gelang Bracelet Casing Redmi favoritmu sekarang! Beli Gelang Bracelet Casing HP Rp16.999 di Shopee Kalau kamu pengin HP tampil makin estetik, cocok sama gaya favorit Gen Z, dan bikin feed Instagram makin kece, langsung intip beberapa rekomendasi casing ini sekarang. Pilih yang paling sesuai sama vibe kamu, biar setiap hari pegang HP terasa lebih stylish dan personal. Yuk klik linknya dan bawa pulang casing favoritmu! Penulis: Puji Khoirunnisa","Anti Boring, Ini 5 Casing HP Estetik yang Jadi Andalan Gen Z","https://cdns.klimg.com/resized/1200x600/p/headline/anti-boring-ini-5-casing-hp-estetik-yan-83a88d.jpg","https://plus.kapanlagi.com/anti-boring-ini-5-casing-hp-estetik-yang-jadi-andalan-gen-z-83a88d.html","1222","true","true","true","2026-01-10T03:30:30.712157+00:00","","https://www.liputan6.com/"
"Artikel Lain Dari Wuri Anggarini","gen, 5, kamar, bikin, aman, lampu, z, cozy, banget, suasana, led, estetik, dipakai, tidur","id","Bikin kamar makin cozy dan Instagramable dengan lampu estetik pilihan Gen Z. Mulai dari proyektor galaxy, smart bulb RGB, sampai lampu lucu tematik, semuanya praktis dan hemat energi.","2025-12-24T09:00:00+07:00","Makanya punya lampu unik yang estetik dan fungsional itu penting banget buat bikin kamar cozy sekaligus Instagramable.
Ini dia beberapa rekomendasi lampu yang bakal bikin kamar kamu makin estetik ala Gen Z!
Lampu tidur yang lembut warna kuning 2.700K ini cocok banget buat nemenin waktu santai, belajar, atau sekadar bikin kamar lebih estetik.
Lampu Tidur Astronot Milopilo Kamar estetik itu udah jadi kebutuhan Gen Z yang pengin suasana hangat dan nyaman.
Bentuknya kelinci lucu yang bisa jadi hiasan desktop, meja belajar, atau pojok kamar, bikin suasana makin cozy tanpa ribet.","Kapanlagi.com - Kadang setelah padat aktivitas kuliah atau kerja sampingan, kamar jadi tempat paling nyaman buat recharge ala Gen Z. Pencahayaan yang pas bisa bikin mood langsung naik tanpa harus ribet dekor banyak barang. Makanya punya lampu unik yang estetik dan fungsional itu penting banget buat bikin kamar cozy sekaligus Instagramable.

Selain bikin kamar nyaman, lampu yang tepat juga hemat energi dan gampang dipakai berjam-jam. Desainnya compact dan materialnya aman, jadi gampang dipindah, ditata, dan langsung bikin suasana kamar lebih hidup. Dengan pencahayaan yang pas, tiap sudut kamar bisa punya vibe ala Gen Z tanpa usaha ribet.

Ini dia beberapa rekomendasi lampu yang bakal bikin kamar kamu makin estetik ala Gen Z! Dari proyektor warna-warni sampai lampu kelinci yang imut, semuanya praktis, cantik, dan siap jadi dekor favorit. Yuk, langsung intip beberapa rekomendasinya dan pilih lampu favoritmu sekarang!

Advertisement

1. Kiumo Lampu Proyektor Galaxy Kadang setelah padat kegiatan kampus atau kerja sampingan, kamar adalah tempat paling nyaman buat istirahat ala Gen Z. Lampu dengan suasana adem itu penting banget biar kepala nggak penuh terus. Makanya banyak yang cari alat kecil tapi efeknya berasa buat bikin suasana makin enak. Kiumo Lampu Proyektor Galaxy ini salah satu barang yang bisa langsung ngubah mood kamar tanpa usaha besar. Dibuat dari material ABS dan dikemas dalam kotak hadiah, tampilannya rapi dan estetik. Cocok banget buat kamu yang suka dekor kamar sederhana tapi tetap niat. Lampu ini punya 12 kelompok pemandangan cahaya, bisa berputar, dan ada efek Cahaya Arktik yang bikin ruangan berasa lebih hidup. Ditambah 14 mode cahaya dan dua efek proyeksi yang bisa disesuaikan sama vibes kamu. Mau dipakai santai, tidur, atau sekadar chill, semuanya bisa. Proyektor ini juga punya kotak musik Bluetooth bawaan, jadi kamu bisa dengerin lagu favorit sambil nikmatin proyeksi warna-warni. Ada juga tampilan hewan, rasi bintang, dan huruf yang bikin suasana makin fun dan edukatif. Apalagi ukurannya kecil dan gampang dibawa ke mana pun. Isi dalam boxnya lengkap: satu unit proyektor, kabel USB, dan buku petunjuk yang simpel banget. Tinggal colok, pilih mode cahaya, sambungkan musik, dan ruangan kamu langsung berubah jadi cozy banget. Kalau mau bawa pulang lampu proyektor vibes galaxy ini, langsung klik link pemesanannya ya! Beli lampu proyektor Rp263.000 di Shopee (Setelah 8 tahun menikah, Raisa dan Hamish Daud resmi cerai.)

2. WiZ Smart Bulb RGB 8,5W Kamar estetik itu udah jadi kebutuhan banyak Gen Z, apalagi yang suka ngatur pencahayaan biar vibenya dapet. Cahaya yang pas bisa bikin ruangan kecil tetap kelihatan nyaman dan enak dipandang. Makanya punya lampu pintar yang warnanya bisa berubah-ubah itu bikin kamar makin hidup. WiZ Smart Bulb ini punya pilihan warna sampai jutaan kombinasi yang bisa kamu sesuaikan dengan suasana hati. Mau vibe santai, fokus, adem, atau warna cerah buat bikin konten, semuanya bisa kamu atur kapan aja. Bahkan ada mode suasana seperti hangat, fokus, sampai suasana pesta kecil. Pemasangannya juga gampang karena bentuknya sama seperti bohlam biasa, jadi tinggal pasang saja di fitting E27. Daya 8,5 watt dengan listrik 220V bikin lampu ini aman dipakai di kos, kontrakan, maupun rumah. Setelah menyala, lampu bisa langsung diatur lewat aplikasi tanpa perangkat tambahan. Lampu ini juga punya fitur pengatur jadwal, pengubah warna otomatis, sampai kendali suara yang bikin hidup makin praktis. Ada juga fitur pendeteksi gerakan yang bikin lampu menyala sendiri saat kamu baru masuk kamar. Semuanya dirancang biar anak Gen Z bisa punya kamar yang cantik tapi tetap fungsional. Dengan cahaya mencapai 806 lumen dan umur pakai panjang sampai 25 ribu jam, lampu ini awet dan hemat buat jangka panjang. Warnanya lembut dan variatif sehingga cocok untuk nuansa kamar ala estetik yang kamu pengen. Kalau kamu mau pencahayaan yang bisa bikin kamar langsung naik level, yuk klik linknya buat pesan WiZ Smart Bulb ini sekarang! Beli WiZ lampu smart LED Rp93.000 di Shopee

3. LITTLE O LED Night Light Kadang kamar itu butuh sentuhan kecil biar suasananya lebih nyaman dan hangat. Lampu tidur yang lembut warna kuning 2.700K ini cocok banget buat nemenin waktu santai, belajar, atau sekadar bikin kamar lebih estetik. Desainnya kecil, ringan, dan gampang dipindah-pindah jadi makin praktis dipakai kapan aja. LITTLE O LED Night Light hadir dengan material ABS yang kuat, jadi aman dan tahan lama buat dipakai harian. Waktu isi dayanya juga maksimal cuma 3 jam, jadi nggak perlu nunggu lama kalau mau dipakai lagi. Penting banget buat sering diisi biar baterainya tetap awet dan nggak cepat rusak. Menariknya, lampu ini punya banyak variasi warna dan bentuk yang bisa disesuaikan sama gaya kamar kamu. Ada seri CS333-2 dengan pilihan warna merah, ungu, dan peach yang pakai baterai 3.7V serta keluaran daya 0.6W sampai 4.2W. Semua variannya dapat kabel daya, jadi tinggal colok dan aman dipakai kapan pun. Kalau kamu suka meja belajar yang rapi, varian K41 bisa jadi pilihan karena ada tempat khusus buat pulpen dan sudah termasuk rautan pensil. Kapasitas baterainya 250mAh, dayanya 1.6W, dan bisa dipakai dalam dua mode lampu yang bisa dipisah. Tetap memakai material ABS dan sudah termasuk kabel pengisian yang tinggal colok. Kalau kamu mau lampu serba guna yang imut, bisa dibawa ke mana saja, dan pas buat suasana kamar yang cozy tanpa ribet, yuk klik linknya dan pilih varian favoritmu! Beli LITTLE O LED Night Light Rp41.120 di Shopee

4. Lampu Tidur Astronot Milopilo Kamar estetik itu udah jadi kebutuhan Gen Z yang pengin suasana hangat dan nyaman. Lampu tidur unik bisa bikin mood kamar langsung naik tanpa ribet. Apalagi kalau bentuknya lucu dan tema luar angkasa, bikin pojokan kamar makin standout. Lampu Tidur Astronot Milopilo hadir dengan cahaya putih kekuningan 3.000K yang lembut dan menenangkan. Jenis lampunya LED, tegangan cuma 5V, jadi hemat energi dan aman dipakai berjam-jam. Desainnya tematik banget, lengkap sama bulan sabit yang bikin kamar makin aesthetic. Bahannya kayu MDF ringan, aman, dan rapi karena dipotong pakai mesin. Motif astronotnya dicetak pakai stiker vinyl berlaminasi doff, jadi warnanya awet tanpa bau cat kimia. Karena khusus indoor, tampilannya bakal tetap cakep asal nggak kena panas atau hujan langsung. Ada dua pilihan paket sesuai kebutuhan. Paket Lampu Baterai punya cahaya senja lembut, bertahan 1 sampai 3 jam, sudah termasuk baterai dan gantungan tembok, tinggal pasang aja. Cocok buat yang suka tampilan simpel tanpa kabel berseliweran. Kalau mau yang lebih terang dan tahan lama, pilih Paket Lampu dengan Adaptor dengan kabel 2 meter plus adaptor bawaan arus lemah DC, lebih aman dan stabil. Tinggal colok, lampu astronot siap jadi dekor favorit di pojok kamar kamu. Yuk, klik linknya sekarang dan bikin kamar makin estetik! Beli lampu tidur Astronot Rp90.000 di Shopee

5. Lampu LED Rabbit JOODUTP Mau pojokan kamar makin imut dan estetik? Lampu LED Rabbit JOODUTP ini siap jadi dekor favorit kamu. Bentuknya kelinci lucu yang bisa jadi hiasan desktop, meja belajar, atau pojok kamar, bikin suasana makin cozy tanpa ribet.

Cahaya lampu biru 10.000K lembut dan nyaman buat mata, jadi nggak bikin silau walau dinyalakan berjam-jam. Materialnya vinyl, ringan, dan aman dipakai, plus ukurannya compact 10,8 x 8,5 x 4,5 cm, gampang ditaruh di mana aja. Lampu ini kreatif, imut, dan bercahaya, cocok banget buat yang suka dekor kamar bertema lucu. Bisa juga dijadikan hadiah unik buat teman, keluarga, atau pasangan, dijamin mereka bakal senyum-senyum lihat lampu kelinci ini.

Cahaya lembutnya bikin vibe kamar langsung naik, cocok buat santai sambil denger musik atau baca buku. Lampu kelinci ini bisa jadi titik fokus dekor yang cute tanpa bikin kamar terlihat penuh. Setiap detailnya dibuat supaya kamar kamu makin Instagramable. Paketnya sederhana tapi lengkap, termasuk 1 lampu malam, dikemas aman dalam tas OPP tanpa kotak ritel, siap pakai langsung setelah keluar dari kemasan. Praktis banget buat yang suka dekor tanpa ribet. Kalau kamu pengin kamar makin estetik, pojokan lebih hidup, atau lagi cari hadiah lucu tapi berguna, langsung klik linknya sekarang dan dapatkan lampu Rabbit LED ini! Beli lampu tidur LED rabbit Rp13.750 di Shopee Punya lampu estetik itu bukan cuma soal gaya, tapi juga bikin kamar nyaman, hangat, dan praktis buat anak Gen Z. Dengan pilihan lampu yang beragam, dari proyektor, lampu pintar, sampai lampu lucu dan tematik, kamu bisa pilih sesuai mood dan kebutuhan kamar kamu. Yuk, langsung cek beberapa rekomendasinya dan pilih lampu favoritmu supaya kamar makin cozy, Instagramable, dan seru buat semua aktivitas! Penulis: Puji Khoirunnisa","5 Lampu Tidur Estetik yang Bikin Kamar Gen Z Makin Cozy","https://cdns.klimg.com/resized/1200x600/p/headline/5-lampu-tidur-estetik-yang-bikin-kamar--b6b4b7.jpg","https://plus.kapanlagi.com/5-lampu-tidur-estetik-yang-bikin-kamar-gen-z-makin-cozy-b6b4b7.html","1352","true","true","true","2026-01-10T03:30:30.650396+00:00","","https://www.liputan6.com/"
"Wina Afriyani Atika Putri","spinning, bike, rumahalat, pilih, 4, efektif, rekomendasi, santai, terbukti, solusi, latihan, kardio, stamina","id","Ingin latihan kardio intens tanpa ke gym? Ini 4 rekomendasi spinning bike yang praktis, kuat, dan cocok dipakai latihan di rumah untuk bakar kalori maksimal.","2025-12-31T09:00:39+07:00","Bola.com, Jakarta - Menjaga kebugaran kini tak harus selalu ke gym.
Buat kamu yang punya jadwal padat, spinning bike bisa jadi solusi latihan kardio efektif langsung dari rumah.
Alat ini terbukti mampu meningkatkan stamina, memperkuat otot kaki, sekaligus membakar lemak lebih cepat dibanding jogging santai.
Supaya tidak salah pilih, berikut 4 rekomendasi spinning bike yang layak dipertimbangkan untuk latihan intens di rumah.","Bola.com, Jakarta - Menjaga kebugaran kini tak harus selalu ke gym. Buat kamu yang punya jadwal padat, spinning bike bisa jadi solusi latihan kardio efektif langsung dari rumah.

Alat ini terbukti mampu meningkatkan stamina, memperkuat otot kaki, sekaligus membakar lemak lebih cepat dibanding jogging santai. Supaya tidak salah pilih, berikut 4 rekomendasi spinning bike yang layak dipertimbangkan untuk latihan intens di rumah.","4 Spinning Bike Pilihan untuk Latihan Kardio Efektif di Rumah","https://cdn0-production-images-kly.akamaized.net/W0OxCH3HDcxQyFncJMoO7Og7BiM=/1200x675/smart/filters:quality(75):strip_icc():format(jpeg)/kly-media-production/medias/5438298/original/021740800_1765279548-pexels-julia-larson-6456008.jpg","https://www.bola.com/ragam/read/6232525/4-spinning-bike-pilihan-untuk-latihan-kardio-efektif-di-rumah","62","true","true","true","2026-01-10T03:30:28.798692+00:00","","https://www.liputan6.com/"
"Wina Afriyani Atika Putri","petualangan, maksimal, pilih, sepatu, pria, 4, stabil, petualanganmu1, rekomendasi, tanjakan, trendy, slip, outdoor","id","Siap hadapi medan ekstrem? Ini 4 rekomendasi sepatu outdoor pria trendy yang nyaman, tangguh, dan stylish untuk trekking, touring, hingga aktivitas harian.","2025-12-29T09:00:49+07:00","Bola.com, Jakarta - Aktivitas luar ruang menuntut perlengkapan yang tepat.
Salah satu faktor krusial adalah sepatu.
Sepatu outdoor pria trendy yang nyaman, kuat, dan stabil akan membantu menaklukkan berbagai medan, mulai jalur berbatu, tanjakan, hingga kondisi cuaca tak menentu.
Agar tak salah pilih, berikut empat rekomendasi sepatu outdoor pria trendy yang siap menemani setiap langkah petualanganmu.
Hipzo Sepatu Outdoor Anti Slip Casual 011 NAVY","Bola.com, Jakarta - Aktivitas luar ruang menuntut perlengkapan yang tepat. Salah satu faktor krusial adalah sepatu. Sepatu outdoor pria trendy yang nyaman, kuat, dan stabil akan membantu menaklukkan berbagai medan, mulai jalur berbatu, tanjakan, hingga kondisi cuaca tak menentu.

Agar tak salah pilih, berikut empat rekomendasi sepatu outdoor pria trendy yang siap menemani setiap langkah petualanganmu.

1. Hipzo Sepatu Outdoor Anti Slip Casual 011 NAVY","4 Rekomendasi Sepatu Outdoor Pria Trendy untuk Petualangan Maksimal","https://cdn0-production-images-kly.akamaized.net/0-Wa7q3y_oYWOZ7zU2t6sO7jcGo=/1200x675/smart/filters:quality(75):strip_icc():format(jpeg)/kly-media-production/medias/5438282/original/020309600_1765278853-pexels-lureofadventure-10772348.jpg","https://www.bola.com/ragam/read/6232514/4-rekomendasi-sepatu-outdoor-pria-trendy-untuk-petualangan-maksimal","65","true","true","true","2026-01-10T03:30:33.127041+00:00","","https://www.liputan6.com/"
"Wina Afriyani Atika Putri","tersedia, cocok, pro, olahraga, workout, tinju, pemula, tubuh, training, latihan, peralatan, terbukti, home, stres, praktis, stamina","id","Cari peralatan latihan tinju praktis untuk home workout? Rekomendasi lengkap dari punching ball, sarung tinju, hingga pelindung kepala, cocok untuk pemula sampai profesional berlatih nyaman di rumah.","2025-12-25T09:01:46+07:00","Bola.com, Jakarta - Buat kamu yang ingin tetap bugar sekaligus memiliki kemampuan pertahanan diri, latihan tinju bisa jadi pilihan olahraga yang menyenangkan sekaligus menantang.
Menariknya, latihan tinju tak selalu harus dilakukan di ring atau gym profesional.
Dengan Peralatan Latihan Tinju yang tepat, kamu tetap bisa berlatih secara maksimal dari rumah.
Kini tersedia beragam perlengkapan tinju khusus home training yang praktis, mudah digunakan, dan bisa dibeli secara online.
Nah, berikut rekomendasi Peralatan Latihan Tinju yang layak kamu pertimbangkan untuk menemani sesi olahraga di rumah.","Bola.com, Jakarta - Buat kamu yang ingin tetap bugar sekaligus memiliki kemampuan pertahanan diri, latihan tinju bisa jadi pilihan olahraga yang menyenangkan sekaligus menantang. Kombinasi pukulan cepat dan footwork gesit terbukti efektif membakar kalori, memperkuat otot, hingga meningkatkan stamina tubuh. Tak heran, olahraga ini juga sering dijadikan cara sehat melepas stres setelah hari yang padat.

Menariknya, latihan tinju tak selalu harus dilakukan di ring atau gym profesional. Dengan Peralatan Latihan Tinju yang tepat, kamu tetap bisa berlatih secara maksimal dari rumah. Selain lebih fleksibel, latihan mandiri ini juga membantu menjaga fokus dan konsistensi, tanpa harus menyesuaikan jadwal atau keluar rumah.

Kini tersedia beragam perlengkapan tinju khusus home training yang praktis, mudah digunakan, dan bisa dibeli secara online. Nah, berikut rekomendasi Peralatan Latihan Tinju yang layak kamu pertimbangkan untuk menemani sesi olahraga di rumah.","Peralatan Latihan Tinju Praktis untuk Home Workout, Cocok untuk Pemula hingga Pro","https://cdn0-production-images-kly.akamaized.net/jtq8wDIkvmQl2gXiLFRW54KE3rI=/1200x675/smart/filters:quality(75):strip_icc():format(jpeg)/kly-media-production/medias/5437832/original/059435000_1765265404-pexels-cristian-rojas-8810064.jpg","https://www.bola.com/ragam/read/6232250/peralatan-latihan-tinju-praktis-untuk-home-workout-cocok-untuk-pemula-hingga-pro","133","true","true","true","2026-01-10T03:30:33.903234+00:00","","https://www.liputan6.com/"
"Umi Zakiyatun Khasanah","sleeping, aktivitas, tubuh, suhu, dibawa, terjangkau, dingin, perlengkapan, perjalanan, praktis, outdoor, nyaman, tidur, bag","id","Temukan pilihan sleeping bag terbaik untuk menemani petualanganmu, dari yang hangat untuk suhu dingin hingga yang ringkas dan praktis dibawa. Tetap nyaman dan siap menjelajah alam terbuka!","2025-12-19T09:07:09+07:00","Saat ini, banyak sleeping bag harga terjangkau yang menawarkan kehangatan, desain ringkas, dan kenyamanan optimal.
Kenapa Sleeping Bag Jadi Perlengkapan Wajib Outdoor?
Sleeping bag yang tepat akan menjaga suhu tubuh tetap stabil, melindungi dari udara dingin, sekaligus praktis dibawa dalam perjalanan.
Dengan pilihan material, desain, dan fitur yang semakin beragam, sleeping bag kini bisa disesuaikan dengan kebutuhan, mulai dari iklim tropis hingga suhu dingin pegunungan.
Pilihan Sleeping Bag Harga Terjangkau untuk Aktivitas Outdoor","Bola.com, Jakarta - Petualangan di alam terbuka selalu menghadirkan cerita seru. Dari menempuh perjalanan bersama, melewati tengah hutan pinus hingga membangun tenda. Satu hal yang tak boleh dikompromikan adalah kualitas istirahat. Di sinilah peran sleeping bag menjadi krusial.

Tak perlu mahal untuk bisa tidur. Saat ini, banyak sleeping bag harga terjangkau yang menawarkan kehangatan, desain ringkas, dan kenyamanan optimal. Cocok untuk camping, hiking, hingga backpacking ringan, perlengkapan ini siap menemani setiap langkah petualanganmu.

Kenapa Sleeping Bag Jadi Perlengkapan Wajib Outdoor?

Aktivitas outdoor sering kali menuntut fisik bekerja ekstra. Tidur yang cukup dan nyaman membantu tubuh memulihkan energi sebelum kembali beraksi keesokan harinya. Sleeping bag yang tepat akan menjaga suhu tubuh tetap stabil, melindungi dari udara dingin, sekaligus praktis dibawa dalam perjalanan. Dengan pilihan material, desain, dan fitur yang semakin beragam, sleeping bag kini bisa disesuaikan dengan kebutuhan, mulai dari iklim tropis hingga suhu dingin pegunungan.

Pilihan Sleeping Bag Harga Terjangkau untuk Aktivitas Outdoor","Pilihan Sleeping Bag Harga Terjangkau untuk Aktivitas Outdoor, Nyaman Digunakan dan Praktis Dibawa","https://cdn1-production-images-kly.akamaized.net/1UIbgUSyVmXtoGaP2Ar8qqn335Y=/0x220:1999x1347/1200x675/filters:quality(75):strip_icc():format(jpeg)/kly-media-production/medias/5434393/original/099795700_1764926111-Depositphotos_71708039_L.jpg","https://www.bola.com/ragam/read/6229800/pilihan-sleeping-bag-harga-terjangkau-untuk-aktivitas-outdoor-nyaman-digunakan-dan-praktis-dibawa","153","true","true","true","2026-01-10T03:30:33.946705+00:00","","https://www.liputan6.com/"
"Umi Zakiyatun Khasanah","satunya, petualangan, maksimal, jaket, windproof, stylish, tubuh, rekomendasi, hangat, seru, setia, outdoor, nyaman, waterproof, tahan","id","Temukan jaket gunung nyaman, hangat, dan tahan cuaca ekstrem untuk mendukung setiap petualanganmu. Tetap stylish dan bebas bergerak saat menaklukkan puncak!","2025-12-18T09:01:03+07:00","Bola.com, Jakarta - Bagi pecinta alam, mendaki gunung bukan cuma aktivitas melepas penat, tapi ritual yang memacu adrenalin sekaligus membebaskan pikiran.
Salah satunya lewat pemilihan jaket gunung nyaman yang tahan angin, hangat, dan siap menghadapi cuaca ekstrem.
Kini, jaket outdoor hadir dengan teknologi bahan waterproof, windproof, hingga desain yang makin stylish.
Dengan jaket yang tepat, kamu bisa tetap hangat, bebas bergerak, dan tampil keren saat menapaki jalur-jalur menantang.
Yuk, intip rekomendasi jaket gunung yang siap jadi partner setia petualanganmu!","Bola.com, Jakarta - Bagi pecinta alam, mendaki gunung bukan cuma aktivitas melepas penat, tapi ritual yang memacu adrenalin sekaligus membebaskan pikiran. Agar pengalaman makin seru, perlindungan tubuh jadi kunci penting. Salah satunya lewat pemilihan jaket gunung nyaman yang tahan angin, hangat, dan siap menghadapi cuaca ekstrem.

Kini, jaket outdoor hadir dengan teknologi bahan waterproof, windproof, hingga desain yang makin stylish. Dengan jaket yang tepat, kamu bisa tetap hangat, bebas bergerak, dan tampil keren saat menapaki jalur-jalur menantang.

Yuk, intip rekomendasi jaket gunung yang siap jadi partner setia petualanganmu!","Rekomendasi Jaket Gunung Nyaman untuk Petualangan Outdoor yang Maksimal","https://cdn0-production-images-kly.akamaized.net/pB_1J_J-HCYgTQbi1SkQRPVhc74=/0x0:1999x1127/1200x675/filters:quality(75):strip_icc():format(jpeg)/kly-media-production/medias/5434408/original/052384800_1764926754-Depositphotos_690603892_L.jpg","https://www.bola.com/ragam/read/6229808/rekomendasi-jaket-gunung-nyaman-untuk-petualangan-outdoor-yang-maksimal","88","true","true","true","2026-01-10T03:30:33.719902+00:00","","https://www.liputan6.com/"
"Vinsensia Dianawanti","ubah, diesel, plastik, bakar, usia, julian, bensin, plastoline, bersih, tubuh, limbah, mikro, lahir, krisis, brown","id","Intip inovasi ramah lingkungan yang mengubah sampah plastik jadi bensin","2026-01-09T18:00:00+07:00","Fimela.com, Jakarta - Di tengah krisis lingkungan global akibat limbah plastik, muncul secercah harapan dari seorang inovator muda.
Julian Brown, pendiri perusahaan rintisan NatureJab, menawarkan pendekatan radikal terhadap masalah yang selama puluhan tahun dianggap mustahil diatasi.
Lewat sebuah teknologi inovatif, ia berhasil mengubah limbah plastik menjadi bahan bakar yang dapat digunakan, yang ia sebut sebagai plastoline.
Limbah plastik ini mencemari laut, air minum, dan tanah, menewaskan jutaan hewan setiap tahun.
Dari proses inilah lahir plastoline, bahan bakar yang dapat diolah menjadi bensin, bahan bakar jet, hingga alternatif diesel yang lebih bersih.","Fimela.com, Jakarta - Di tengah krisis lingkungan global akibat limbah plastik, muncul secercah harapan dari seorang inovator muda. Julian Brown, pendiri perusahaan rintisan NatureJab, menawarkan pendekatan radikal terhadap masalah yang selama puluhan tahun dianggap mustahil diatasi. Lewat sebuah teknologi inovatif, ia berhasil mengubah limbah plastik menjadi bahan bakar yang dapat digunakan, yang ia sebut sebagai plastoline.

Plastik memang baru marak digunakan secara luas setelah Perang Dunia II, namun dampaknya berkembang sangat cepat menjadi krisis global. Plastik tidak benar-benar hancur, melainkan terurai menjadi potongan mikro yang semakin kecil. Limbah plastik ini mencemari laut, air minum, dan tanah, menewaskan jutaan hewan setiap tahun. Bahkan, mikroplastik telah ditemukan di tubuh manusia, termasuk pada bayi yang baru lahir. Kondisi inilah yang mendorong Julian Brown mencari solusi berbasis teknologi.

Di usia yang baru menginjak 22 tahun, Brown mencuri perhatian dunia lewat temuannya, yakni teknologi microwave pyrolysis bertenaga surya. Berbeda dari metode pirolisis konvensional yang menggunakan pembakaran tidak langsung, Brown memanfaatkan gelombang mikro untuk memanaskan plastik secara lebih efisien. Dari proses inilah lahir plastoline, bahan bakar yang dapat diolah menjadi bensin, bahan bakar jet, hingga alternatif diesel yang lebih bersih.","Plastoline, Teknologi Ubah Limbah Plastik Jadi Bensin dan Diesel yang Lebih Bersih","https://cdn1-production-images-kly.akamaized.net/tq89vCguE0q9rFuVVTxoM_OwQr0=/1200x675/smart/filters:quality(75):strip_icc():format(jpeg)/kly-media-production/medias/5022084/original/003655100_1732601966-apa-itu-oktan-bensin.jpg","https://www.fimela.com/lifestyle/read/6254181/plastoline-teknologi-ubah-limbah-plastik-jadi-bensin-dan-diesel-yang-lebih-bersih","184","true","true","true","2026-01-10T03:30:33.522040+00:00","","https://www.liputan6.com/"
"Anisha Saktian Putri","tanaman, material, ubah, ramah, kain, vietnam, tropis, modern, tekstil, nanas, serat","id","Begini cara Vietnam Ubah Serat nanas Jadi Tekstil Ramah Lingkungan","2026-01-09T16:30:00+07:00","Bukan hanya enak dan bermanfaat bagi kesehatan, ternyata nanas juga bisa digunakan sebagai tekstil ramah lingkungan.
Vietnam memanfaatkan serat daun nanas atau yang dikenal sebagai Ananas Fabric sebagai material tekstil.
Melansir TLD Apparel, pencapaian ini menjadi tonggak penting karena merupakan kesuksesan pertama Vietnam dalam memproduksi material tekstil berbasis serat tanaman secara skala besar.
Kini, melalui inovasi dan teknologi modern, kain nanas menjadi lebih mudah diakses oleh masyarakat luas, sekaligus menawarkan berbagai manfaat alami yang ramah lingkungan.
Sementara di Vietnam, pemanfaatan serat nanas dalam industri tekstil tergolong baru dan mulai berkembang pesat pada abad ke-21.","Fimela.com, Jakarta - Nanas diketahui salah buah dengan rasa asam manis yang menyegar dan mudah ditemukan di negara tropis. Bukan hanya enak dan bermanfaat bagi kesehatan, ternyata nanas juga bisa digunakan sebagai tekstil ramah lingkungan.

Vietnam memanfaatkan serat daun nanas atau yang dikenal sebagai Ananas Fabric sebagai material tekstil. Melansir TLD Apparel, pencapaian ini menjadi tonggak penting karena merupakan kesuksesan pertama Vietnam dalam memproduksi material tekstil berbasis serat tanaman secara skala besar.

Sebelumnya, kain nanas dikenal sebagai material mahal yang dibuat secara manual dan hanya digunakan oleh kalangan elit. Kini, melalui inovasi dan teknologi modern, kain nanas menjadi lebih mudah diakses oleh masyarakat luas, sekaligus menawarkan berbagai manfaat alami yang ramah lingkungan.

Advertisement

Kain nanas—dikenal juga sebagai Piñatex—diproduksi dari daun tanaman nanas, buah tropis yang banyak tumbuh di berbagai negara, termasuk Vietnam. Proses produksinya menggabungkan metode kerajinan tradisional dengan teknologi modern untuk menghasilkan kain yang kuat, lembut, breathable, serta tidak merusak lingkungan.

Kain nanas sejatinya telah digunakan selama berabad-abad. Di Filipina, material ini telah dikenal sejak abad ke-17. Sementara di Vietnam, pemanfaatan serat nanas dalam industri tekstil tergolong baru dan mulai berkembang pesat pada abad ke-21.","Vietnam Ubah Serat nanas Jadi Tekstil Ramah Lingkungan","https://cdn1-production-images-kly.akamaized.net/ZWqn2IF3UxYMgxjnIdK8aiwk0ew=/0x289:5616x3454/1200x675/filters:quality(75):strip_icc():format(jpeg)/kly-media-production/medias/3150829/original/023474200_1591940789-brooke-lark-3A1etBW5cBk-unsplash.jpg","https://www.fimela.com/fashion/read/6253181/vietnam-ubah-serat-nanas-jadi-tekstil-ramah-lingkungan","186","true","true","true","2026-01-10T03:30:35.508261+00:00","","https://www.liputan6.com/"
"Vinsensia Dianawanti","terobosan, fabbrick, daur, ulang, fungsional, batu, ramah, prototipe, merlet, menemukan, limbah, mengembangkan, tekstil, estetik, cetakan, tahan, bata","id","Inovasi berkelanjutan datang dari Prancis yang mengubah limbah tekstil jadi batu bata","2026-01-09T15:00:00+07:00","Maka, FabBRICK pun lahir, sebuah perusahaan yang mengembangkan batu bata dekoratif dan isolatif dari pakaian bekas.
Setiap batu bata menggunakan sekitar dua hingga tiga potong kain bekas kaos yang dibeli Merlet dari pemasok di Normandy.
Tanpa campur tangan manusia dalam proses ini, cetakan menggunakan kompresi mekanis untuk membentuk batu bata.
Batu bata basah ini kemudian dikeluarkan dari cetakan dan dibiarkan kering selama dua minggu sebelum dapat digunakan.
Akhirnya saya menemukan prototipe yang tahan lama, bereaksi baik terhadap api, dan tahan terhadap kelembapan.”","Pada tahun 2017, mahasiswa arsitektur Clarisse Merlet terkejut menemukan jumlah limbah tekstil global yang sangat besar, belum lagi jumlah limbah yang mengejutkan di industri konstruksi. Hal ini membuatnya berpikir dan beride, bagaimana jika ia dapat memanfaatkan sumber daya yang sama yang telah diekstraksi untuk pembangunan?

Maka, FabBRICK pun lahir, sebuah perusahaan yang mengembangkan batu bata dekoratif dan isolatif dari pakaian bekas. Pada April 2019, perusahaan tersebut menerima dukungan dengan menutup putaran penggalangan dana sebesar EUR€10.000 (sekitar US$11.000) yang digunakan untuk mengembangkan mesin pembuat batu bata guna mengindustrialisasi proses produksi.

Setiap batu bata menggunakan sekitar dua hingga tiga potong kain bekas kaos yang dibeli Merlet dari pemasok di Normandy. Selain katun, poliester, elastane, PVC, dapat digunakan dalam proses pembuatannya, dan dengan lem ramah lingkungan yang dikembangkan sendiri oleh Merlet, potongan-potongan kain tersebut pertama-tama dicampur dan kemudian ditekan ke dalam cetakan batu bata. Tanpa campur tangan manusia dalam proses ini, cetakan menggunakan kompresi mekanis untuk membentuk batu bata. Batu bata basah ini kemudian dikeluarkan dari cetakan dan dibiarkan kering selama dua minggu sebelum dapat digunakan.

Dalam sebuah wawancara dengan Brut, Merlet mengatakan bahwa menjadi mahasiswa arsitektur membuatnya mencari cara untuk membangun dengan cara yang berbeda.

“Jadi saya membuat berbagai prototipe dengan berbagai lem ramah lingkungan dan mencoba berbagai cara memasukkan tekstil ke dalam cetakan untuk mengompresnya. Akhirnya saya menemukan prototipe yang tahan lama, bereaksi baik terhadap api, dan tahan terhadap kelembapan.”","FabBRICK, Terobosan Daur Ulang Limbah Tekstil Menjadi Batu Bata Fungsional dan Estetik","https://cdn0-production-images-kly.akamaized.net/3sBqXXjDEFrh57SgBLZqt95yIbE=/1200x675/smart/filters:quality(75):strip_icc():format(jpeg)/kly-media-production/medias/5468218/original/070585000_1767944463-SnapInsta.to_247420157_2936691426660037_1523452434376695794_n.jpg","https://www.fimela.com/lifestyle/read/6254037/fabbrick-terobosan-daur-ulang-limbah-tekstil-menjadi-batu-bata-fungsional-dan-estetik","229","true","true","true","2026-01-10T03:30:35.401623+00:00","","https://www.liputan6.com/"
"Artikel Lain Dari Puput Saputro","siswa, warrior, bocah, mangrove, remaja, pantai, harley, surabaya, 13, tanam, terjun, pelestarian, 18, fatahillah, pesisir","id","Harley Fatahillah yang masih 13 tahun terjun langsung menghijaukan pantai untuk menciptakan lingkungan yang jauh lebih baik. Bagaimana cerita lengkap dari perjuangan remaja hebat yang inspiratif ini?","2026-01-09T16:44:00+07:00","Harley Fatahillah kini menjadi sorotan berkat aksinya menjaga ekosistem pesisir demi masa depan.
Berdedikasi Jadi Mangrove Warrior di Pesisir Surabaya Harley, yang merupakan siswa di SMPN 1 Surabaya, telah menunjukkan komitmen luar biasa dalam menjaga alam.
Ia berhasil menanam dan merawat lebih dari 18.200 pohon mangrove di kawasan pesisir Surabaya.
Aksi heroik ini ia lakukan secara konsisten sebagai bagian dari gerakan konservasi yang dikenal dengan nama Mangrove Warrior.
Jadi Inisiator di Sekolah Tidak hanya aktif terjun langsung ke lapangan, Harley juga membawa semangat pelestarian lingkungan ini ke sekolah.","Kapanlagi.com -

Kesadaran akan kelestarian lingkungan bisa tumbuh sejak usia dini bagi siapa saja. Hal inilah yang dibuktikan secara nyata oleh seorang remaja asal Surabaya. Harley Fatahillah kini menjadi sorotan berkat aksinya menjaga ekosistem pesisir demi masa depan.

Siswa berusia 13 tahun ini telah mendedikasikan waktu dan tenaganya dengan sangat luar biasa. Ia terjun langsung menghijaukan pantai untuk menciptakan lingkungan yang jauh lebih baik. Bagaimana cerita lengkap dari perjuangan remaja hebat yang inspiratif ini?

Baca juga ulasan mengenai aksi pelestarian lingkungan menarik lainnya di liputan6.com.

Advertisement

1. Berdedikasi Jadi Mangrove Warrior di Pesisir Surabaya Harley, yang merupakan siswa di SMPN 1 Surabaya, telah menunjukkan komitmen luar biasa dalam menjaga alam. Ia berhasil menanam dan merawat lebih dari 18.200 pohon mangrove di kawasan pesisir Surabaya. Aksi heroik ini ia lakukan secara konsisten sebagai bagian dari gerakan konservasi yang dikenal dengan nama Mangrove Warrior. Melalui gerakan ini, Harley berupaya melindungi kawasan pantai dari ancaman abrasi serta banjir rob yang sering melanda. Jerhemy Owen Punya Pabrik Sendiri Daur Ulang Sampah, Ubah Botol Bekas Jadi Karya Unik (Setelah 8 tahun menikah, Raisa dan Hamish Daud resmi cerai.)

2. Jadi Inisiator di Sekolah Tidak hanya aktif terjun langsung ke lapangan, Harley juga membawa semangat pelestarian lingkungan ini ke sekolah. Ia menginisiasi program pembudidayaan mangrove di sekolahnya untuk mengajak rekan-rekan sesama siswa ikut peduli. Langkah ini diharapkan dapat menanamkan jiwa konservasi kepada generasi muda sejak dini. Dengan demikian, keberlanjutan ekosistem mangrove di masa mendatang dapat dipastikan tetap terjaga dengan baik. Sixtainability Resmi Diluncurkan, Langkah Liputan6.com Dorong Hidup Lebih Hijau dan Berkelanjutan","Harley Fatahillah, Bocah 13 Tahun yang Sudah Tanam 18 Ribu Mangrove di Pesisir Surabaya","https://cdns.klimg.com/resized/1200x600/p/headline/harley-fatahillah-bocah-13-tahun-yang-s-14c7f0.jpg","https://plus.kapanlagi.com/harley-fatahillah-bocah-13-tahun-yang-sudah-tanam-18-ribu-mangrove-di-pesisir-surabaya-14c7f0.html","255","true","true","true","2026-01-10T03:30:36.289286+00:00","","https://www.liputan6.com/"
"Artikel Lain Dari Puput Saputro","inovasi, smp, bawang, ramah, ciptakan, tinta, surabaya, menciptakan, organik, kulit, spidol, kreatif, raihan, putih","id","Langsung saja, simak cerita lengkap siswa bernama Raihan Jouzu Syamsudin dari SMPN 57 Surabaya berhasil menciptakan inovasi tinta spidol dari kulit bawang putih.","2026-01-08T16:44:00+07:00","Siswa bernama Raihan Jouzu Syamsudin dari SMPN 57 Surabaya berhasil menciptakan inovasi tinta spidol dari kulit bawang putih.
Berawal dari Kepedulian terhadap Limbah Organik Ide brilian untuk menciptakan tinta spidol dari kulit bawang putih ini muncul ketika Raihan mengamati banyaknya limbah dapur yang terbuang sia-sia.
Ia meneliti secara mendalam cara pengolahan tinta spidol dari kulit bawang putih tersebut hingga akhirnya berhasil menciptakan formula yang fungsional.
Langsung Berdampak Positif Bagi Lingkungan Inovasi tinta spidol dari kulit bawang putih karya Raihan ini tidak hanya sekadar penemuan unik, tetapi juga memberikan solusi nyata dalam mengurangi sampah organik.
Produk ini diklaim jauh lebih ramah lingkungan jika dibandingkan dengan tinta spidol berbahan kimia pada umumnya.","Kapanlagi.com -

Aksi kreatif seorang siswa SMP di Surabaya layak diacungi jempol karena kepeduliannya terhadap alam. Siswa bernama Raihan Jouzu Syamsudin dari SMPN 57 Surabaya berhasil menciptakan inovasi tinta spidol dari kulit bawang putih.

Meski terkesan sederhana, inovasi Raihan memberikan dampak positif bagi kelestarian bumi. Raihan menunjukkan bahwa kreativitas bisa lahir dari pengamatan terhadap lingkungan sehari-hari. Penasaran, seperti apa cerita lengkapnya?

Baca artikel tentang aksi pelestarian lingkungan lainnya di liputan6.com.

Advertisement

1. Berawal dari Kepedulian terhadap Limbah Organik Ide brilian untuk menciptakan tinta spidol dari kulit bawang putih ini muncul ketika Raihan mengamati banyaknya limbah dapur yang terbuang sia-sia. Biasanya, kulit bawang tersebut hanya berakhir menjadi campuran kompos atau sampah organik biasa. Alih-alih membiarkannya terbuang, ia mulai berpikir kreatif untuk memanfaatkan limbah tersebut menjadi sesuatu yang jauh lebih berguna bagi pendidikan. Sixtainability Resmi Diluncurkan, Langkah Liputan6.com Dorong Hidup Lebih Hijau dan Berkelanjutan (Setelah 8 tahun menikah, Raisa dan Hamish Daud resmi cerai.)

2. Melalui Proses Penelitian Dengan tekad yang kuat, Raihan mulai mengumpulkan bahan baku dari berbagai pasar dan perkampungan di Surabaya. Ia meneliti secara mendalam cara pengolahan tinta spidol dari kulit bawang putih tersebut hingga akhirnya berhasil menciptakan formula yang fungsional. Kerja keras dan semangat pantang menyerah Raihan akhirnya membuahkan hasil berupa produk inovasi baru yang sangat membanggakan sekolahnya. Kisah Wasito Warga Kendal yang Lestarikan Ekosistem Mangrove

3. Langsung Berdampak Positif Bagi Lingkungan Inovasi tinta spidol dari kulit bawang putih karya Raihan ini tidak hanya sekadar penemuan unik, tetapi juga memberikan solusi nyata dalam mengurangi sampah organik. Produk ini diklaim jauh lebih ramah lingkungan jika dibandingkan dengan tinta spidol berbahan kimia pada umumnya. Melalui langkah kecil ini, Raihan memberikan kontribusi nyata bagi bumi dan membuktikan bahwa inovasi sederhana bisa berdampak besar bagi ekosistem. Sixtainability Resmi Diluncurkan, Langkah Liputan6.com Dorong Hidup Lebih Hijau dan Berkelanjutan","Anak SMP Ciptakan Tinta Spidol dari Kulit Bawang Putih, Inovasi Kreatif yang Ramah Lingkungan","https://cdns.klimg.com/resized/1200x600/p/headline/anak-smp-ciptakan-tinta-spidol-dari-kul-5b50f7.jpg","https://plus.kapanlagi.com/anak-smp-ciptakan-tinta-spidol-dari-kulit-bawang-putih-inovasi-kreatif-yang-ramah-lingkungan-5b50f7.html","295","true","true","true","2026-01-10T03:30:36.012312+00:00","","https://www.liputan6.com/"
"Artikel Lain Dari Puput Saputro","mangrove, ekosistem, rob, kisah, sosok, mengajak, usahanya, lestarikan, suami, kendal, banjir, pesisir, wasito","id","Di tengah ancaman banjir rob tahun 2030, muncul sosok inspiratif bernama Wasito yang aktif menjaga ekosistem mangrove. Seperti apa kisah inspiratifnya?","2025-12-24T13:44:00+07:00","Awal Mula Perjuangan Wasito Inilah Wasito, sosok inspiratif yang bergerak aktif menjaga ekosistem mangrove di pesisir Kendal.
Wasito memulai aksi nyata pelestarian ekosistem mangrove sejak tahun 2006 karena prihatin melihat garis pantai yang mundur.
Raih Penghargaan Kalpataru Melalui usahanya, Wasito berharap ekosistem mangrove dapat kembali berfungsi menahan sedimen dan menghalau bencana.
Tetap Akui Kewalahan Meski telah berusaha keras, Wasito menegaskan bahwa ia tidak bisa berjuang sendirian menghadapi banjir rob.
Shyalimar Malik Cerita Sosok Suami yang Bukan Orang Biasa, Chairman Energi Global yang Peduli Lingkungan","Kapanlagi.com -

Di tengah ancaman banjir rob tahun 2030, muncul sosok inspiratif bernama Wasito. Salah satu pegawai Dinas Lingkungan Hidup di Kabupaten Kendal ini mendedikasikan hidupnya demi menjaga kelestarian pesisir utara Kendal.

Bermula dari usahanya sendiri, Waskito mengajak keluarga lalu orang sekitar untuk melestarikan mangrove di kawasan pesisir tempat tinggalnya. Lantas, seperti apa kisah heroik yang dilakukan oleh Wasito? Langsung saja simak kisah lengkapnya dilansir langsung dari BBC Indonesia berikut ini.

Baca juga artikel tentang artikel pelestarian lingkungan lainnya di liputan6.com.

Advertisement

1. Awal Mula Perjuangan Wasito Inilah Wasito, sosok inspiratif yang bergerak aktif menjaga ekosistem mangrove di pesisir Kendal. Wasito memulai aksi nyata pelestarian ekosistem mangrove sejak tahun 2006 karena prihatin melihat garis pantai yang mundur. Sebelum mengajak warga, iWasito terlebih dahulu memulai langkah kecil dengan mengajak anggota keluarganya sendiri. Wasito menanami kembali lokasi-lokasi pesisir yang telah terdampak abrasi parah. Shyalimar Malik Cerita Sosok Suami yang Bukan Orang Biasa, Chairman Energi Global yang Peduli Lingkungan (Setelah 8 tahun menikah, Raisa dan Hamish Daud resmi cerai.)

2. Raih Penghargaan Kalpataru Melalui usahanya, Wasito berharap ekosistem mangrove dapat kembali berfungsi menahan sedimen dan menghalau bencana. Selain sebagai pelindung fisik, hutan bakau ini juga sangat bermanfaat dalam menyediakan udara segar. Berkat dedikasi dan keringatnya, Wasito dianugerahi penghargaan tertinggi bidang lingkungan, Kalpataru, pada tahun 2020. Sixtainability Resmi Diluncurkan, Langkah Liputan6.com Dorong Hidup Lebih Hijau dan Berkelanjutan

3. Tetap Akui Kewalahan Meski telah berusaha keras, Wasito menegaskan bahwa ia tidak bisa berjuang sendirian menghadapi banjir rob. Pada tahun 2025 ini, frekuensi banjir rob semakin sering terjadi bahkan hampir setiap hari. Tantangan kian berat seiring banyaknya kawasan industri yang membuat pola banjir menjadi tidak pasti. Seniman Gunung Kidul Ubah Limbah Spare Part Motor Jadi Robot Transformer

4. Ajak Berdamai dan Bersahabat dengan Alam Bagi Wasito, kunci utama menghadapi masa depan pesisir adalah dengan mencintai dan bersahabat dengan alam. Wasito berpesan bahwa alamlah yang selama ini menghidupi dan membesarkan umat manusia. ""Menurut saya, kita harus mencinta alam. Alamlah yang membesarkan kita tanpa adanya dengan alam. Kita hidup kosonglah,"" pesan Wasito. Shyalimar Malik Cerita Sosok Suami yang Bukan Orang Biasa, Chairman Energi Global yang Peduli Lingkungan","Kisah Wasito Warga Kendal yang Lestarikan Ekosistem Mangrove","https://cdns.klimg.com/resized/1200x600/p/headline/kisah-wasito-warga-kendal-yang-lestarik-2aae1d.jpg","https://plus.kapanlagi.com/kisah-wasito-warga-kendal-yang-lestarikan-ekosistem-mangrove-2aae1d.html","349","true","true","true","2026-01-10T03:30:36.230174+00:00","","https://www.liputan6.com/"
"Artikel Lain Dari Puput Saputro","melakukannya, 10, lereng, tanam, hektare, menghidupkan, 14, pohon, pelestarian, seluas, pinang, daim, liputan6com, lumajang, simak, lengkapnyabaca, lemongan","id","Da'im (64 tahun) telah berhasil menghidupkan kembali lahan kritis di daerah Gunung Lemongan, Lumajang. Da'im melakukannya dengan belasan ribu pohon pinang sejak tahun 90-an. Langsung saja simak cerita lengkapnya!","2025-12-12T13:44:00+07:00","Da'im (64 tahun) telah berhasil menghidupkan kembali lahan kritis di daerah Gunung Lemongan, Lumajang.
Da'im melakukannya dengan belasan ribu pohon pinang sejak tahun 90-an.
Langsung saja simak cerita lengkapnya!
Baca artikel menarik tentang pelestarian lingkungan lainnya di liputan6.com.","Da'im (64 tahun) telah berhasil menghidupkan kembali lahan kritis di daerah Gunung Lemongan, Lumajang. Da'im melakukannya dengan belasan ribu pohon pinang sejak tahun 90-an. Langsung saja simak cerita lengkapnya!

Baca artikel menarik tentang pelestarian lingkungan lainnya di liputan6.com.","Da'im Tanam 14 Ribu Pohon Pinang Seluas 10 Hektare di Lereng Gunung Lemongan","https://cdns.klimg.com/resized/1200x600/p/photonews/daim-tanam-14-ribu-pohon-pinang-seluas--4347a1.jpg","https://plus.kapanlagi.com/foto/daim-tanam-14-ribu-pohon-pinang-seluas-10-hektare-di-lereng-gunung-lemongan.html","38","true","true","true","2026-01-10T03:30:39.331746+00:00","","https://www.liputan6.com/"
"Artikel Lain Dari Puput Saputro","ribuan, hektar, penasaran, ubah, inpiratif, istiawan, organik, kisah, menghijaukan, pelestarian, mengawali, rosita, perjuangannya, perjuangan, menanam, tandus, lahan","id","Rosita Istiawan memulai perjuangannya menghijaukan tanah tandus 25 tahun lalu. Rosita mengawali dengan menanam ribuan bibit yang gagal karena lahan gersang. Kisah Rosita kini menjadi inspirasi besar bagi banyak orang. Penasaran, seperti apa kisah inspiratifnya?","2025-12-05T18:44:00+07:00","Rosita Istiawan memulai perjuangannya menghijaukan tanah tandus 25 tahun lalu.
Rosita mengawali dengan menanam ribuan bibit yang gagal karena lahan gersang.
Kisah Rosita kini menjadi inspirasi besar bagi banyak orang.
Penasaran, seperti apa kisah inspiratifnya?
Baca artikel menarik tentang pelestarian lingkungan lainnya di liputan6.com.","Rosita Istiawan memulai perjuangannya menghijaukan tanah tandus 25 tahun lalu. Rosita mengawali dengan menanam ribuan bibit yang gagal karena lahan gersang. Kisah Rosita kini menjadi inspirasi besar bagi banyak orang. Penasaran, seperti apa kisah inspiratifnya?

Baca artikel menarik tentang pelestarian lingkungan lainnya di liputan6.com.","Kisah Inpiratif Perjuangan Rosita Istiawan Ubah 30 Hektar Lahan Tandus Jadi Hutan Organik","https://cdns.klimg.com/resized/1200x600/p/photonews/kisah-inpiratif-perjuangan-rosita-istia-8b5619.jpg","https://plus.kapanlagi.com/foto/kisah-inpiratif-perjuangan-rosita-istiawan-ubah-30-hektar-lahan-tandus-jadi-hutan-organik.html","44","true","true","true","2026-01-10T03:30:39.542555+00:00","","https://www.liputan6.com/"
"Artikel Lain Dari Puput Saputro","konservasi, kalaweit, under, forbes, penasaran, berkat, menorehkan, andrew, 30, terbaru, mengkampanyekan, pelestarian, liputan6com, aktif, kampanyekan, lengkapnyabaca, daftar","id","Andrew Kalaweit berhasil menorehkan prestasi gemilang di kancah internasional. Andrew masuk dalam daftar bergengsi Forbes 30 Under 30 Asia 2025 karena keaktifannya dalam mengkampanyekan pelestarian lingkungan. Penasaran, seperti apa fakta lengkapnya?","2025-12-04T16:44:00+07:00","Andrew Kalaweit berhasil menorehkan prestasi gemilang di kancah internasional.
Andrew masuk dalam daftar bergengsi Forbes 30 Under 30 Asia 2025 karena keaktifannya dalam mengkampanyekan pelestarian lingkungan.
Penasaran, seperti apa fakta lengkapnya?
Baca artikel terbaru tentang aksi pelestarian lingkungan lainnya di liputan6.com.","Andrew Kalaweit berhasil menorehkan prestasi gemilang di kancah internasional. Andrew masuk dalam daftar bergengsi Forbes 30 Under 30 Asia 2025 karena keaktifannya dalam mengkampanyekan pelestarian lingkungan. Penasaran, seperti apa fakta lengkapnya?

Baca artikel terbaru tentang aksi pelestarian lingkungan lainnya di liputan6.com.","Andrew Kalaweit Masuk Daftar Forbes 30 Under 30 Asia 2025 Berkat Aktif Kampanyekan Konservasi Lingkungan","https://cdns.klimg.com/resized/1200x600/p/photonews/andrew-kalaweit-masuk-daftar-forbes-30--070f34.jpg","https://www.kapanlagi.com/foto/berita-foto/indonesia/andrew-kalaweit-masuk-daftar-forbes-30-under-30-asia-2025-berkat-aktif-kampanyekan-konservasi-lingkungan.html","41","true","true","true","2026-01-10T03:30:39.631498+00:00","","https://www.liputan6.com/"
"Artikel Lain Dari Aruna Selindra","pantai, ton, bersihkan, teluk, 632, tersebutproses, cilacap, penyu, tersebutbaca, sampah, pandawara, relawan, pembersihan","id","Pandawara Group baru saja melakukan pembersihan di Pantai Teluk Penyu, Cilacap, Jawa Tengah.","2025-11-28T14:36:00+07:00","Pandawara Group baru saja melakukan pembersihan di Pantai Teluk Penyu, Cilacap, Jawa Tengah.
Tidak bergerak sendirian, Pandawara dibantu oleh 1300 relawan untuk membersihkan pantai yang berada di pesisir Selatan Pulau Jawa tersebut.
Proses pembersihan pantai Teluk Penyu sendiri berlangsung dengan lancar.
Pandawara dan para relawan berhasil mengumpulkan 6,32 ton sampah dari pantai yang terkenal di Cilacap tersebut.
Baca berita Pandawara lainnya di Liputan6.com.","Pandawara Group baru saja melakukan pembersihan di Pantai Teluk Penyu, Cilacap, Jawa Tengah. Tidak bergerak sendirian, Pandawara dibantu oleh 1300 relawan untuk membersihkan pantai yang berada di pesisir Selatan Pulau Jawa tersebut.

Proses pembersihan pantai Teluk Penyu sendiri berlangsung dengan lancar. Pandawara dan para relawan berhasil mengumpulkan 6,32 ton sampah dari pantai yang terkenal di Cilacap tersebut.

Baca berita Pandawara lainnya di Liputan6.com.","Pandawara Bersihkan Pantai Teluk Penyu Cilacap, Bersihkan 6,32 Ton Sampah","https://cdns.klimg.com/resized/1200x600/p/photonews/pandawara-bersihkan-pantai-teluk-penyu--40d3f1.jpg","https://www.kapanlagi.com/foto/berita-foto/indonesia/pandawara-bersihkan-pantai-teluk-penyu-cilacap-bersihkan-632-ton-sampah.html","63","true","true","true","2026-01-10T03:30:39.602748+00:00","","https://www.liputan6.com/"
"Artikel Lain Dari Puput Saputro","pertemanan, unik, peduli, system, support, terbaru, uniknya, lestarikan, ikbal, alexander, pelestarian, perkuat, sustainable","id","Ikbal Alexander, influencer yang peduli lingkungan, punya cara unik menjaga lingkungan sekaligus pertemanan. Ikbal menyebut cara uniknya ini sebagai sustainable support system. Seperti apa cerita lengkapnya?","2025-11-27T13:44:00+07:00","Ikbal Alexander, influencer yang peduli lingkungan, punya cara unik menjaga lingkungan sekaligus pertemanan.
Ikbal menyebut cara uniknya ini sebagai sustainable support system.
Seperti apa cerita lengkapnya?
Baca artikel terbaru lainnya mengenai aksi pelestarian lingkungan lainnya di liputan6.com.","Ikbal Alexander, influencer yang peduli lingkungan, punya cara unik menjaga lingkungan sekaligus pertemanan. Ikbal menyebut cara uniknya ini sebagai sustainable support system. Seperti apa cerita lengkapnya?

Baca artikel terbaru lainnya mengenai aksi pelestarian lingkungan lainnya di liputan6.com.","Sustainable Support System, Cara Unik Ikbal Alexander Perkuat Pertemanan dan Lestarikan Lingkungan secara Sekaligus","https://cdns.klimg.com/resized/1200x600/p/photonews/sustainable-support-system-cara-unik-ik-d72a88.jpg","https://www.kapanlagi.com/foto/berita-foto/indonesia/sustainable-support-system-cara-unik-ikbal-alexander-perkuat-pertemanan-dan-lestarikan-lingkungan-secara-sekaligus.html","37","true","true","true","2026-01-10T03:30:39.222749+00:00","","https://www.liputan6.com/"
